# Data from Romero, P. A.; Tran, T. M.; Abate, A. R. Dissecting Enzyme Function with Microfluidic-based Deep Mutational Scanning. Proc. Natl. Acad. Sci. 2015, 112, 7159-7164.
# y represents the experimental measure "enrichment"
# dE is the difference in statistical energy between the variant and the wild type (EVmutation)
variant;y;dE
T17T;0.005051896;0.0
T17A;-0.09;-0.8912587874219753
T17K;-0.18;-2.9029664871632117
T17M;-0.521;-4.72652051426121
T17P;0.382;-3.6939410143986606
T17R;0.31;0.5347178192751016
T17S;-0.19;-0.939642426739738
F18C;-2.681;-10.516836992434945
F18I;-2.531;-6.801453525920807
F18L;-1.204;-4.907006863548304
F18S;-3.0780000000000003;-8.702703556088409
F18V;-2.103;-6.524377712912611
F18Y;-0.638;-7.146056893194327
P19A;-0.957;-6.4310602021178065
P19L;-2.02;-8.206031069094024
P19Q;-0.789;-7.58375312611679
P19R;-1.095;-6.477639394099243
P19S;-0.935;-6.431917632559816
P19T;-0.484;-6.978610410671536
E20A;0.303;1.1897555163304787
E20D;0.014;0.12467824823397675
E20G;-0.32299999999999995;-2.373981431195716
E20K;-0.321;-0.7257406265271129
E20Q;0.361;-1.4824639261660195
E20V;-0.29600000000000004;-2.744525077946946
G21A;0.16899999999999998;-4.634977538029489
G21C;-0.66;-8.315548687391356
G21D;-0.363;-2.6133469762951336
G21R;-0.465;-4.394235026853494
G21S;-0.534;-3.716610500121988
G21V;-0.555;-7.775151325069602
F22C;-1.976;-8.981042451675423
F22I;-2.94;-5.910082441541817
F22L;-2.355;-4.69226857751346
F22S;-3.035;-9.077029059404596
F22V;-2.519;-7.438921719582139
F22Y;-1.903;-6.739084384065792
L23M;-0.197;-4.969910522630017
L23P;-2.846;-7.955633566696293
L23Q;-0.415;-5.482337187024314
L23R;-0.494;-3.427589901803003
L23V;-0.611;-2.514031951252946
W24C;-1.746;-8.691156640066763
W24G;-2.24;-9.430709468305396
W24L;-0.444;-4.131092328403612
W24R;-3.079;-8.179196522323764
W24S;-0.7440000000000001;-8.889903398065599
G25A;-0.861;-6.8365520435618246
G25C;-1.621;-8.488394317332222
G25D;-2.8760000000000003;-9.78012015882632
G25R;-1.405;-9.368678417034973
G25S;-2.804;-6.670568420438941
G25V;-1.546;-10.957516487028556
S26A;-0.131;1.1881806269411754
S26L;-0.271;-4.914825968302465
S26P;-2.133;-10.174616966229225
S26T;0.297;-0.3367172912803653
S26W;0.139;-6.6989735142524305
A27E;-1.885;-9.983744483512963
A27G;0.17800000000000002;-5.357401670895797
A27P;-2.555;-12.494495702919837
A27S;-0.177;-4.095461391694698
A27T;-0.079;-7.186143866525526
A27V;-0.858;-7.866614234266307
T28A;-2.032;-5.8512365096757994
T28K;-2.632;-12.46363564033959
T28M;-1.075;-7.560908142157133
T28P;-0.557;-10.951152571712555
T28R;-1.955;-11.507437803937135
T28S;-2.484;-6.387062987625541
A29E;-1.294;-8.787708642572397
A29G;-0.747;-7.5962261815911925
A29P;-2.079;-8.854887695964864
A29S;-0.202;-3.3298327425145544
A29T;-2.062;-7.145648685997004
A29V;-2.363;-8.31199448605912
S30C;-0.227;-5.837328770850946
S30G;-0.507;-5.341953298790031
S30I;-2.048;-7.3043248524700175
S30N;-2.466;-6.390563465556056
S30R;-1.524;-7.9187730933654175
S30T;-0.894;-6.7933921562944315
Y31C;-2.49;-7.82290895326696
Y31D;-1.431;-9.565209632361077
Y31F;-0.418;-3.958394330646115
Y31H;-2.145;-5.3386094416855485
Y31N;-3.023;-8.229907805143737
Y31S;-0.29100000000000004;-7.973010717782017
Q32E;-0.029;-7.502862663484848
Q32H;-1.297;-7.942221824705484
Q32K;-0.951;-7.684612880037093
Q32L;-2.688;-8.245972040124343
Q32P;-1.181;-7.757560998095869
Q32R;-2.6060000000000003;-8.232389283846715
I33F;-2.337;-7.364685173302861
I33L;0.269;-6.4656696076599465
I33M;-1.148;-5.91920607670545
I33N;-2.404;-6.702440487089916
I33S;-1.732;-6.6784474813866845
I33T;-1.156;-5.359078677755633
I33V;-0.313;-1.6880914906396356
E34A;-0.797;-8.458135112834496
E34D;-1.673;-6.901690503636928
E34G;-2.661;-10.538705237046996
E34K;-2.552;-8.647503911497552
E34Q;-1.53;-8.830590506033332
E34V;-2.5660000000000003;-11.36290669600976
G35A;-1.6030000000000002;-8.031875690504421
G35C;-1.611;-9.886598443667026
G35D;-2.384;-8.533040062942746
G35R;-2.292;-8.661186293091305
G35S;-2.5660000000000003;-7.579473764388241
G35V;-1.311;-8.903871651211148
A36E;-1.474;-8.59607894765577
A36G;-0.29600000000000004;-4.281661544649978
A36P;-1.479;-9.949032130207344
A36S;-0.5489999999999999;-4.694610029713658
A36T;-2.04;-7.860732916269625
A36V;-1.614;-9.043416797823738
A37E;-0.943;-6.954501948674988
A37G;0.071;-5.932653288246911
A37P;-0.7290000000000001;-5.032348399024158
A37S;-0.6629999999999999;-5.385255629967105
A37T;-0.448;-3.0595603607971498
A37V;-0.24;-0.8967913116093769
A38E;-0.13699999999999998;-3.5865611188741013
A38G;0.34;-2.1500929082134235
A38P;-1.087;-5.039365851119669
A38S;-0.043;-2.151295163820919
A38T;-0.175;-2.230356479206762
A38V;-0.289;-5.222698326723162
E39A;0.247;-4.742311991971292
E39D;-0.32299999999999995;-5.303178237867542
E39G;-0.489;-8.0443674090493
E39K;-0.277;-7.010205964164925
E39Q;-0.539;-5.474742130507367
E39V;-0.237;-5.056578418145364
D40A;0.449;-6.046201813565857
D40E;-0.289;-6.914725859031023
D40G;-0.32299999999999995;-3.4230956858300488
D40H;-0.264;-6.127354480231362
D40N;-0.069;-7.696751419825888
D40V;-1.243;-9.361317381626575
D40Y;-0.155;-7.676155666162231
G41A;-0.621;-5.567450787381858
G41C;-0.377;-7.250412503180088
G41D;-0.405;-4.888031447722824
G41R;-0.391;-5.7579847412052905
G41S;-0.436;-5.279403816193736
G41V;-1.3;-7.750637511138848
R42C;-2.174;-8.109231561887555
R42G;-1.132;-7.01116545212426
R42H;-2.336;-8.944959484500032
R42L;-1.749;-8.823550018336391
R42P;-2.5380000000000003;-8.64685744894905
R42S;-1.018;-7.788460799776658
T43A;-0.058;-4.585443491690967
T43K;-0.252;-6.380301778098327
T43M;-0.163;-7.579057905926675
T43P;-0.8909999999999999;-8.218770099621906
T43R;-0.322;-5.235789546561137
T43S;-0.198;-3.9829515622914182
P44A;0.055;-3.531706854031654
P44L;-0.331;-5.695435667694255
P44Q;-0.455;-6.477906871215963
P44R;-0.44;-4.368100468958801
P44S;-0.413;-5.998673174513898
P44T;-0.226;-5.7767111324719735
S45A;-0.361;-6.977929468979711
S45C;0.076;-4.5836041030297565
S45F;-2.189;-10.22563510893633
S45P;-2.465;-9.59774096145702
S45T;-0.71;-6.078217570728158
S45Y;-1.273;-9.539092336432077
I46F;-1.192;-8.260884194714437
I46L;-1.298;-6.935926112644665
I46M;-0.983;-6.415027999355517
I46N;-2.096;-5.967870154585397
I46S;-1.3090000000000002;-6.420345901737164
I46T;-0.8370000000000001;-5.262817597271352
I46V;-0.484;-3.840307262675197
W47C;-1.506;-8.302716759353643
W47G;-2.483;-9.210182361865009
W47L;-0.84;-7.585803536916502
W47R;-2.582;-9.391646089385176
W47S;-0.8370000000000001;-8.069252142926416
D48A;-1.706;-8.127585624280528
D48E;-1.569;-6.66847723744786
D48G;-2.659;-7.870505401510401
D48H;-1.601;-7.155869416608766
D48N;-2.122;-7.717911306124733
D48V;-2.622;-9.2858621759965
D48Y;-0.8079999999999999;-7.867669424886117
T49A;-0.26;-4.880974604486255
T49I;-0.124;-6.117585837277148
T49N;0.142;-7.849700135448074
T49P;-1.503;-8.36393332652915
T49S;-0.335;-6.039274293954804
Y50C;-1.331;-6.2892877172344015
Y50D;-1.68;-6.311632564229512
Y50F;0.106;1.0190476902789671
Y50H;-0.489;-4.912976465100655
Y50N;-1.757;-5.9541225675102405
Y50S;-0.479;-6.020620627597964
A51E;-2.148;-4.712947247006014
A51G;-1.095;-4.051760223084671
A51P;-1.741;-4.198531596943212
A51S;-0.159;1.4239304616403388
A51T;-0.278;-2.3409319927832257
A51V;-0.34;-1.9884272092112951
R52C;-0.39;-6.388319046021934
R52G;-0.34;-4.15885199573313
R52H;-0.278;1.5113329533669455
R52L;-0.614;-4.5568251194781615
R52P;-2.675;-5.3779828852275395
R52S;-0.355;-4.158136929567263
T53A;-0.35;-4.3468814273073795
T53K;-0.28800000000000003;-5.2119635541312155
T53M;-0.208;-5.561082443695342
T53P;-0.653;-7.134855200172751
T53R;0.046;-3.935646247875411
T53S;-0.257;-4.029459132550983
P54A;-0.281;-5.5614106465582145
P54L;-0.457;-7.861348482968423
P54Q;-0.589;-6.798614958272082
P54R;0.023;-6.106539240812707
P54S;-0.214;-6.268308643353522
P54T;-0.731;-7.090238072063017
G55A;-0.521;-7.0027717361772375
G55C;-0.508;-9.030707629486644
G55D;-0.45;-6.508730922700124
G55R;-0.404;-8.543224657252724
G55S;-0.371;-6.972560677975707
G55V;-1.077;-9.532865865545318
R56C;-0.21;-6.021640466405642
R56G;-1.035;-6.2032229948763415
R56H;0.022;-4.177367422031239
R56L;-0.068;-3.9586619783585775
R56P;-0.614;-6.381069375565858
R56S;-0.45;-5.079720730776899
V57A;-1.807;-6.817185130163125
V57E;-2.552;-7.559053567299997
V57G;-1.812;-6.645741901171278
V57L;-1.712;-5.81557477613751
V57M;-2.337;-5.912050493705465
R58C;-0.183;-4.832109017464973
R58G;-1.781;-3.8553327796944363
R58H;-0.32;-0.9212870598848896
R58L;-0.042;1.0199833929073066
R58P;-1.886;-4.54716647551686
R58S;-0.713;-2.8734057632973418
N59D;-2.326;-1.9432056920231844
N59H;-0.08199999999999999;-2.523420304245519
N59I;-2.415;-6.433281776836338
N59K;-2.198;-4.3912713685167555
N59S;-1.953;-4.6608921781335075
N59T;-0.406;-5.005601781660517
N59Y;-1.362;-5.327320851862169
G60A;0.039;-6.273202408730867
G60C;-0.6409999999999999;-8.03975282499323
G60D;-0.552;-4.801284351742652
G60R;-0.18;-6.538563432124647
G60S;-0.376;-5.768756885438052
G60V;-0.5589999999999999;-8.402195607104659
D61A;-0.8059999999999999;-5.809384368832981
D61E;-0.61;-3.4116750425164355
D61G;-2.822;-6.771140316101537
D61H;-1.091;-4.374199105770458
D61N;-0.525;-7.1117220831620225
D61V;-2.852;-7.185111142200185
D61Y;-1.013;-7.718665476511887
T62A;-1.071;-6.464522900700104
T62I;-0.7809999999999999;-6.656697964441264
T62N;-0.556;-2.238690505779232
T62P;-0.815;-6.052808926964643
T62S;-0.54;-2.994229450814601
G63A;-0.47;-3.306899276720287
G63C;-1.579;-7.309529997743084
G63D;-2.571;-8.496460131071219
G63R;-1.715;-7.479661899167695
G63S;-1.741;-6.399024858328629
G63V;-1.7919999999999998;-7.460023968951646
D64A;0.14800000000000002;-3.5239498840021497
D64E;-0.202;-3.1627619476205378
D64G;-0.471;-6.373592445028636
D64H;-0.606;-7.293484011476039
D64N;-0.487;-5.698645538381469
D64V;-0.7040000000000001;-6.455872527069232
D64Y;-0.741;-7.8639870532208525
V65A;-0.703;-4.540203314009887
V65D;-1.5490000000000002;-4.7424223235912
V65F;-0.276;-4.830581256305777
V65G;-0.622;-5.372257152223939
V65I;-0.14300000000000002;-1.0191973527444134
V65L;-0.377;-3.4289948072373586
A66D;-1.965;-9.583239978447324
A66G;-0.3670000000000001;-4.833718309452706
A66P;-1.01;-9.856230437578231
A66S;0.071;-6.553560726545585
A66T;-0.17600000000000002;-5.460623176314584
A66V;-2.451;-7.467252465020465
T67A;-0.877;-0.04872137437632773
T67K;-1.83;-6.4012994251493165
T67M;-2.366;-5.1631777071052065
T67P;-1.137;-3.8801099036936653
T67R;-2.325;-5.837743073634214
T67S;-0.7929999999999999;-3.2618861240480332
D68A;0.006999999999999999;-7.646312662240233
D68E;-0.99;-4.801822398434068
D68G;-0.6970000000000001;-5.327361866620778
D68H;-0.519;-8.24870514250506
D68N;-0.51;-5.597614397876897
D68V;-2.221;-9.699128489450686
D68Y;-1.422;-8.364904422705878
H69D;-0.6559999999999999;-8.081119578169817
H69L;-2.772;-8.118258995769793
H69N;-0.917;-8.780045800682274
H69P;-1.484;-10.601275133304624
H69Q;-1.858;-5.718338213259813
H69R;-3.1180000000000003;-9.15351253553763
H69Y;-0.939;-7.854967233098249
Y70C;-2.249;-8.305200027522005
Y70D;-1.781;-8.410467314250129
Y70F;-0.366;-4.34884779548338
Y70H;-2.648;-6.5083866567711075
Y70N;-2.922;-9.000155065272338
Y70S;-0.64;-8.807361022990337
H71D;-1.5019999999999998;-6.486762569732491
H71L;-1.771;-6.956076454632238
H71N;-0.487;-4.847494241565983
H71P;-0.743;-9.18901576076587
H71Q;-1.074;-6.402440100707282
H71R;-0.7140000000000001;-4.06710176195611
H71Y;-0.6859999999999999;-6.507810649948625
R72C;-0.5760000000000001;-8.623950032708308
R72G;-0.19;-9.650180690239722
R72H;-0.247;-4.834966545413408
R72L;-0.383;-5.465716224340213
R72P;-2.085;-11.78309997657243
R72S;-0.821;-9.421590390489655
W73C;-0.7290000000000001;-5.428333481671871
W73G;-1.778;-6.371504733380789
W73L;-0.514;-3.346569493058269
W73R;-1.2009999999999998;-2.453540564157265
W73S;-0.466;-3.062055124240942
R74C;-0.44;-7.201367540773448
R74G;-0.252;-3.4738902007156867
R74H;-0.314;-4.1799050297486255
R74L;-0.369;-4.289271662131681
R74P;-0.562;-0.565264555028989
R74S;-0.045;-2.926615891155961
E75A;0.002;-4.228860915747647
E75D;-0.119;-0.3865312491861914
E75G;-0.672;-4.545669675280807
E75K;-0.555;-5.579692714709381
E75Q;-0.317;-2.919179935452121
E75V;-0.6679999999999999;-6.895158044195341
D76A;-1.065;-8.810259221130764
D76E;-1.6569999999999998;-7.119036495381807
D76G;-2.982;-8.537101097033883
D76H;-1.339;-7.929724104093112
D76N;-2.513;-8.370270475281359
D76V;-2.944;-8.38984266292573
D76Y;-1.041;-7.802013757075429
V77A;-0.599;-5.767261084155508
V77E;-2.533;-11.302540284718814
V77G;-1.122;-9.909302121976909
V77L;-0.5529999999999999;-3.6756340280790023
V77M;-0.919;-7.603735693947782
A78E;-0.424;-1.3555475083339843
A78G;-0.753;-2.0179974734940056
A78P;-1.101;-6.894556671887585
A78S;-0.3720000000000001;-5.110393772221869
A78T;-0.417;-4.053180202405201
A78V;-0.404;-4.55018086031896
L79M;-0.269;-2.808942392178324
L79P;-2.799;-8.590891535945048
L79Q;-0.593;-5.953920309289969
L79R;-0.742;-6.005805169285623
L79V;0.005;-4.969162435590988
M80I;-0.43;-4.8326385539730845
M80K;-2.763;-10.936112088384109
M80L;-0.404;-3.63664884539321
M80R;-2.336;-10.547710239873707
M80T;-0.7909999999999999;-8.287039883405669
M80V;-0.534;-5.086710552328441
A81E;-0.56;-3.722475246448085
A81G;-0.263;-3.0865007508473354
A81P;-0.7090000000000001;-6.9148000152908935
A81S;-0.198;-0.8268063631985569
A81T;-0.507;-3.670801981141267
A81V;-0.426;-4.241322040732483
E82A;0.032;-2.556553708287538
E82D;-0.238;0.4833396764151985
E82G;-0.5529999999999999;-0.6334641608700622
E82K;-0.309;-3.2925646634830628
E82Q;-0.129;-2.2557496162946795
E82V;-0.579;-6.844867540029553
L83M;-0.189;-2.2029772633341054
L83P;-2.717;-9.291559273829991
L83Q;-0.88;-6.675088988175047
L83R;-1.779;-10.334928174939703
L83V;-0.86;-5.54200391404629
G84A;0.066;-6.277253891933468
G84C;-0.157;-8.634940210871719
G84D;-0.5770000000000001;-5.501524491557689
G84R;-0.036000000000000004;-5.599024055685732
G84S;-0.35100000000000003;-5.853591600087384
G84V;-0.932;-9.217809243854843
L85M;-0.454;-4.318669800775751
L85P;-1.764;-6.660756700924593
L85Q;-0.6759999999999999;-4.597534722001002
L85R;-2.291;-10.136353071031637
L85V;0.337;-0.8541416919206313
G86A;0.74;-3.2755687882890925
G86C;-0.6729999999999999;-7.082884869833832
G86D;-0.181;-2.7915983884631714
G86R;-0.195;-1.9462417180366172
G86S;-0.324;-2.8846054450150405
G86V;-0.378;-6.976183206794302
A87E;-1.597;-7.127593975073978
A87G;-1.085;-4.51670616067713
A87P;-1.119;-10.576415511082814
A87S;-0.46;-3.353574688666413
A87T;-1.009;-4.252279644468217
A87V;-0.809;-5.954039659980482
Y88C;-2.465;-6.8777586658106875
Y88D;-2.1;-12.671511996154551
Y88F;-1.664;-5.38042426982247
Y88H;-2.58;-6.598655127432722
Y88N;-2.909;-8.399589339540396
Y88S;-0.397;-7.994575729157077
R89C;-2.45;-8.769773099230406
R89G;-1.7;-8.430043738630047
R89H;-2.314;-7.216759512419231
R89L;-1.207;-8.186469620057322
R89P;-1.775;-11.549689674815225
R89S;-1.211;-7.362191739586706
F90C;-0.8340000000000001;-8.13760123870452
F90I;-2.898;-7.133416358004979
F90L;-0.87;-3.568731020517589
F90S;-2.541;-9.0921225387101
F90V;-1.476;-7.7320870482581086
F90Y;-0.8859999999999999;-6.252549565688242
S91C;-2.704;-9.860728095787069
S91G;-1.243;-7.390765465324308
S91I;-1.729;-13.064214896093516
S91N;-2.405;-8.602789166995192
S91R;-2.007;-13.064214896093516
S91T;-1.092;-7.226144436296978
L92M;-0.453;-3.9709850517638183
L92P;-2.402;-6.286939442434233
L92Q;-3.049;-10.052160196914427
L92R;-2.427;-9.330438567197348
L92V;-0.758;0.1180377646087436
A93D;-1.783;-6.606783144772635
A93G;-0.113;-5.347530221893976
A93P;-0.468;-6.586075510384035
A93S;-0.039;-0.29378427683877817
A93T;-1.773;-7.301921713394222
A93V;-2.397;-8.166015927826265
W94C;-1.315;-8.06808478160292
W94G;-2.278;-8.428276386632206
W94L;-1.064;-8.050521034317057
W94R;-2.864;-8.497069030066086
W94S;0.232;-8.794206185626535
P95A;-0.625;-4.1589411810091415
P95L;-2.276;-8.374729736867948
P95Q;-1.436;-8.56466828075827
P95R;-1.372;-9.313051944867423
P95S;-0.525;-2.0736430742108496
P95T;-0.523;-3.236487331058015
R96C;-2.6460000000000004;-9.570475066432664
R96G;-2.138;-10.219543493558376
R96H;-2.605;-9.51903321330974
R96L;-1.841;-8.270538015225611
R96P;-1.801;-9.527836318746267
R96S;-1.902;-8.720303546652758
I97F;-0.809;-4.89088457930302
I97L;0.122;-2.9784252190947877
I97M;-0.354;-5.579876005820779
I97N;-1.885;-8.146321729655027
I97S;-1.3769999999999998;-7.243519881678367
I97T;-1.335;-5.902538653304872
I97V;-0.306;-0.6490140477108071
Q98E;-0.34600000000000003;-7.509247443958883
Q98H;-0.204;-5.841543140642897
Q98K;-0.644;-5.6721014279628434
Q98L;-0.546;-3.4590411364624742
Q98P;-0.8440000000000001;-10.819376361505478
Q98R;-0.604;-4.522112868522528
P99A;-0.8240000000000001;-4.837374739965071
P99L;-0.841;-8.248914603669164
P99Q;-0.654;-8.245022212494861
P99R;-0.63;-7.260433592425669
P99S;-0.258;-6.812414254838132
P99T;-0.946;-6.470675848247538
T100A;-0.525;-3.1023486854537623
T100I;-0.536;-6.786388984783117
T100N;0.132;-5.416830847987511
T100P;-0.073;-5.929101922687551
T100S;-0.182;-3.469319029565668
G101A;-0.512;-4.168778603572719
G101C;-0.448;-7.272309647540169
G101D;-0.947;-6.136143772986543
G101R;-0.78;-6.1238395797117855
G101S;-0.5920000000000001;-5.3645693324378945
G101V;-0.237;-4.9291482345634
R102C;-0.085;-6.340323976372019
R102G;-0.363;-3.3517069684203307
R102H;-0.318;-4.009073667421035
R102L;-0.314;-6.1085698849492465
R102P;-0.703;-5.07944339513233
R102S;-0.514;-1.471239721038728
G103A;-0.112;-7.0037525287498275
G103C;-0.146;-9.62484499473976
G103D;-0.7509999999999999;-6.1790124672988895
G103R;-0.414;-6.5406009307989725
G103S;-0.593;-5.935654818953482
G103V;-0.101;-7.02737470408465
P104A;-0.597;-3.1843326041553155
P104L;-0.408;-8.014725452429047
P104Q;-0.434;-6.06902083811292
P104R;-0.581;-4.853871495935892
P104S;-0.442;-6.23020190038369
P104T;-0.447;-6.257382510084425
A105E;-0.513;-6.500457187054052
A105G;-0.5760000000000001;-5.500473804633657
A105P;-1.178;-3.7600151045553503
A105S;0.076;-5.8313007926576566
A105T;-0.45;-5.758273261541035
A105V;-0.223;-3.1647841296580737
L106M;-0.44;-7.0607202216506275
L106P;-0.56;-7.04961035412407
L106Q;-0.473;-3.404547311117767
L106R;-0.5;-2.7381931880853467
L106V;-0.222;2.7500128607061924
Q107E;0.484;-1.7327325173623649
Q107H;-0.202;-5.33280120712834
Q107K;-0.551;-4.996206940373213
Q107L;-0.602;-4.674717673340184
Q107P;-0.065;-2.9496897362291747
Q107R;-0.493;-2.8471887193768453
K108E;-0.491;-2.121492366797611
K108I;-0.31;-4.466124398570173
K108N;-0.41;-3.9674686918115194
K108Q;0.105;-2.333669482244659
K108R;-0.431;1.1888842658408976
K108T;0.076;-3.376250943289051
G109A;0.248;-4.186835685359256
G109C;-0.76;-9.76667617413068
G109D;-2.145;-6.870347802658216
G109R;-0.989;-8.658234697908483
G109S;-0.6859999999999999;-6.99409566929171
G109V;-1.017;-7.190873544741407
L110M;-0.715;-4.691302690967858
L110P;-2.658;-9.480201042892986
L110Q;-1.978;-8.24796981621057
L110R;-1.426;-7.336974507254126
L110V;0.044;-1.4612184134239214
D111A;-0.35600000000000004;-5.6341551386067295
D111E;-0.523;-6.126068518507964
D111G;-0.974;-6.674605164245803
D111H;-1.2009999999999998;-9.160621999777504
D111N;-0.4370000000000001;-8.118668074087509
D111V;-1.135;-9.43151618034608
D111Y;-1.26;-10.932545668832063
F112C;-1.213;-9.054775585933383
F112I;-1.329;-9.537004203319157
F112L;-1.004;-8.548030767824457
F112S;-2.363;-10.615848182104855
F112V;-0.807;-8.410709595365915
F112Y;-0.6609999999999999;-5.954152523219818
Y113C;-2.837;-7.8375519505202655
Y113D;-1.901;-8.967671924888691
Y113F;-1.972;-8.281225353515309
Y113H;-2.947;-7.991209272349351
Y113N;-2.883;-10.302489702249202
Y113S;-0.552;-8.70752854376724
R114C;-0.301;-8.233284007213115
R114G;-1.101;-5.351713478037709
R114H;-0.5760000000000001;-6.651711890051956
R114L;-0.306;-6.362783836073503
R114P;-1.301;-12.126619587613051
R114S;-0.194;-2.2363742440902565
R115C;-0.445;-4.450358847738244
R115G;-0.631;-1.4378199246821168
R115H;-0.316;-3.4125437877592053
R115L;-0.476;-4.309777419443662
R115P;-1.114;-6.932216321226406
R115S;-0.436;-1.2549243316461798
L116M;-0.412;-5.4802322402647405
L116P;-3.023;-9.741208374271082
L116Q;-2.485;-7.446273929723247
L116R;-2.472;-9.178786165079147
L116V;-0.263;-5.041586426752474
A117E;-2.008;-6.181362388864727
A117G;-0.056;-5.3930037057580185
A117P;-1.232;-8.568269332407226
A117S;-0.394;-3.4578257266584838
A117T;0.037000000000000005;0.7566123687793151
A117V;-0.195;1.6132408626035613
D118A;-0.7979999999999999;-5.839026113336331
D118E;-0.544;-5.198154621437425
D118G;-1.425;-6.478242877499723
D118H;-1.416;-8.267966604929825
D118N;-1.069;-6.9424307248118575
D118V;-2.5660000000000003;-8.719361958255378
D118Y;-1.409;-9.319997454098484
E119A;-0.123;-3.096621031874747
E119D;-0.171;-1.9897118438093455
E119G;-0.506;-2.2078449518885463
E119K;-0.5760000000000001;-5.9142417321518215
E119Q;-0.18;-5.306161242800499
E119V;-0.419;-6.860759677601436
L120M;-0.135;-4.597922539292996
L120P;-2.736;-9.93593347565593
L120Q;-1.164;-7.884800912484933
L120R;-2.385;-12.301619743336461
L120V;-0.466;-5.395313672503106
L121M;-0.271;-6.866047972089291
L121P;-2.48;-9.972286897518645
L121Q;-0.447;-6.006081138453737
L121R;-0.3720000000000001;-4.280673004270284
L121V;-0.6659999999999999;-4.85702779579742
A122D;-0.3;-0.3354776071937522
A122G;0.048;-1.1652874744850124
A122P;-0.362;-9.85478622855112
A122S;-0.196;-1.442508774693124
A122T;-0.172;-1.663842249406116
A122V;-0.249;-3.788273315713013
K123E;-0.421;-3.623158013957436
K123I;-0.49;-5.61434814837412
K123N;-0.147;-2.8249585683797704
K123Q;-0.292;-3.4718306353934167
K123R;-0.28600000000000003;-0.15058339356619402
K123T;-0.07400000000000001;-4.3228331084769716
G124A;-0.335;-7.051015689961788
G124C;-0.5670000000000001;-9.259633727066102
G124D;-0.263;-3.8703549385245424
G124R;0.014;-6.2185364602701165
G124S;-0.269;-5.652425865409897
G124V;-0.59;-10.981907006637812
I125F;-2.227;-8.120592248474168
I125L;-0.022;-5.03663084819982
I125M;-0.8109999999999999;-5.513339652718968
I125N;-2.583;-9.020552207278342
I125S;-2.042;-9.66164507348094
I125T;-1.111;-7.755946516638688
I125V;-0.46;-2.8928660030314863
Q126E;0.138;-0.3909113923073164
Q126H;0.047;-4.8761607201668085
Q126K;-0.394;-1.6578132542126696
Q126L;-0.301;-3.8705700703576436
Q126P;-0.703;-7.181197126121331
Q126R;-0.313;-1.0242489711308735
P127A;-1.085;-4.9698053852062
P127L;-0.979;-7.910927281549448
P127Q;-1.4680000000000002;-10.946767780676339
P127R;-1.461;-7.425772126594893
P127S;-0.809;-6.198412268551693
P127T;-0.8959999999999999;-5.7164330201649145
V128A;-0.5660000000000001;-3.116307231524843
V128D;-1.6369999999999998;-9.051678902873393
V128F;-0.212;-4.1401846460212255
V128G;-1.233;-7.809437750171868
V128I;-0.16;-3.6720950603937585
V128L;-0.64;-3.159903331194073
A129D;-1.63;-8.798962846880388
A129G;-0.537;-6.230579776937701
A129P;-0.8170000000000001;-3.0698045493627437
A129S;-0.623;-7.066536590566102
A129T;-0.568;-5.390021973820693
A129V;-0.182;-0.7030812893935945
T130A;-2.5980000000000003;-7.129579080169151
T130I;-1.889;-8.613354859389801
T130N;-0.882;-7.6031964275807695
T130P;-1.164;-11.821963471193953
T130S;-2.289;-8.022234926467718
L131M;-0.413;-5.011983863199929
L131P;-2.9760000000000004;-8.816847166492153
L131Q;-2.615;-7.9457991931576535
L131R;-2.044;-9.926713802069573
L131V;-0.586;-5.4391090499266275
Y132C;-1.146;-7.2151317360039675
Y132D;-1.7519999999999998;-9.476233553268685
Y132F;-0.464;-4.393677152933378
Y132H;-2.256;-5.820839486932528
Y132N;-2.59;-6.541935435954657
Y132S;-0.654;-7.7524574609997225
H133L;-3.179;-11.83223839441689
H133N;-0.941;-8.56541094694694
H133P;-1.089;-10.596421756003108
H133Q;-0.778;-8.36457228137806
H133R;-2.642;-9.351101407315582
H133Y;-2.301;-8.438741035011788
W134C;-2.148;-9.528572803177667
W134G;-2.199;-7.49564499486587
W134L;-0.807;-8.737363690044731
W134R;-2.702;-8.528443566937312
W134S;-0.318;-8.060158173793754
D135A;-0.8170000000000001;-8.324255958439608
D135E;-2.106;-6.2428800341585875
D135G;-2.632;-8.500001286759925
D135H;-1.214;-9.694785269552996
D135N;-2.4530000000000003;-8.06472546047371
D135V;-2.65;-8.343552907375853
D135Y;-1.395;-10.303417439314217
L136M;-0.5489999999999999;-5.693768032453137
L136P;-2.5660000000000003;-9.89590247682645
L136Q;-1.693;-9.305359608031722
L136R;-1.906;-12.166242072275965
L136V;-0.8420000000000001;-8.784783406561472
P137A;-1.585;-9.231323871486893
P137L;-2.0380000000000003;-9.158906161494087
P137Q;-1.277;-9.825209265465674
P137R;-1.268;-11.028461364657232
P137S;-1.679;-8.199742595512364
P137T;-1.475;-9.779131649142073
Q138E;-0.523;-5.742592170878197
Q138H;-0.506;-6.44332169255722
Q138K;-0.974;-6.985170292951808
Q138L;-0.339;-4.496706025049207
Q138P;-0.722;-8.302347224762343
Q138R;-0.708;-5.772414591141568
E139A;0.192;-2.1085114214220084
E139D;-0.18;-2.2004007107279904
E139G;-0.303;-4.851824386365479
E139K;-0.631;-5.956360727126594
E139Q;0.115;-5.406209432396281
E139V;-0.569;-4.081699129783374
L140M;-0.166;-6.399958717305707
L140P;-1.923;-9.51408968987016
L140Q;-0.613;-6.919076831756684
L140R;-0.611;-7.449947023505956
L140V;-0.101;-4.399182699595258
E141A;-0.757;-6.554670239618645
E141D;-0.685;-6.186296043330003
E141G;-1.452;-6.6291213809508935
E141K;-2.527;-10.18763529527996
E141Q;-0.015;-3.3927499771834846
E141V;-2.624;-8.549011539493222
N142D;-0.254;4.835552007109072
N142H;-0.334;-1.889803282178036
N142I;-0.21600000000000005;-2.5386044523729647
N142K;-0.428;-1.2252672354516108
N142S;-0.255;-0.6469775712412229
N142T;-0.219;-0.7742089329876762
N142Y;-0.213;-2.90836482278246
A143E;-0.276;-4.014785967410717
A143G;-0.195;-4.036042496099982
A143P;-0.278;-6.682617551283329
A143S;-0.441;-4.984398011929444
A143T;-0.257;-4.875493303647089
A143V;-0.324;-4.845981059756014
G144A;-0.36;-6.904229106456113
G144C;-0.812;-8.568316577957376
G144D;-1.347;-4.156626323321689
G144R;-0.5;-6.427563954575818
G144S;-1.097;-7.090811813875916
G144V;-1.725;-8.747863624819729
G145A;-1.394;-6.596078709448192
G145C;-1.531;-9.547317832300903
G145D;-2.276;-7.623221049412677
G145R;-1.128;-9.809002225076256
G145S;-2.162;-7.184915005193035
G145V;-1.476;-10.189987580053641
W146C;-1.812;-9.694055519441463
W146G;-1.676;-10.014448359957896
W146L;-1.206;-7.249829219264939
W146R;-3.018;-10.376602512213141
W146S;0.183;-10.793627435006556
P147A;-0.057;-5.862389590205567
P147L;-0.511;-6.134263964280763
P147Q;-0.7170000000000001;-7.674303248517389
P147R;-0.49;-6.332139514539449
P147S;-0.46;-7.269255416462784
P147T;-0.5760000000000001;-3.5819184777283226
E148A;-0.112;-1.7951041520290687
E148D;-0.468;-2.8365525263110385
E148G;-0.5579999999999999;-4.612989809063379
E148K;-0.3670000000000001;-5.220802467165754
E148Q;-0.378;-4.242211639182983
E148V;-0.319;-1.0737639931797958
R149C;-1.91;-9.42890860647276
R149G;-1.505;-7.049314025567582
R149H;-1.085;-7.866634377929586
R149L;-0.504;-7.423330816129237
R149P;-1.3730000000000002;-3.9867456983884035
R149S;-1.308;-6.757900752374552
A150D;0.55;-0.7657110910549818
A150G;-0.061;-2.9867985033779405
A150P;-0.575;-6.435020840362995
A150S;-0.597;-3.2633147488340914
A150T;-0.157;-4.672744301195053
A150V;-0.243;-4.460951494251276
T151A;-0.7240000000000001;-6.757932345079098
T151K;-2.051;-10.823150585479764
T151M;-0.544;-5.646884004414459
T151P;-0.542;-9.030603167993831
T151S;-0.593;-5.8318178012705175
A152E;-1.797;-8.203341927721794
A152G;0.122;-7.277785379898888
A152P;-0.606;-4.497268312004962
A152S;-0.322;-3.257415776291964
A152T;-0.404;-5.360065754761308
A152V;-0.61;-4.131496516030893
E153A;-0.267;-2.94002807016659
E153D;-0.399;-2.4471038486808543
E153G;-0.31;-3.9501422613975583
E153K;-0.631;-5.297042949969182
E153Q;0.042;-3.555503488183604
E153V;-0.455;-5.491928751624641
R154C;-0.266;-6.624718262693932
R154G;0.287;-8.673372739192017
R154H;-0.211;-5.046009794671022
R154L;-0.529;-5.290524057792936
R154P;-1.116;-7.1866209898216775
R154S;-0.105;-7.307525210635504
F155C;-0.8240000000000001;-8.769527985173228
F155I;-0.7929999999999999;-7.344865156559535
F155L;-0.493;-5.029298019590506
F155S;-2.702;-8.284244736842084
F155V;-0.433;-7.8393783566571065
F155Y;-0.674;-4.269531972022378
A156E;-0.4920000000000001;-4.949644462711149
A156G;-0.451;-1.5023615853433512
A156P;-0.578;-9.382674935593966
A156S;-0.502;-5.7590631345156
A156T;-0.675;-4.744912587507315
A156V;-0.612;-5.337280130101135
E157A;0.075;-4.3372114405428865
E157D;-0.259;-1.1341895835357718
E157G;-0.485;-5.682807516300045
E157K;-0.816;-6.500119307545901
E157Q;-0.65;-5.4402076092374045
E157V;-0.8009999999999999;-6.237124757259152
Y158C;-1.274;-9.014379704505473
Y158D;-1.251;-10.245189561345114
Y158F;-0.305;-4.347385303299234
Y158H;-1.579;-6.106748921658436
Y158N;-2.833;-9.52402209691718
Y158S;-0.606;-9.110311189750064
A159D;-1.869;-13.424761393272322
A159G;-0.7;-6.946100694683082
A159P;-1.937;-10.232783456158359
A159S;-1.006;-4.239102077837742
A159T;-0.7490000000000001;-4.919117338242359
A159V;-0.562;-4.8999042147552245
A160E;-0.439;-1.8565343641657817
A160G;-0.166;-0.212789869387052
A160P;-1.167;-7.997130306953977
A160S;-0.259;-2.7414615377492737
A160T;-0.382;-2.6810892348994457
A160V;-0.066;-2.7442002572252018
I161F;-0.293;-4.060287345564575
I161L;-0.295;1.7159831112439858
I161M;-0.17600000000000002;-3.0902842006826177
I161N;-0.861;-4.897426538242144
I161S;-0.32299999999999995;-3.0616833138046786
I161T;-0.51;-0.5970329663941811
I161V;-0.278;0.17451419799181167
A162D;-1.249;-10.46943672093677
A162G;-0.879;-9.425696312717378
A162P;-0.556;-8.783266288741286
A162S;-0.333;-6.068105824323993
A162T;-0.407;-2.778794574589483
A162V;-0.5329999999999999;0.016979705971607473
A163E;-1.4880000000000002;-7.857852278491919
A163G;-0.248;-1.5688872269856802
A163P;-1.592;-9.513300637929207
A163S;-0.355;-5.813526530593662
A163T;-0.479;-5.802161907336996
A163V;-0.381;-4.8545164528977685
D164A;-0.112;-2.0368891843936585
D164E;0.087;-0.2907146829966223
D164G;-0.131;-1.1432191318817786
D164H;-0.21600000000000005;-3.425241502854988
D164N;-0.063;-4.347328377050872
D164V;-0.507;-4.8482288621416965
D164Y;-0.5660000000000001;-5.946773311432481
A165D;-0.684;-9.052675160852232
A165G;-0.598;-5.9759904365828325
A165P;-0.334;-10.543432115810674
A165S;-0.47;-5.478236262843894
A165T;-0.773;-6.0322075684016445
A165V;-0.562;-5.256672589210211
L166M;-0.467;-6.960759221794432
L166P;-2.705;-12.468105243457215
L166Q;-2.991;-12.657184332251404
L166R;-1.912;-11.663614145488735
L166V;-0.7490000000000001;-6.223986943212367
G167A;0.304;-4.639587368745197
G167C;-0.249;-8.217265419581963
G167D;-0.327;-5.853539760057174
G167R;-0.326;-5.6873805076102135
G167S;-0.136;-5.3703332045988645
G167V;-0.391;-8.171937482894919
D168A;-0.612;-7.462680588343915
D168E;-0.5489999999999999;-6.571141576927745
D168G;-0.614;-6.2394021390122125
D168H;-0.768;-8.011848758868268
D168N;-0.486;-7.247120145728672
D168V;-1.5619999999999998;-10.915818337709766
D168Y;-0.617;-9.475539872022978
R169C;-0.267;-8.308469705355492
R169G;-0.597;-5.01179928959391
R169H;-0.257;-6.539593856516375
R169L;-0.488;-5.373087343628868
R169P;-1.001;-8.519158078015607
R169S;-0.196;-5.214007470749493
V170A;-1.702;-4.350285606961734
V170D;-2.935;-6.615073918811959
V170F;-0.7959999999999999;-7.438322984978187
V170G;-1.64;-7.853996351471324
V170I;-0.342;-2.306260424812536
V170L;-0.931;-4.542381855241729
K171E;-0.624;-0.39369703866395866
K171I;-0.7509999999999999;-4.442006172521361
K171N;-0.379;-3.297596244781744
K171Q;-0.348;-1.6804506136832063
K171R;-0.355;-0.12834068668598775
K171T;-0.33;-2.032703337557905
T172A;-0.433;-4.006790562998504
T172I;-0.094;-2.942940561544674
T172N;-0.266;-4.538445492340543
T172P;-1.153;-7.031794246286154
T172S;-0.422;-3.5401628720028384
W173C;-0.589;-9.435661657695164
W173G;-1.713;-9.702797867081244
W173L;-0.997;-7.309800901406561
W173R;-3.012;-9.5548683750726
W173S;-0.536;-10.184470243385023
T174A;-0.35100000000000003;-4.006414524243154
T174I;-0.042;-2.053279177962395
T174N;-0.5429999999999999;-5.355793880422425
T174P;-1.56;-11.85956435642106
T174S;-0.189;-3.2479194307452417
T175A;-2.684;-8.05388806789415
T175K;-2.146;-11.471762769170711
T175M;-2.672;-7.322167984463931
T175P;-1.648;-6.504828473687668
T175S;-0.562;-6.052193584364432
L176M;-0.247;-6.056009900419668
L176P;-2.753;-12.727134384824467
L176Q;-0.92;-7.386818294513433
L176R;-2.303;-11.790150887879465
L176V;-0.116;-6.2017191011946124
N177D;-2.759;-8.589323411169971
N177H;-1.247;-8.033723851734976
N177I;-2.918;-9.482149359410414
N177K;-1.656;-9.663759618269976
N177S;-2.748;-7.8135733909293785
N177T;-0.949;-8.480787609703839
N177Y;-3.047;-9.338479393914897
E178A;-0.8340000000000001;-9.049643978928543
E178D;-2.292;-8.493917984516884
E178G;-3.068;-9.836944774575388
E178K;-2.5380000000000003;-10.036194304153467
E178Q;-1.884;-9.184762264405435
E178V;-3.1;-11.765733180702226
P179A;-1.836;-5.826899782157852
P179L;-2.762;-7.340004460435011
P179Q;-1.5119999999999998;-7.569303507829317
P179R;-2.351;-10.690488604579514
P179S;-2.592;-7.485523087968431
P179T;-1.298;-7.200013454505098
W180C;-1.185;-9.12883513320594
W180G;-1.194;-7.7955381029023565
W180L;-0.76;-6.355253295681906
W180R;-2.545;-8.74112623986366
W180S;-1.536;-7.547731303211548
C181F;-1.003;-8.905307398868901
C181G;-1.348;-7.568938500189687
C181R;-2.702;-9.562097282236211
C181S;-2.629;-7.413879586056282
C181W;-1.959;-8.536166448615402
C181Y;-1.575;-8.8067784330633
S182C;-0.348;-7.304512957056431
S182G;-1.599;-9.01512139306942
S182I;-0.118;-6.067698896247747
S182N;-2.531;-7.576563975134832
S182R;-2.452;-10.099966877650218
S182T;0.268;-4.0673281060408035
A183E;-1.891;-8.974789070678526
A183G;-0.907;-6.465429394826059
A183P;-0.506;-7.383078997809207
A183S;-0.7;-3.2347363377848524
A183T;-1.645;-4.344898323117377
A183V;-2.211;-4.670711552549619
F184C;-0.917;-8.143737517341151
F184I;-2.244;-5.22629944406208
F184L;-1.42;-4.84202614105152
F184S;-1.639;-7.540653196877884
F184V;-1.525;-5.828400491641787
F184Y;-0.8640000000000001;-2.579200977570053
L185M;-0.068;-4.850742334268944
L185P;-1.806;-7.390584662114633
L185Q;-0.858;-4.713371311403535
L185R;-1.837;-7.940239698893492
L185V;-0.645;-4.00712460806426
G186A;-0.603;-6.211327317549149
G186C;-2.147;-8.92058670676488
G186D;-2.775;-9.096747182076797
G186R;-1.321;-10.37660605214478
G186S;-1.274;-6.242890973277099
G186V;-1.7819999999999998;-9.742594036768423
Y187C;-2.604;-9.307920800878492
Y187D;-1.379;-9.715299272109405
Y187F;-2.046;-7.331779169358923
Y187H;-0.991;-4.2328930848962045
Y187N;-3.143;-6.8943450453007245
Y187S;-0.962;-9.012062337526004
G188A;-0.484;-1.7297804860063482
G188C;-0.29600000000000004;-6.1244610704834495
G188D;-0.929;-6.789367100733216
G188R;-1.617;-6.8629208572383495
G188S;-0.654;-4.352266305142621
G188V;-0.966;-5.163720388896762
S189A;-0.374;-3.0411168664286383
S189C;-1.856;-6.9901960954803135
S189F;-1.58;-6.0490197025064845
S189P;-2.843;-8.283834250836662
S189T;-0.847;-4.878389751029316
S189Y;-1.327;-5.9457186132785855
G190A;-0.8740000000000001;-4.698698283542398
G190C;-1.33;-7.363465940790775
G190D;-1.6980000000000002;-5.051593337189843
G190R;-1.969;-7.121548825898572
G190S;-2.006;-6.7404447087574235
G190V;-1.71;-7.394647351913591
V191A;-0.449;-2.2516478974703205
V191D;-0.255;-3.8739774054138247
V191F;-0.486;-6.4326434394133685
V191G;-0.449;-4.0825572215362635
V191I;-0.457;-4.254562406698824
V191L;0.644;-5.722356401442994
H192D;-1.037;-7.705056806238644
H192L;-1.097;-6.016611933466265
H192N;-0.652;-6.88734128381293
H192P;-1.829;-8.729748822135662
H192Q;-0.603;-5.1855980579694005
H192R;-2.754;-7.7568779747798535
H192Y;-2.778;-5.686771246020728
A193E;-1.403;-8.514822123624981
A193G;-0.6559999999999999;-7.5524655617464305
A193P;-0.741;-4.464547742956711
A193S;-1.023;-7.71452606935236
A193T;-2.4330000000000003;-7.65143662243463
A193V;-2.559;-8.105730340929597
P194A;-1.6269999999999998;-7.1611544749066525
P194L;-2.6060000000000003;-8.116845575713343
P194Q;-1.409;-8.261221581129575
P194R;-2.9410000000000003;-7.546394839431741
P194S;-2.854;-8.077395423279086
P194T;-0.674;-7.4108981864046655
G195A;-0.675;-5.807588900304836
G195C;-1.525;-6.770984127055954
G195D;-1.704;-7.698570829535129
G195R;-2.225;-7.143953427756059
G195S;-2.166;-7.976102337725933
G195V;-1.528;-8.642089072087401
R196C;-0.5429999999999999;-9.434893242465478
R196G;-0.511;-8.106154599590807
R196H;-0.544;-6.013444040621835
R196L;-0.562;-5.728956878680037
R196P;-1.7719999999999998;-9.89498755566092
R196S;-0.684;-8.532532418219489
T197A;-0.274;-3.990457646415962
T197I;-0.618;-6.4861321349617365
T197N;-0.361;-6.0884065996124255
T197P;-0.004;-7.017794243221943
T197S;-0.542;-4.90101549809151
D198A;-0.337;-5.318995970304968
D198E;-0.339;-0.20894913049232852
D198G;-0.706;-4.6358828619413535
D198H;-1.101;-5.377834683858964
D198N;-0.261;-2.278305076846209
D198V;-0.815;-4.905775066649767
D198Y;-0.6890000000000001;-6.6899251940340045
P199A;0.365;-3.805162800490507
P199L;-0.753;-4.983564569403826
P199Q;-0.423;-5.0038256446568985
P199R;-0.7809999999999999;-4.03686123335865
P199S;-0.472;-5.2749305953038865
P199T;-0.537;-5.102859878621531
V200A;-0.483;0.19987620640313253
V200D;-0.362;-3.068265222987975
V200F;-0.468;-5.610864336194936
V200G;-0.225;-2.361680640689883
V200I;-0.451;-5.637750653533658
V200L;0.218;-1.8187233921380541
A201D;-0.078;-0.3854976952643483
A201G;-0.123;-3.0323805791267664
A201P;0.004;-4.96820249970915
A201S;-0.669;-2.737020896793183
A201T;-0.609;-3.7782762277056463
A201V;-0.5870000000000001;-3.8992514405545085
A202E;-1.047;-7.422335075785668
A202G;-0.998;-4.660390590850512
A202P;-0.051;-5.067982853746798
A202S;-0.405;-2.5126590510190003
A202T;-0.55;-4.155189631092072
A202V;-0.966;-3.2957248324601096
L203M;-0.63;-6.218236898734119
L203P;-2.875;-7.990528170310426
L203Q;-3.372;-8.956933017776462
L203R;-1.758;-7.708974960831256
L203V;-0.28600000000000003;-4.949797085344472
R204C;-0.348;-7.349012146612949
R204G;-0.42;-6.185069394086895
R204H;-0.47;-4.632016289355307
R204L;-0.438;-4.473067356593674
R204P;-0.7390000000000001;-5.084145032978995
R204S;-0.443;-3.996416427141412
A205D;-2.003;-10.04790160790617
A205G;-0.958;-7.363232390172925
A205P;-1.146;-9.990524369914056
A205S;-0.5379999999999999;-4.929524695202417
A205T;-0.856;-5.517955037073988
A205V;-1.115;-4.049502657853736
A206E;-0.942;-7.7874942154812725
A206G;0.191;-5.408693913021125
A206P;-1.742;-8.276229733157379
A206S;-0.486;-4.648090718277672
A206T;-0.996;-2.8495471584801635
A206V;-0.443;-2.646904344413997
H207D;-0.053;-9.737752324213943
H207L;-2.887;-9.330830616185269
H207N;-1.7180000000000002;-8.606866746828016
H207P;-1.031;-11.109178980583238
H207Q;-2.536;-8.509725456802697
H207R;-2.955;-7.933809773396206
H207Y;-2.47;-7.386717897304152
H208D;-1.369;-10.024655994016939
H208L;-1.753;-8.904312894232135
H208N;-0.391;-5.66347427274377
H208P;-0.691;-10.510212333725118
H208Q;-1.058;-8.201574072412768
H208R;-2.915;-8.297953112185496
H208Y;-0.514;-7.89354470271428
L209M;-0.532;-5.242363368233782
L209P;-2.837;-11.224113696402128
L209Q;-1.505;-6.59446473637945
L209R;-1.938;-9.144989437008917
L209V;-1.943;-7.079511973424815
N210D;-1.49;-11.829534110094755
N210H;-1.008;-7.5375780887898145
N210I;-0.63;-7.9738953943051465
N210K;-2.201;-11.757064503775835
N210S;-0.362;-8.746466722761397
N210T;-0.378;-9.89907173188476
N210Y;-3.0860000000000003;-8.743501017487688
L211M;-0.041;-7.291610201489675
L211P;-2.986;-10.499490548817448
L211Q;-2.251;-9.230289399214598
L211R;-0.47;-6.281806372338907
L211V;-0.313;-5.5750340551894615
G212A;-0.14800000000000002;0.2747951538758571
G212C;-0.509;-6.058656112873905
G212D;-2.227;-9.126573993117743
G212R;-2.068;-8.662699736200011
G212S;-0.374;-4.6718717224875945
G212V;-1.293;-6.986305631952064
H213D;-0.452;-9.25333346890784
H213L;-3.1180000000000003;-8.967668814472745
H213N;-0.659;-6.908293774439926
H213P;-1.4409999999999998;-11.254066567222251
H213Q;-2.584;-5.950081105063872
H213R;-3.11;-9.562358683815548
H213Y;-2.584;-8.746611081500305
G214A;-0.947;-3.9123807937685333
G214C;-0.938;-7.71627800701026
G214D;-2.583;-9.423214367136096
G214R;-0.636;-7.607974367922907
G214S;-2.158;-6.983793854629767
G214V;-1.421;-7.3874735219828835
L215M;-0.256;-4.53635022321032
L215P;-2.982;-11.217107460085574
L215Q;-0.662;-4.769886302121449
L215R;-0.197;-2.2354671362190857
L215V;-0.287;-6.391130365598656
A216E;-1.014;-9.909101404402463
A216G;-0.648;-3.4031687278475147
A216P;-1.095;-10.149705641295439
A216S;-0.69;-5.836721050640335
A216T;-0.662;-6.3524669269218075
A216V;-0.6559999999999999;-6.7139350364741395
V217A;-0.426;-1.6819744973690829
V217D;-2.119;-6.874207103737718
V217F;-0.8;-5.916275108103947
V217G;-0.4270000000000001;-4.172523775521769
V217I;-0.289;-2.4694374141981825
V217L;-0.445;-2.9292092835539734
Q218E;0.295;-2.2808686096832393
Q218H;-0.266;-3.746207350362965
Q218K;-0.441;-3.7840759676405473
Q218L;-0.267;-4.2414607384999945
Q218P;-0.7170000000000001;-3.8337217578300624
Q218R;-0.272;-2.7359266689163637
A219D;-0.743;-6.589291686404067
A219G;-0.023;-5.282171408201974
A219P;-1.685;-7.446940147181351
A219S;-0.053;-4.27767386926098
A219T;-0.014;-4.635016248103057
A219V;-0.128;-1.7549870676011778
L220M;0.066;-3.2869421833638626
L220P;-2.857;-8.669970875136643
L220Q;-1.374;-8.241290426918567
L220R;-1.456;-8.808612186516257
L220V;0.322;-2.7468812855331635
R221C;-0.964;-7.892087575259211
R221G;-0.913;-6.261697253113197
R221H;-0.486;-5.308050199186255
R221L;-1.24;-8.26098142389128
R221P;-2.083;-5.501776462283259
R221S;-0.968;-5.200451417353179
D222A;-0.203;1.6461413222059489
D222E;-0.177;-0.27647338407405186
D222G;-0.4920000000000001;-0.5489159503995324
D222H;-0.48;-3.297722708004585
D222N;-0.386;-3.9093299569722144
D222V;-0.835;-4.061475056987547
D222Y;-0.495;-5.08047954376525
R223C;-0.259;-4.8436002336056845
R223G;-0.601;-1.4024990129983053
R223H;-0.177;-3.7070464099670066
R223L;-0.019;-1.0881653282704065
R223P;-0.8270000000000001;-5.3790752255836205
R223S;-0.403;-1.7614339288902556
A226E;-0.04;-1.7395519198180411
A226G;-0.381;-1.4830465995255508
A226P;0.19;-0.3759699371366878
A226S;-0.325;-0.5491158294244087
A226T;-0.333;-2.3390757627548737
A226V;-0.359;-3.555956479431188
D227A;-0.438;-3.7765556211015783
D227E;-0.555;-3.619606703345198
D227G;-0.392;-1.0328752074565273
D227H;-0.162;-4.332915090966708
D227N;-0.376;-3.8883908052230254
D227V;-0.588;-3.724450378085749
D227Y;-0.527;-6.713650116456847
A228E;-0.831;-4.4788162094700965
A228G;-0.328;-3.7490047507599233
A228P;-0.675;-2.413002873304322
A228S;-0.264;-3.7812674995293487
A228T;-0.313;-3.1650423822138687
A228V;-0.421;-3.97806794969074
Q229E;-0.336;-1.1677969580632634
Q229H;-0.412;-4.581251201252599
Q229K;-0.276;-0.8604005697379762
Q229L;-0.293;-3.370744838604878
Q229P;-0.677;-2.9277997883282296
Q229R;-0.313;-0.31980907017350546
C230F;-0.258;0.3157819085863593
C230G;-0.71;-3.2871511910725535
C230R;-1.254;-1.834038741000768
C230S;-0.755;-2.1634166598105367
C230W;-0.952;-3.1214869904015363
C230Y;-0.611;0.15273797851295967
S231C;-2.062;-5.771432960971652
S231G;-0.294;-2.463730034600303
S231I;-1.7180000000000002;-7.8110729567761155
S231N;-1.173;-7.167760598365476
S231R;-1.501;-7.138478844597558
S231T;-0.936;-4.866412901050354
V232A;-1.029;-3.9599416276141715
V232D;-3.14;-8.381699730703758
V232F;-1.83;-5.148674685413425
V232G;-1.961;-4.822808550683476
V232I;-0.5;-1.0247818744683173
V232L;-0.853;-2.4261488058400573
T233A;-1.584;-3.752824876155501
T233I;-0.684;-5.887847969432187
T233N;-1.499;-6.986458493658573
T233P;-1.226;-6.962606130960921
T233S;-2.017;-1.8182095570514318
L234M;-0.922;-7.092968615976133
L234P;-2.583;-5.53998523368864
L234Q;-3.076;-5.337341210863087
L234R;-2.108;-8.777911940916056
L234V;-1.793;-4.248851754771748
N235D;-1.278;-5.934861867594009
N235H;-0.769;-6.454559945479558
N235I;-1.362;-5.6754609119016095
N235K;-1.324;-8.932771667212364
N235P;0.239;-6.809507430974917
N235S;-2.77;-4.906233897057972
N235T;-0.725;-6.174029787667678
N235Y;-1.759;-6.512740595971991
I236F;-1.011;0.9729410288364306
I236L;0.094;4.201573723907131
I236M;-0.16899999999999998;-0.19764867751200652
I236N;-2.763;-2.6882302686808544
I236S;-1.024;-0.0204817613830528
I236T;-3.052;-0.8528661898035352
I236V;-0.716;0.05833360915312369
H237D;-0.248;-5.8420017312673735
H237L;-0.522;-6.268653978971997
H237N;-0.331;-5.907727611077463
H237P;-0.642;-7.375711518670869
H237Q;-0.197;-3.8133287077653217
H237R;-2.826;-6.324308679428555
H237Y;-2.812;-5.073652691979078
H238D;-0.7120000000000001;-3.1637398650655086
H238L;-0.403;-2.019296477099488
H238N;-0.297;-2.8821096942119766
H238P;-0.608;-1.253938019354791
H238Q;0.024;-0.9381314540078164
H238R;-0.588;-3.042944763245032
H238Y;-0.338;-3.662164706489421
V239A;-0.491;-3.892628356261412
V239E;-2.944;-6.871636783651412
V239G;-0.944;-6.095458525203867
V239L;-0.302;-2.1099398554652
V239M;-0.8340000000000001;-4.423582554933091
R240C;-0.863;-9.112786576828512
R240G;-1.16;-8.21828237482623
R240H;-0.8059999999999999;-6.133640288666357
R240L;-0.934;-5.1638050595720415
R240P;-2.175;-9.178783954031132
R240S;-0.35600000000000004;-6.037606598445564
P241A;-0.925;-1.7562124277130806
P241L;-1.785;-5.428081911740493
P241Q;-0.377;-5.535161217907671
P241R;-0.8029999999999999;-5.562879451906383
P241S;-0.61;-4.002568875204588
P241T;-0.59;-4.380921192324649
L242M;-0.426;-5.7363715757110185
L242P;-2.175;-5.918939616149147
L242Q;-0.528;-4.796163946561137
L242R;-0.465;-2.299740100421332
L242V;-1.123;-4.258055300528213
T243A;-0.557;-5.679992450328427
T243K;-0.7390000000000001;-6.915291740293468
T243M;-0.954;-7.992671318595967
T243P;-1.138;-5.9887674434139635
T243R;-0.547;-5.732117918632866
T243S;-0.172;-3.369245382695226
D244A;0.012;-2.9033880861625216
D244E;-0.116;-2.38935548034533
D244G;-0.359;-1.3666540773356246
D244H;-0.775;-5.547097213069719
D244N;-0.132;-4.710686391170384
D244V;-0.402;-5.764447400061727
D244Y;-0.7;-6.10323760294974
S245A;-0.476;-2.66979299283048
S245C;0.532;-6.612761884000065
S245F;-0.895;-7.095081780233159
S245P;-1.3969999999999998;-6.836789556836719
S245T;-0.391;-2.371517095245508
S245Y;-0.5539999999999999;-7.083207844767458
D246A;0.048;1.2521163891869946
D246E;-0.125;0.6021275593375321
D246G;-0.34600000000000003;-1.9212386958297432
D246H;0.659;-3.414550086809186
D246N;-0.16;-3.9670805951027432
D246V;-0.174;-1.6610876139311586
D246Y;-0.26;-3.817466800483089
A247D;-0.364;-3.2755851637339215
A247G;0.452;-0.6106659521283291
A247P;-0.005;-4.052117233062745
A247S;-0.45;-3.411426938454497
A247T;-0.204;-3.5333478836037098
A247V;-0.106;-4.8387269181894235
D248A;-0.281;-3.8212784299503255
D248E;-1.505;-6.700055173863803
D248G;-1.194;-4.67950411741549
D248H;-0.16899999999999998;-3.7911880482479314
D248N;-0.7809999999999999;-6.010110629340487
D248V;-1.6909999999999998;-5.7241608475633265
D248Y;-1.016;-5.892209972740602
A249E;-0.542;-2.3327062710559403
A249G;-0.312;-2.933442978479434
A249P;-0.888;-1.6136759304827135
A249S;-0.369;-2.8498463715623075
A249T;-0.637;-2.0113404203202663
A249V;-0.315;-2.347618021582093
D250A;-0.623;-2.8169785954232798
D250E;-0.399;-1.6283627496886766
D250G;-0.534;-5.465765193664993
D250H;-0.245;-5.131118276790403
D250N;-0.327;-5.047253675473256
D250V;-0.846;-5.714528042815799
D250Y;-0.902;-7.386352271380018
A251D;-1.285;-7.22501997908148
A251G;-0.933;-6.085016760487632
A251P;-1.366;-7.467885751396352
A251S;-0.4;-6.4720640996529255
A251T;-0.514;-6.850457607564748
A251V;-0.7959999999999999;-4.6279262847619975
V252A;-0.201;1.2763555765013734
V252E;-0.784;-5.047542838332447
V252G;-0.35600000000000004;-4.326743548252125
V252L;-0.593;-3.5487888891984767
V252M;-0.7559999999999999;-3.3846612794113757
R253C;-1.52;-7.980243986294226
R253G;-1.157;-5.8567184358107625
R253H;-1.715;-4.29624438391329
R253L;-1.479;-5.247490240333718
R253P;-2.834;-7.579751465893422
R253S;-0.866;-5.75477728990154
R254C;-0.491;-8.820876189040973
R254G;-0.911;-7.314393863220174
R254H;-0.568;-6.187081079138807
R254L;-0.938;-5.6541037833085275
R254P;-1.534;-8.884340787713883
R254S;-0.545;-7.11921711715695
I255F;-0.41;-6.399404677435541
I255L;-0.58;-4.652318903938067
I255M;-0.365;-6.384234588419532
I255N;-2.541;-7.3194025429329495
I255S;-0.708;-5.961833870590907
I255T;-1.021;-5.55372827447718
I255V;-0.463;-2.3388660541531863
D256A;-0.471;-5.906586467928718
D256E;-0.57;-3.1859186369620147
D256G;-1.311;-6.359335685569519
D256H;-0.899;-5.8850291763483265
D256N;-1.212;-6.204124651703751
D256V;-2.422;-7.093290121774771
D256Y;-1.207;-5.880574215087107
A257E;-1.117;-5.266661374264459
A257G;-0.578;-2.498998968711476
A257P;-2.264;-6.9525522949174965
A257S;-0.703;-4.671916658832288
A257T;-0.578;-4.488552717967195
A257V;-0.802;-4.481775081987962
L258M;-0.264;-3.456298470870024
L258P;-2.886;-8.008412691854119
L258Q;-0.872;-4.619813605626406
L258R;-1.052;-5.725866539520212
L258V;-0.454;-0.4294599062595808
A259D;-0.912;-6.203843128299923
A259G;-0.532;-1.5945363569453548
A259P;-1.968;-8.536301665477367
A259S;-0.546;-4.092268090161723
A259T;-0.657;-4.970964004955022
A259V;-1.171;-5.521189602278356
N260D;-1.621;-6.994647712694133
N260H;-0.337;-5.669174512033352
N260I;-1.989;-6.667700778460129
N260K;-1.361;-8.002965243653309
N260S;-1.258;-6.9035632912709834
N260T;-0.268;-3.174905420077266
N260Y;-3.036;-6.116365674976407
R261C;-1.232;-8.610664671719633
R261G;0.617;-4.061121357346565
R261H;-1.374;-6.2006246301025385
R261L;-1.367;-5.716051624318425
R261P;-1.281;-8.29814643399368
R261S;-0.8029999999999999;-7.20479355313546
V262A;-0.503;-3.5520419624081114
V262D;-2.275;-7.39015162589567
V262F;0.171;-4.256209132829099
V262G;-0.986;-6.177963299008298
V262I;0.033;-1.4262503828067563
V262L;-0.698;-3.1300017045796267
F263C;-1.4169999999999998;-8.662676508376535
F263I;-3.447;-7.691840281302575
F263L;-2.859;-7.494000647639041
F263S;-3.242;-8.028784418558644
F263V;-0.969;-6.948978572139822
F263Y;-1.197;-5.986692431593838
T264A;-0.662;-3.964188427606132
T264I;-0.411;-4.5602885015905485
T264N;-1.578;-6.397772645538452
T264P;-0.8109999999999999;-5.886671872733133
T264S;-0.735;-3.4687900910212197
G265A;-1.064;-5.677135989993986
G265C;-0.957;-8.567353968715906
G265D;-0.782;-3.441112464017351
G265R;-0.994;-6.814794394929778
G265S;-0.779;-6.005837210064782
G265V;-0.708;-7.747736502496991
P266A;-0.35;-4.6976501533463315
P266L;-2.722;-7.056767760581352
P266Q;-1.262;-8.497881864952433
P266R;-1.871;-8.858862021847019
P266S;-2.0380000000000003;-6.301215737603343
P266T;-1.094;-5.167017776981083
M267I;-0.439;-2.7037100178276887
M267K;-2.867;-8.71561012937309
M267L;-0.439;-2.2920490893010306
M267R;-1.771;-9.124010012146755
M267T;-1.12;-5.897178976068973
M267V;-1.015;-2.84780126241094
L268M;-0.258;-5.8082388855673335
L268P;-3.063;-11.323552109632145
L268Q;-1.735;-7.522492330923343
L268R;-2.156;-7.077445751105187
L268V;0.348;-5.871652242449273
Q269E;0.013;2.0455672764364863
Q269H;-0.336;2.0139586641453207
Q269K;-0.19;1.8937666382771567
Q269L;-0.35600000000000004;0.9644233691142289
Q269P;-1.325;-3.3362667568653706
Q269R;-0.254;2.8720666215012898
G270A;-0.08900000000000001;-4.128688904893352
G270C;-0.603;-8.314497295286857
G270D;-2.504;-7.178647351889595
G270R;-0.171;-5.469464307847375
G270S;-0.5660000000000001;-6.473179957485628
G270V;-1.143;-8.488033003699456
A271E;-0.15;-3.4892187543666036
A271G;0.118;-2.6824164713980285
A271P;-2.241;-6.3305863738714825
A271S;-0.511;-2.076964229687292
A271T;-0.344;-3.8337613173061986
A271V;-0.188;-4.234514329622471
Y272C;-1.834;-7.92762577209578
Y272D;-1.433;-10.306668388463551
Y272F;-0.912;-6.095142942215261
Y272H;-3.033;-6.96763624715004
Y272N;-2.712;-9.033916017426236
Y272S;-0.784;-7.777613678782017
P273A;-0.221;-5.250424525318521
P273L;-2.55;-7.530136841472995
P273Q;-0.7090000000000001;-8.073314915017363
P273R;-2.917;-6.8962134067351135
P273S;-0.55;-5.8198926333134295
P273T;-0.918;-6.8486850369554295
E274A;-0.322;-1.9871157229572416
E274D;-0.251;-2.217345588373064
E274G;-0.444;-5.266589093189396
E274K;-0.5539999999999999;-5.010416816927319
E274Q;-0.077;-3.183588300365954
E274V;-0.495;-4.708024542714156
D275A;-0.429;-5.044374572018569
D275E;-1.56;-3.5443800901048235
D275G;-1.652;-4.562172167177779
D275N;-1.413;-6.522878235082318
D275V;-2.428;-5.2907635441279135
D275Y;-1.851;-6.866889152217483
L276M;-0.419;-4.94151420154958
L276P;-2.902;-7.0437994991689274
L276Q;-2.846;-8.20821418579817
L276R;-2.39;-8.017374970831497
L276V;0.273;-3.3174330431502312
V277A;-0.562;-2.0328354362936807
V277D;-1.971;-2.450016212472292
V277F;-0.424;0.3769542204054233
V277G;-0.895;-2.9305012547213214
V277I;-0.004;1.4668017462345233
V277L;0.07;2.2522173473071234
K278D;1.255;-0.02957335858081933
K278E;-0.255;1.0505838004028192
K278I;-0.489;-3.214762513854112
K278N;-0.282;-1.56211304187309
K278Q;-0.528;-0.6258931417287386
K278R;-0.14400000000000002;0.9906116639904212
K278T;-0.065;-0.20339614239912865
D279A;-1.03;-5.14665943263276
D279E;-0.482;-4.740661199693932
D279G;-1.399;-6.224606315503478
D279H;-0.393;-5.473512516691699
D279N;-0.586;-6.697075251178831
D279V;-1.3159999999999998;-6.094760869680612
D279Y;-0.662;-6.658431854360971
T280A;-1.162;-6.4127778717302135
T280I;-0.818;-6.865550427901327
T280N;-0.993;-9.357057765337174
T280P;-1.907;-7.919367462865921
T280S;-0.8690000000000001;-8.504322209657403
A281D;-0.08199999999999999;-4.278953043254661
A281G;0.13;-4.386959245375691
A281P;-2.27;-5.149938109649156
A281S;-0.359;-3.156344223247288
A281T;-0.355;-4.706761517276392
A281V;-0.21;-6.1979297804409725
G282A;-0.039;-0.04942827880222467
G282C;-0.21600000000000005;-4.54229932540693
G282D;-0.274;-1.3205866475473158
G282R;0.119;-0.2924953924521105
G282S;-0.081;-0.4815911569990021
G282V;0.14400000000000002;-3.3246037518665617
D285A;-0.264;-7.033291271072812
D285E;-0.5589999999999999;-7.584256271845334
D285G;-0.826;-6.764904737393408
D285H;-0.28;-9.412570131014943
D285N;-0.335;-8.128417644105866
D285V;-1.425;-6.996014942509646
D285Y;-1.506;-9.098314191254758
W286C;-1.76;-9.448759222693297
W286G;-1.621;-6.5335857985846815
W286L;-1.253;-5.739361538020603
W286R;-3.159;-6.232008698825665
W286S;-2.126;-6.894740384257602
S287A;-0.07400000000000001;-2.568793644197285
S287C;0.224;-7.546149566052009
S287F;-0.226;-5.95602739442802
S287P;-0.725;-4.971475113903581
S287T;-0.435;-4.598520174811711
S287Y;-0.197;-6.894033791606488
F288C;-0.294;-6.398431575385074
F288I;-3.057;-8.032290376974743
F288L;-3.238;-4.429892295862373
F288S;-3.417;-7.503435171413002
F288V;-0.574;-4.628238209479606
F288Y;-0.417;-6.832431856216317
V289A;-0.603;-6.7402240945302765
V289E;-1.994;-6.874541213999692
V289G;-1.543;-7.852130176477657
V289L;-0.7929999999999999;-4.9033459529455286
V289M;-0.792;-6.58908889315353
R290C;-0.425;-6.027439330614697
R290G;-0.184;-4.944439075945412
R290H;-0.341;-1.3239092589319623
R290L;-0.185;-2.147160994253454
R290P;-2.277;-4.582644227934907
R290S;-0.48;-5.015657856244161
D291A;-0.08900000000000001;-3.2895952288445187
D291E;-0.327;-2.8392351427473836
D291G;-0.35;-5.215669096968668
D291H;0.318;-5.6499320303255445
D291N;-0.404;-5.502647230311595
D291V;-0.623;-6.862861145314128
D291Y;-0.626;-8.39716481898813
G292A;-0.06;-5.531787289502971
G292C;-0.341;-9.562400565526332
G292D;-0.22;-4.305742685130099
G292R;-0.28300000000000003;-6.259064642810698
G292S;-0.38;-6.503431754401389
G292V;-0.187;-8.426294921977387
D293A;-2.162;-7.161439808280193
D293E;-1.736;-6.3284306296664
D293G;-3.43;-7.947104972372473
D293H;-1.025;-7.721780144373042
D293N;-2.9530000000000003;-8.589256823401229
D293V;-3.2230000000000003;-8.53878011713391
D293Y;-0.978;-8.481912814459065
L294M;-0.285;-2.7229578314436367
L294P;-0.449;-2.985484502074541
L294Q;-0.705;-4.757969262385814
L294R;-0.5329999999999999;-4.837675217655487
L294V;0.238;-3.1964956845040438
R295C;-0.318;-4.442932878295324
R295G;-0.174;-0.4410951053432655
R295H;-0.479;-2.5145948952413164
R295L;-0.3670000000000001;-1.8032200281595576
R295P;-0.153;-0.7830719643970951
R295S;-0.414;-0.7320845372560143
L296M;-0.194;-4.219042939337669
L296P;-2.094;-5.056618847885601
L296Q;-0.35100000000000003;-0.9864885436199984
L296R;-0.333;-1.8231645974865387
L296V;0.769;-0.7370601116763282
A297E;-0.99;-6.0624257860581565
A297G;0.181;-5.473585603389439
A297P;-0.851;-4.9876869351828645
A297S;-0.335;-4.044843661813502
A297T;-0.065;-2.041784894963712
A297V;-0.126;-0.04956346506151022
H298D;-0.615;-5.964524000788515
H298L;-0.64;-5.075749778788179
H298N;-0.617;-2.1710568709386284
H298P;-0.913;-5.222145796622499
H298Q;-0.343;-3.8035556989880206
H298R;-0.621;-2.701764578538132
H298Y;-0.369;-5.939456489879376
Q299E;-0.349;-5.111010929416351
Q299H;-0.479;-3.3570546439254936
Q299K;-0.523;-6.5134175992629935
Q299L;-1.2;-6.100425848076612
Q299P;-0.612;-5.5757067612652245
Q299R;-0.55;-2.5507566666233292
K300E;-0.309;-1.251386499331602
K300I;-0.55;-3.061966489551196
K300N;-0.3670000000000001;-2.3490354324767395
K300Q;-0.122;-1.9923422824995212
K300R;-0.37;1.035799242767098
K300T;-0.289;-0.6460515348026092
L301M;-0.648;-4.716539175253273
L301P;-1.6;-4.98714917867983
L301Q;-2.632;-7.139333357798022
L301R;-1.616;-8.432600070870649
L301V;-0.711;-3.1417774501514937
D302A;-0.326;-5.196250266324569
D302E;-0.555;-4.801696987997616
D302G;-1.362;-5.817356668774664
D302H;-1.409;-6.3675105359106965
D302N;-0.565;-5.389949350861571
D302V;-3.313;-8.157826888480487
D302Y;-1.509;-7.711550152962445
F303C;-0.175;-5.143039580556434
F303I;-0.923;-3.1892519780758453
F303L;-0.8240000000000001;-1.6252906438039645
F303S;-1.083;-2.343714049709888
F303V;-0.396;-0.8262823377808672
F303Y;-0.693;-3.537718641220636
L304M;-0.401;-4.124335818201871
L304P;-3.278;-10.091115439799976
L304Q;-3.267;-7.668805657165649
L304R;-1.406;-10.101468774859313
L304V;-0.193;-4.460062111174921
G305A;-1.273;-3.932758249704421
G305C;-1.247;-4.561850634527218
G305D;-2.95;-9.300944212591276
G305R;-2.029;-8.881684619162115
G305S;-1.48;-5.107742699101436
G305V;-1.4680000000000002;-8.691690575346001
V306A;-1.455;-6.436682900437517
V306D;-3.153;-10.280646489833089
V306F;-0.8029999999999999;-5.587970403221334
V306G;-1.406;-9.484185320216056
V306I;-0.287;-2.1669347352653863
V306L;-0.322;-2.427217364544049
N307D;-2.994;-7.6374643713397745
N307H;-2.17;-8.576263832212135
N307I;-2.649;-8.999421224309117
N307K;-1.358;-9.637607040396688
N307S;-2.985;-6.848557066778085
N307T;-1.391;-8.457703217633025
N307Y;-3.159;-12.750542610105242
Y308C;-3.017;-7.081414096581284
Y308D;-0.8370000000000001;-9.364362073216398
Y308F;-0.508;-4.477930456167087
Y308H;-2.753;-4.648758822469972
Y308N;-2.992;-5.143970583209011
Y308S;-0.963;-8.07708023244777
Y309C;-2.685;-9.928107173742092
Y309D;-1.651;-9.21489223520166
Y309F;-2.319;-8.313046250143088
Y309H;-2.772;-8.978029864181734
Y309N;-3.143;-11.346332616247311
Y309S;-1.224;-9.28295366029124
S310A;-0.297;-1.7837061826521676
S310L;-2.645;-4.304510471587491
S310P;-3.197;-7.201691909962393
S310T;-0.655;0.5483799212870508
P311A;-1.09;-5.526523888500378
P311L;-2.72;-7.046511829397787
P311Q;-1.137;-6.248474178813923
P311R;-1.306;-4.132200196982012
P311S;-1.5319999999999998;-4.022364776020596
P311T;-0.649;-2.8023146431805803
T312A;-1.21;-2.33261513155594
T312I;-2.007;-4.145027710052092
T312N;-0.4370000000000001;-3.475513477023924
T312P;-1.843;-6.790741939286817
T312S;-0.442;-1.6982654208986787
L313M;-0.312;-4.98361352538268
L313P;-1.98;-5.704588077020162
L313Q;-0.701;-4.587804462196799
L313R;-0.56;-2.8173593514948148
L313V;0.026;-0.7375019762330339
V314A;-1.081;-3.6937088417180353
V314E;-3.141;-8.253240618338168
V314G;-1.344;-7.260449878805957
V314L;-1.3;-4.515966237100656
V314M;-2.464;-6.219019528347419
S315A;-0.282;-2.2618660348234703
S315L;-1.487;-6.583807778581615
S315P;-2.997;-7.350572464418293
S315T;-0.605;-3.699704732338432
S315W;-0.299;-7.952417805488039
E316A;0.256;2.6161478220456047
E316D;-0.179;0.37277995689510135
E316G;-0.25;0.4772886130722327
E316K;0.086;-1.397368764370185
E316Q;-0.18;-1.541122229784378
E316V;-0.38;-1.05402611091813
A317E;-0.6809999999999999;-2.4129003634443507
A317G;-0.34700000000000003;-1.1934122498278157
A317P;-0.968;-1.0043863912542292
A317S;-0.209;-1.1608991401881212
A317T;-0.214;-1.788356419048796
A317V;-0.418;-1.3019140077813065
D318A;-0.08;-1.3468973062554142
D318E;-0.487;-1.2003486144749331
D318G;-0.382;-1.1316657248244155
D318H;0.184;-3.892477726272773
D318N;-0.187;-3.022998230124358
D318V;-0.529;-2.510778498937725
D318Y;-0.484;-4.488335277130318
G319A;-0.508;-3.45600398262468
G319C;-0.444;-7.143994807374837
G319D;-0.319;-2.5795052035682597
G319R;-0.387;-2.871123970082408
G319S;-0.252;-3.321107514100732
G319V;-0.239;-4.829917930782359
S320C;-0.403;-4.128762727006688
S320G;-0.447;0.8125102280682768
S320I;-0.451;-3.0420884226477938
S320N;-0.237;-1.371850608411478
S320R;-0.229;-1.2722989883259288
S320T;-0.6759999999999999;0.3977433045529324
G321A;0.59;-0.7987905558784405
G321C;-0.28300000000000003;-5.826318019475366
G321D;-0.287;-1.9032263732351569
G321R;-0.07200000000000001;-2.4550975989959625
G321S;-0.284;-1.4723748798789131
G321V;-0.529;-2.8156490561505048
T322A;-0.287;0.2513632173413498
T322K;-0.445;-2.3181106405518217
T322M;-0.462;-2.9172707911038733
T322P;-0.228;0.31896352062358346
T322R;-0.551;-0.6541716935007571
T322S;-0.254;-0.5446518141930028
H323D;-0.201;-0.21621421486088369
H323L;-0.634;-1.5842649265323416
H323N;-0.385;-0.526450366312929
H323P;-0.025;1.4083221762484754
H323Q;-0.287;-0.7135151187831071
H323R;-0.478;-0.8461839000447071
H323Y;-0.362;-2.9535813096817947
R341C;-0.483;-4.919167929809191
R341G;0.043;-1.925824572634156
R341H;-0.195;-1.207277501542194
R341L;-0.248;-3.839562816712714
R341P;-0.609;-3.98147279676914
R341S;-0.226;-1.7921137624580297
V342A;-1.092;-4.7480321710172575
V342D;-2.7910000000000004;-7.118640896223952
V342F;-0.89;-7.261687910854563
V342G;-1.116;-6.1893725067029655
V342I;-0.07200000000000001;-3.456179303859243
V342L;-0.02;-6.342689095998138
A343E;-0.389;-2.0448265351860755
A343G;-0.256;-3.234045972574677
A343P;-1.221;-4.812082485585052
A343S;-0.299;-2.8112002074940388
A343T;-0.21600000000000005;-2.7990273837913264
A343V;-0.218;-2.298756426809632
F344C;-0.768;-8.382712763344896
F344G;-0.098;-7.5087576237274325
F344I;-0.677;-7.3335888339352095
F344L;-0.6;-6.3828470688313255
F344S;-1.128;-5.67797276753845
F344V;-0.416;-5.895759981120137
F344Y;-0.754;-6.644708425956197
H345D;-0.451;-4.316689601617327
H345L;-0.402;-1.242162092548824
H345N;-0.602;-5.659902087048978
H345P;-0.535;-2.6977377131843245
H345Q;-0.63;-4.669852144357719
H345R;-0.529;-2.972866447125853
H345Y;-0.412;-5.985280481768996
Q346E;0.21;-2.4421857294219085
Q346H;-0.484;-3.9026984096854
Q346K;0.012;-4.359918957925402
Q346L;-0.531;-2.6747601561583
Q346P;-0.483;-2.1796572731545893
Q346R;-0.328;-0.9716756339876156
P347A;-0.42;-0.4394754605264097
P347L;-0.6920000000000001;-2.4595359993973034
P347Q;-0.6;-0.5674345376928613
P347R;-0.201;-2.8074270383758635
P347S;-0.301;-2.530608899355684
P347T;-0.386;-0.7292272622680684
P348A;-0.393;-2.844413779468596
P348L;-0.38;-4.967906903082621
P348Q;-0.35200000000000004;-4.105437050653563
P348R;0.091;-4.2811234032706125
P348S;-0.519;-4.223145143711008
P348T;-0.395;-4.074426395183764
G349A;-0.068;-4.9718399941307325
G349C;-0.655;-7.842801215269446
G349D;-0.653;-5.662772518846849
G349R;0.116;-5.597953034641704
G349S;-0.856;-6.222730497604517
G349V;-0.598;-4.692053630697501
E350A;-0.192;-2.4745352068348443
E350D;-0.267;-0.9412727196177002
E350G;-0.436;-2.626551349694637
E350K;-0.226;-1.6972403932595626
E350Q;-0.438;-2.4896550529160777
E350V;-0.359;-3.346716946871311
T351A;-0.442;-2.1922615367998333
T351I;-0.235;-2.6349975149805687
T351N;-1.131;-4.485375252757876
T351P;-0.365;-2.2766145688110555
T351S;-0.422;-2.1037675560505704
T352A;-1.7819999999999998;-5.786266414416332
T352K;-1.896;-8.858372195369158
T352M;-1.776;-7.056487971552997
T352P;-1.959;-7.423694573881222
T352R;-1.796;-8.016230216744589
T352S;-0.396;-4.989743832491513
A353E;-0.228;-2.236671636332176
A353G;-0.396;-4.120423697764636
A353P;-1.019;-6.856197637556762
A353S;-0.539;-3.843600697755392
A353T;-0.888;-5.3360387449029085
A353V;-0.888;-5.487140613758356
M354I;-0.626;-6.046308628476254
M354K;-3.003;-8.869385073330703
M354L;-0.409;-5.702932729222084
M354R;-1.619;-7.1989039257932745
M354T;-0.499;-6.788843414444273
M354V;-1.27;-7.096507829352048
G355A;-0.6709999999999999;-6.4327293589594765
G355C;-0.47;-9.17578831893843
G355D;-0.374;-2.87100032102353
G355R;-0.7040000000000001;-6.543525910670724
G355S;-0.718;-5.901870523134677
G355V;-0.968;-7.383746279574553
W356C;-1.1;-10.104142824579867
W356G;-0.8909999999999999;-8.708095644863986
W356L;-0.33;-7.670149592922826
W356R;-1.736;-7.739817259805022
W356S;-1.844;-8.711653825801477
A357D;-1.008;-2.5962504250992424
A357G;-0.7509999999999999;-0.9952568499002156
A357P;-1.3;-0.5408796938086198
A357S;-0.618;0.01733961051922961
A357T;-0.096;0.6448997680408866
A357V;-0.32299999999999995;-1.820893128519856
V358A;-0.54;-4.418941179108515
V358D;-0.905;-4.8811881111496405
V358F;-0.542;-4.834508864324562
V358G;-0.506;-5.859882745255161
V358I;-0.132;1.6125088499102276
V358L;-0.6459999999999999;-3.173708677204558
D359A;-0.386;-4.944064629571585
D359E;-0.722;-4.9628955541356845
D359G;-1.4369999999999998;-9.23850766223768
D359H;-1.843;-6.398350690158623
D359N;-0.591;-6.802778392948313
D359V;-1.116;-6.957097525710196
D359Y;-0.91;-7.348271415148702
P360A;0.04;-1.475558786777583
P360L;-1.882;-7.438342465226924
P360Q;-0.531;-6.504558677083878
P360R;-1.225;-7.522496431059152
P360S;-0.526;-4.637342782619271
P360T;-0.223;-5.261427508008183
S361C;-0.408;-6.584611744294307
S361G;-0.278;-2.415569708295152
S361I;-0.597;-5.50856221610411
S361N;-0.318;-2.9820888049926
S361R;-0.278;-1.824946510118025
S361T;-0.118;-0.319727564272398
G362A;-0.451;-3.677363067879924
G362C;-0.398;-6.042565028008538
G362D;-1.948;-6.417570523633912
G362R;-0.503;-6.942646217700712
G362S;-0.409;-3.6864381213817983
G362V;-1.16;-6.271264090846671
L363M;-0.441;-2.1936650028474105
L363P;-3.272;-7.095825918541322
L363Q;-2.299;-7.738784113622388
L363R;-1.933;-10.301914649365415
L363V;-0.726;-5.7279370871365245
Y364C;-0.969;-6.461921425208857
Y364D;-0.7959999999999999;-5.582671934454993
Y364F;-0.818;-4.799983254517429
Y364H;-0.813;-1.891246645089268
Y364N;-1.186;-6.4851590885809856
Y364S;-0.16699999999999998;-4.190855863801743
E365A;-0.465;-2.0122950924296674
E365D;-0.648;0.6008568779734561
E365G;-0.6779999999999999;-2.827683997220447
E365K;-0.47;-3.3800030104139296
E365Q;0.8220000000000001;-2.248921138514561
E365V;-0.775;-4.861129188899213
L366M;-0.495;-4.967021375155127
L366P;-3.256;-9.703354239296461
L366Q;-1.554;-5.703188901225076
L366R;-1.958;-8.27968766293634
L366V;-0.645;-3.862091846071508
L367M;-0.88;-6.318297579311548
L367P;-3.261;-7.528189040165671
L367Q;-3.149;-9.659841741055061
L367R;-2.261;-11.645416461136847
L367V;-0.197;-5.452527684969027
R368C;-0.483;-3.3655713273310535
R368G;-0.8240000000000001;-2.1659209471818035
R368H;-0.457;-1.7878772649837629
R368L;-0.544;-0.1928986684197298
R368P;-2.131;-5.403663007323304
R368S;-0.514;-2.382776602593367
R369C;-0.484;-7.965824501161477
R369G;-0.688;-3.3046554149259464
R369H;-0.487;-5.6588205087318775
R369L;-1.015;-6.142050055226719
R369P;-1.832;-8.452764793033566
R369S;-0.444;-4.123399603761754
L370M;-0.591;-1.7221728941221954
L370P;-2.927;-5.896669870628103
L370Q;-1.435;-5.221944962157068
L370R;-2.196;-6.044869011686388
L370V;-0.267;0.011273255848209374
S371C;-0.727;-4.770129483140408
S371G;-0.6609999999999999;-1.3177204236271791
S371I;-1.923;-5.528453902028558
S371N;-0.455;-2.4832917221647217
S371R;-0.8190000000000001;1.0183460670086788
S371T;-0.313;-1.2160283544289996
S372A;0.014;3.0582719712629114
S372C;0.263;-4.020747242162543
S372F;-0.337;-1.520967794297576
S372P;-2.604;-2.915615618020638
S372T;-0.365;1.0644210681139157
S372Y;-0.716;-2.6791006960656887
D373A;-0.28300000000000003;-2.1672299642614234
D373E;-0.035;0.4996401478201733
D373G;-0.701;-4.395304380959715
D373H;-0.436;-3.7555146582575385
D373N;-0.29600000000000004;-3.6292132820226475
D373V;-0.705;-3.3000305179648417
D373Y;-0.767;-3.9581019219695013
F374C;-0.579;-3.3358687691979867
F374I;-1.088;-4.177797132386331
F374L;-0.929;-2.7855479241793546
F374S;-1.293;-3.012708763624687
F374V;-0.465;-2.628074426080275
F374Y;-0.256;-0.9564444594107044
A376E;-0.16899999999999998;0.8235643421721761
A376G;0.208;3.3338647439377382
A376P;-1.38;-1.179956205523922
A376S;-0.268;-0.3449731184373377
A376T;0.051;-0.6397321775039018
A376V;-0.475;-1.2864684133164699
L377M;-0.546;-3.985325777939579
L377P;-2.193;-4.985126606836276
L377Q;-0.628;-4.087396290641664
L377R;-1.3119999999999998;-5.325111732869119
L377V;0.202;-2.556855745489884
P378A;-0.547;-5.15979716462607
P378L;-2.181;-7.615538378784549
P378Q;-0.746;-6.266640454046866
P378R;-0.5660000000000001;-6.163148655581608
P378S;-0.7290000000000001;-5.368102350723348
P378T;-0.62;-5.950485820401808
L379M;-0.407;-3.460417909496755
L379P;-1.34;-7.966821838952909
L379Q;-1.089;-7.27877771347903
L379R;-1.713;-9.456256686988127
L379V;-0.087;-4.3197717792027115
V380A;-0.785;-3.4011459583114174
V380E;-1.694;-4.173481949397683
V380G;-1.2919999999999998;-7.542554750885984
V380L;-0.328;0.05136251113071921
V380M;-0.146;-0.3751387002666888
I381F;-3.11;-6.993852419755057
I381L;-0.557;-5.0672817722706895
I381M;-0.177;-6.7531961799322735
I381N;-2.568;-8.984107820934694
I381S;-0.899;-8.359918581843885
I381T;-2.617;-8.62030882293584
I381V;-0.7070000000000001;-1.2203952767449664
T382A;-2.319;-5.6791819661557374
T382I;-2.712;-8.162914735359664
T382N;-1.54;-8.291405198217035
T382P;-1.104;-9.605866619376684
T382S;-1.4509999999999998;-5.082159820012748
E383A;-1.431;-7.511474265807919
E383D;-2.589;-8.769504000814777
E383G;-3.2310000000000003;-7.727110365092813
E383K;-2.835;-9.19090771640549
E383Q;-2.0980000000000003;-8.920533789249019
E383V;-3.304;-9.412098796909051
N384D;-3.034;-9.23641574233443
N384H;-1.359;-7.963860885225586
N384I;-3.087;-7.990560201353674
N384K;-2.878;-10.18713899282011
N384S;-0.8909999999999999;-4.877412008077954
N384T;-1.015;-6.231680393184661
N384Y;-3.102;-8.851810225531153
G385A;-1.43;-9.04123129698928
G385C;-0.862;-10.480459627924574
G385D;-2.804;-8.918813170616886
G385R;-2.211;-10.844051509575362
G385S;-2.765;-9.006458521522289
G385V;-1.365;-9.040404009114583
A386D;-1.969;-9.217455405160763
A386G;0.13;-5.895246355583367
A386P;-1.938;-10.343913328691997
A386S;-0.7140000000000001;-3.63881469246553
A386T;-1.111;-6.242882628677763
A386V;-0.579;-4.87365015222167
A387E;-1.4680000000000002;-9.18338834334827
A387G;-1.194;-6.065466743773867
A387P;-1.022;-6.1917027381387015
A387S;-0.624;-4.3901501521322635
A387T;-1.339;-6.983945925036097
A387V;-1.605;-7.018348825964495
F388C;-0.146;-3.2323971669102316
F388I;-0.916;-5.82836341229995
F388L;-0.7859999999999999;-4.390779925213792
F388S;-0.763;-5.15120390123775
F388V;-0.39;-3.80929387647484
F388Y;-0.119;-0.1552255980859627
H389D;0.418;3.7346054473600816
H389L;-1.56;-1.3923614884697602
H389N;-0.496;-1.3981796539555944
H389P;-0.18;1.3085149170001389
H389Q;-0.623;-1.5668688884907167
H389R;-2.642;-1.6705587568767442
H389Y;-0.506;-1.377914276527008
D390A;-1.198;-6.685148049065901
D390E;-2.177;-4.09303415029899
D390G;-2.9560000000000004;-6.389305649441668
D390N;-2.5540000000000003;-6.822870580217567
D390V;-3.107;-6.034251062831572
D390Y;-0.993;-7.2451332227674365
Y391C;-2.892;-6.0923871694585605
Y391D;-1.117;-3.21410492591167
Y391E;0.901;-1.1486147137984517
Y391F;-3.623;-5.857805688203371
Y391H;-3.111;-3.974570395534101
Y391N;-3.114;-5.646487167527084
Y391S;-1.058;-3.793982450857584
A392D;-2.016;-3.407904691599469
A392G;-0.51;-4.224939922954945
A392P;0.209;1.2527228645540165
A392S;-0.213;-3.4878105680381855
A392T;-0.258;-3.638040740324868
A392V;0.006;1.2237959823414712
P394A;-0.535;-1.817095279498517
P394L;-2.546;-6.357892616173102
P394Q;-1.182;-5.423996672593603
P394R;-2.674;-5.233793987140872
P394S;-2.841;-4.509804934737532
P394T;-0.816;-4.427202549997219
E395A;-0.285;-1.5344680228372454
E395D;-0.18600000000000005;1.1024478743929649
E395G;-0.6809999999999999;-0.9294543326104758
E395K;-0.518;-3.2439834483957384
E395Q;-0.991;-1.8703515818124288
E395V;-0.629;-3.0717205069304327
G396A;-0.51;-4.702129439843702
G396C;-0.245;-8.19459968252977
G396D;-2.521;-5.307984569699329
G396R;-0.397;-4.735597469392816
G396S;-0.255;-5.2588775326439645
G396V;-0.912;-5.825248450120852
N397C;-0.51;-0.27063642029497714
N397D;-0.378;1.4704117036835669
N397H;-0.417;1.6519371602571482
N397I;-0.5670000000000001;1.4912730948653916
N397K;-0.46;0.3187781154210825
N397S;-0.409;2.4173990674544257
N397T;-0.409;3.1265544444777333
N397Y;-0.293;0.4856836559501971
V398A;-1.495;-5.417001118927146
V398D;-3.289;-6.637937729963597
V398F;-2.166;-4.2598766558971874
V398G;-0.976;-6.7507670742061245
V398I;-0.185;-2.4408277880029345
V398L;-2.079;-3.5775784426791692
N399D;-1.431;1.528021157024341
N399H;-0.246;2.2695174552645767
N399I;-0.428;-1.5037101484049344
N399K;-0.187;-2.0716184350458207
N399S;-0.605;-1.6258302649985126
N399T;-0.376;-1.9530874862975909
N399Y;-0.382;-1.673671860640752
D400A;-1.564;-8.759755943225173
D400E;-2.125;-7.3853591170445725
D400G;-2.94;-7.584642831103338
D400H;-1.505;-9.76397683443338
D400N;-2.722;-8.194145143736023
D400V;-2.891;-10.033386124701794
D400Y;-1.876;-11.829242308985071
P401A;-0.753;-3.6246141078472647
P401L;-0.409;-5.5345481979848055
P401Q;-0.393;-5.061390182202558
P401R;-0.8;-5.255001917838854
P401S;-0.378;-6.37687043231108
P401T;-0.604;-3.911993247423197
E402A;-0.47;-3.2005112395781907
E402D;-0.377;-1.8325589185842543
E402G;-0.677;-3.8044468033767767
E402K;-0.2;-5.194356834686914
E402Q;-0.189;-2.6947695369963185
E402V;-1.391;-6.665638701255375
R403C;-2.998;-10.87450508897362
R403G;-1.624;-8.78593629889474
R403H;-2.929;-8.546734122355701
R403L;-2.0580000000000003;-8.90886224314454
R403P;-2.937;-11.85926960808797
R403S;-1.793;-9.441970010417208
I404F;-1.557;-8.52733095610347
I404L;-0.541;-3.6859725760878064
I404M;-0.604;-6.397855414056722
I404N;-2.435;-8.672232495078786
I404S;-0.247;-6.745749485155102
I404T;-0.7829999999999999;-3.994981529727738
I404V;-0.375;-1.809266355674481
A405E;-0.324;-1.9675446780747732
A405G;-0.389;-3.1114520718692797
A405P;-1.3130000000000002;-7.325761439722554
A405S;0.045;-1.573158197483565
A405T;-0.305;-4.310419183413615
A405V;-0.245;-5.2358174759792755
Y406C;-1.3530000000000002;-7.440747160208048
Y406D;-0.982;-9.975646976242388
Y406F;-0.27;-2.79348855747412
Y406H;-2.149;-7.62239136199787
Y406N;-2.766;-9.133795013894996
Y406S;-1.348;-8.404851778424929
V407A;-1.151;-5.666176064758473
V407D;-2.96;-7.857413243124029
V407F;-0.921;-2.3747181602229825
V407G;-1.546;-7.784002142464487
V407I;-0.21600000000000005;-1.3642248813412152
V407L;0.37;0.5469683243281906
R408C;-0.569;-6.8064717725901565
R408G;0.295;-6.190447108478111
R408H;-0.269;-0.2594012657446001
R408L;-0.701;-4.429971094556095
R408P;-2.362;-7.3981615833104115
R408S;-0.7;-3.610205145536384
D409A;-0.141;-0.6162131882083486
D409E;-0.066;-2.253528498808919
D409G;-0.345;0.9185103390846052
D409H;-0.235;-4.909475953832953
D409N;-0.34;-4.145773769421794
D409V;-0.718;-4.531033973733429
D409Y;-0.515;-6.176307643116161
H410D;-2.191;-10.188319218754486
H410L;-3.252;-9.90826788530103
H410N;-0.962;-8.112644337088566
H410P;-2.271;-11.391530524138036
H410Q;-0.856;-8.988643440026864
H410R;-2.984;-10.815927173116505
H410Y;-1.95;-5.7363720551511515
L411M;-0.813;-6.5214833775692105
L411P;-3.1260000000000003;-11.259829399209591
L411Q;-3.383;-8.479786651878385
L411R;-2.071;-10.782683176113096
L411V;-0.21600000000000005;-4.19963636670218
A412E;-0.019;-1.274221970626968
A412G;-0.299;-2.4818323562794826
A412P;-2.265;-7.3326471131513244
A412S;-0.249;-3.1834529464249504
A412T;-0.125;-2.149332076805877
A412V;-0.261;-3.0354896313729114
A413E;-0.66;-3.0773044254092383
A413G;-0.883;-4.860748834129481
A413P;-1.546;-8.325423463137213
A413S;-0.495;-3.5759491042626905
A413T;-1.005;-4.358987996201904
A413V;-0.782;-2.2821754132419305
V414A;-0.616;-2.076342952277628
V414D;-3.189;-11.558747348875158
V414F;-2.401;-7.10037029212981
V414G;-1.778;-6.5983825066177815
V414I;0.015;-3.8887822492033592
V414L;0.202;-3.0004622244068737
H415D;-0.79;-5.172321819029094
H415L;-0.384;-2.3010633952726494
H415N;-0.746;-5.690574501046286
H415P;-2.109;-8.203054747567876
H415Q;-0.6809999999999999;-3.3545078180959536
H415R;-0.918;-3.2591266643994463
H415Y;-0.259;-4.6990088416114295
R416C;-0.7040000000000001;-6.305884610541398
R416G;-0.46;-4.049587075445743
R416H;-0.192;-4.744697211375751
R416L;-0.625;-5.611070354854746
R416P;-1.568;-7.597287676570886
R416S;-0.504;-4.356888300026185
A417E;-1.453;-7.7310961252815105
A417G;-0.735;-6.7642597415670025
A417P;-1.776;-9.215743308085619
A417S;-0.564;-5.2427902186100255
A417T;-1.334;-6.101598936260417
A417V;-1.389;-5.05244325370586
I418F;-0.758;-7.716675707427385
I418L;-0.194;-3.0701620746203844
I418M;-0.254;-2.6152069833842693
I418N;-1.39;-7.246714189672276
I418S;-0.7440000000000001;-6.47250781054754
I418T;-1.148;-5.446223487644602
I418V;-0.732;-2.553350943417172
K419E;-0.318;3.925592997905994
K419I;-0.35;-0.465748010778043
K419N;-0.484;1.1288971917601884
K419Q;-0.201;2.447359929428785
K419R;-0.464;2.747418354731053
K419T;-0.064;3.0099264753225725
D420A;0.152;-0.6345487310609315
D420E;-0.13;-1.03901786080678
D420G;-0.594;-3.5616296273947228
D420H;-0.314;-4.561572101927594
D420N;-0.535;-4.111372696235777
D420V;-0.747;-5.286181507060974
D420Y;-0.569;-6.382831241851817
G421A;-1.5719999999999998;-7.213857285536051
G421C;-0.499;-8.778470624180045
G421D;-0.906;-5.5450097328248384
G421R;-1.159;-6.673089226027514
G421S;-1.31;-6.3304094605027785
G421V;-1.214;-8.946075843905417
S422A;-0.245;4.276172470770689
S422L;-0.993;0.1693843750654196
S422P;-2.842;-2.756815971317337
S422T;-0.386;-0.7076430530305515
D423A;-0.767;-6.625387477699405
D423E;-0.464;-6.081548158475925
D423G;-1.136;-7.520253540081285
D423N;0.036000000000000004;-5.260687046495151
D423V;-0.732;-7.71649737653388
D423Y;-0.623;-9.30501333886059
V424A;-1.7480000000000002;-5.672547131962348
V424E;-3.472;-11.799145584273786
V424G;-1.73;-9.341996419154382
V424L;-1.273;-2.7458636828050658
V424M;-2.053;-4.577353631596225
R425C;-0.8859999999999999;-8.895015490541482
R425G;-0.633;-6.738248914116412
R425H;-0.755;-6.285598843331172
R425L;-0.74;-7.466444977384527
R425P;-1.888;-9.626792710284008
R425S;-0.769;-6.916451031763245
G426A;-0.72;-4.591016083752038
G426C;-1.599;-9.385854925509193
G426D;-2.93;-8.34532479805091
G426R;-1.286;-6.7065327648160755
G426S;-2.291;-5.475434135434625
G426V;-1.198;-8.077075907778635
Y427C;-3.195;-7.8068874638665875
Y427D;-1.416;-11.950532540203426
Y427F;-0.463;-5.172844888820691
Y427H;-1.3869999999999998;-7.750110004167254
Y427N;-3.077;-8.929872461436391
Y427S;-0.939;-8.967725301345126
F428C;-0.647;-6.0062300625613725
F428I;-1.3530000000000002;-6.517013350203342
F428L;-1.617;-4.3064182640209765
F428S;-3.1910000000000003;-7.550244431880857
F428V;-0.939;-6.764445638829784
F428Y;-0.8009999999999999;-4.204671657895233
L429M;-0.542;-5.512894894479358
L429P;-3.181;-6.007194008750048
L429Q;-1.097;-3.311094233288713
L429R;-1.755;-10.77491184728683
L429V;-0.56;-2.638783183431769
W430C;-1.284;-9.295125195993023
W430G;-1.556;-8.911203489418767
W430L;-1.159;-9.585622917180443
W430R;-3.125;-7.95769463491888
W430S;-1.912;-8.873498085945357
S431A;-0.08;-7.175296977511607
S431L;-2.614;-10.811934325272887
S431P;-3.244;-9.25776658054383
S431T;-0.483;-3.9454927642218536
S431W;-0.81;-13.122129695675993
L432M;-0.494;-5.633979583028122
L432P;-3.254;-7.6585455852873565
L432Q;-1.044;-9.517217420081579
L432R;-1.98;-10.586990297587363
L432V;-0.94;-7.0889490180088615
L433M;-0.637;-1.1375769149912005
L433P;-2.99;-9.79044271534042
L433Q;-2.313;-7.310343027868272
L433R;-1.965;-9.012507055873696
L433V;-0.493;-5.3635127913825045
D434A;-1.364;-11.65318734592366
D434E;-2.362;-8.08053521403383
D434G;-2.766;-8.785221034035203
D434H;-2.527;-12.02924927106855
D434N;-2.594;-7.712015662614249
D434V;-2.928;-9.658224090399926
D434Y;-1.945;-8.247767809181823
N435D;-2.748;-7.943574019467633
N435H;-1.495;-8.953465691260135
N435I;-3.238;-8.235572971847432
N435K;-2.3040000000000003;-9.841540902059931
N435S;-2.6710000000000003;-7.970650356786791
N435T;-0.292;-7.703767350423733
N435Y;-3.684;-11.027910177221317
F436C;-1.479;-9.176443821237628
F436I;-3.458;-7.648067687445291
F436L;-0.933;-6.2153174771192425
F436S;-3.214;-9.339408873553113
F436V;-0.945;-8.362470811179946
F436Y;-0.348;-3.9672688230093622
E437A;-1.865;-7.773305948170672
E437D;-1.902;-8.22435698053414
E437G;-2.86;-8.469638349806699
E437K;-2.777;-10.996736727619007
E437Q;-2.299;-7.882455823408237
E437V;-3.0210000000000004;-10.18611732024624
W438C;-1.564;-8.058457906583499
W438G;-0.946;-6.9663986834821126
W438L;-0.999;-7.333947236234962
W438R;-3.279;-9.315787757317594
W438S;-2.354;-8.02974158231882
A439E;-0.636;-4.936440999779734
A439G;0.079;-1.2721185620491724
A439P;-1.4280000000000002;-7.604075831150112
A439S;-0.193;-1.6463256996030395
A439T;-0.547;-4.86122753595447
A439V;-0.262;-6.439724731470051
H440D;0.262;-3.4746303857555176
H440L;-0.67;-1.5152356295238858
H440N;-0.461;-3.6082596237265534
H440P;-1.614;-5.34901194658778
H440Q;-0.455;-2.005583956934061
H440R;-1.518;-0.9224014369501674
H440Y;-0.501;3.4785519586312152
G441A;-2.968;-4.002008188659147
G441C;-0.868;-8.622748979709288
G441D;-3.08;-7.277321899913659
G441R;-2.999;-7.677374461229192
G441S;-3.037;-6.455228439925122
G441V;-1.954;-8.288198899615962
Y442C;-3.22;-6.232981778572139
Y442D;-0.439;-8.958238322376701
Y442F;-0.39;-4.199456127204029
Y442H;-3.063;-6.695877684407152
Y442N;-3.49;-7.599097019745387
Y442S;-1.4780000000000002;-8.187326828025107
S443C;-1.5759999999999998;-8.192341710723213
S443G;-0.736;-2.093470592067206
S443I;-1.959;-7.6808516178980435
S443N;-1.779;-4.919046973948753
S443R;-2.07;-4.9230346020785865
S443T;-1.958;-4.319094156454413
K444E;-0.7959999999999999;-5.7276344879719545
K444I;-0.8320000000000001;-6.142085148476326
K444N;-0.966;-5.969688000795942
K444Q;-0.343;-2.981641117556137
K444R;-0.417;-1.1451594752761594
K444T;-0.128;-5.8427647778516985
R445C;-2.962;-8.536506914270376
R445G;-1.882;-9.009534215536405
R445H;-2.883;-7.203139456969439
R445L;-2.282;-8.975134111915395
R445S;-2.064;-8.549954908387008
F446C;-1.45;-8.168817229914566
F446I;-3.237;-8.602867429872276
F446L;-1.711;-6.341054385733514
F446S;-3.059;-7.591276395070963
F446V;-0.77;-7.730372359907732
F446Y;-0.391;-5.722083304790432
G447A;-1.816;-8.333872425641289
G447C;-1.831;-9.957798445379352
G447D;-2.78;-8.95673307362847
G447R;-1.979;-8.44640512469266
G447S;-2.456;-7.98161312370928
G447V;-2.122;-11.873657915799301
A448D;-2.239;-10.659413960817801
A448G;-0.991;-8.425195044096201
A448P;-1.457;-8.987588763069652
A448S;-0.327;-6.445763775389423
A448T;-0.015;-5.34431096994922
A448V;-0.093;-2.6425273218073926
V449A;-0.928;-6.471399993395608
V449E;-2.732;-12.267775553917772
V449G;-1.252;-9.207759961176636
V449L;-0.7140000000000001;-5.15437837495756
V449M;-0.5870000000000001;-7.468428223997762
Y450C;-3.181;-8.071547887717543
Y450D;-1.4069999999999998;-6.238300625062947
Y450F;-0.35600000000000004;-3.894432039405729
Y450H;-1.894;-2.717765071764916
Y450N;-2.642;-6.799376552234207
Y450S;-1.102;-5.777201784837416
V451A;-3.14;-6.546319372792822
V451D;-3.403;-7.967018187467147
V451F;-1.824;-7.622740460665227
V451G;-2.228;-11.239279883875954
V451I;-0.241;-3.934233323852823
V451L;-1.415;-5.295761964662233
D452A;-1.12;-7.045304003673665
D452E;-0.517;-5.481577851987822
D452G;-2.339;-7.390648301945929
D452H;0.037000000000000005;-7.234387103198968
D452N;-0.75;-5.420174726565166
D452V;-0.875;-7.826470787218567
D452Y;-0.378;-9.456161824477023
Y453C;-3.094;-7.5444933903118
Y453D;-1.977;-7.791242544970827
Y453F;-0.251;-2.6575546989042778
Y453H;-2.027;-6.1069024560274565
Y453N;-3.594;-8.540239949408715
Y453S;-1.318;-7.180826680598329
P454A;-1.414;-1.0846386593329953
P454L;-0.919;-4.1915141908648375
P454Q;-1.233;-3.616552655104897
P454R;-0.955;-2.887386745060212
P454S;-1.492;-2.8606123743202265
P454T;-1.162;-3.8145596147987817
T455A;-1.244;-6.9185304426973735
T455I;-0.757;-8.409916998569315
T455N;-0.857;-4.251711754190183
T455P;-1.7719999999999998;-7.521751010823209
T455S;-0.483;-2.475100853607728
G456A;0.014;-4.875374690230728
G456C;-0.6990000000000001;-5.676631506029481
G456D;-2.881;-3.9923355699984313
G456R;-0.387;-3.779317771339265
G456S;-0.402;-4.321767134999391
G456V;-1.93;-6.2139402416614775
T457A;-0.297;-1.207698292695568
T457K;-0.133;-1.2061473311823647
T457M;-0.605;-5.2074514749310765
T457P;-2.205;-5.550909404228151
T457R;-0.736;1.614805986653664
T457S;-0.523;-3.9657284762279232
R458C;-3.067;-9.124317547046305
R458G;-2.552;-9.045971634832084
R458H;-2.396;-8.890616909418894
R458L;-2.0;-7.720941885287175
R458P;-2.331;-9.244687521070773
R458S;-2.41;-8.697952789232659
I459F;-0.5489999999999999;-4.06511257892339
I459L;-0.815;-2.826267090084002
I459M;0.295;-4.492784558506855
I459N;-2.236;-6.7615887205938625
I459S;-1.009;-4.511181721525644
I459T;-0.341;0.03317002467883867
I459V;-0.498;-1.181211317492853
P460A;-1.405;-5.841992840760213
P460L;-0.508;-4.32961032629828
P460Q;-0.429;-8.230653206248888
P460R;-1.014;-6.617889997374733
P460S;-0.92;-8.617057142670092
P460T;-0.7140000000000001;-8.391506025592207
K461E;-3.234;-8.666302006256274
K461I;-3.214;-12.252986794310686
K461N;-3.137;-7.614939906947256
K461Q;-2.049;-8.828927166079666
K461R;-3.31;-4.1697501299149735
K461T;-1.337;-7.5318111018077625
A462D;-0.439;-1.3445706084676203
A462G;-0.607;-3.96201952190313
A462P;-1.42;-5.178678890391893
A462S;-0.383;0.438090442075918
A462T;-0.17600000000000002;-2.4435538794223253
A462V;-0.474;-5.902918786785449
S463C;-0.8290000000000001;-9.302225726419238
S463G;-1.5830000000000002;-7.872545459119466
S463I;-0.7609999999999999;-8.575538605774454
S463N;-3.36;-9.452490977907473
S463R;-2.903;-10.968939824202039
S463T;-0.655;-6.778132860101892
A464D;-2.127;-12.678695890950847
A464G;-0.71;-4.018388555005004
A464P;-1.774;-10.679820981751616
A464S;-0.753;-5.7703089504248055
A464T;-1.31;-7.582983483656791
A464V;-0.956;-6.646893768916925
R465C;-0.507;-8.059775617693049
R465G;-0.608;-5.138402632153883
R465H;-0.189;-1.6869677727700036
R465L;-0.295;-4.740250079332327
R465P;-1.992;-8.508247467900219
R465S;-0.619;-5.062630450789584
W466C;-0.603;-8.853378256288122
W466G;-1.826;-9.373923016448316
W466L;-0.626;-7.003310412836073
W466R;-2.715;-6.525267257991801
W466S;-1.477;-8.639203014341547
Y467C;-2.112;-8.353004108454115
Y467D;-1.384;-12.193272538731208
Y467F;-0.377;-3.549755225772969
Y467H;-3.1860000000000004;-9.442270960250426
Y467N;-3.148;-8.670498468970438
Y467S;-2.0540000000000003;-9.288207427718786
A468D;-2.2;-9.88451618412364
A468G;0.14300000000000002;-2.7292861712048757
A468P;-1.97;-9.115769219461074
A468S;-0.219;-2.4548105187277542
A468T;-0.5;-6.064470426637853
A468V;-1.385;-7.832404199188204
E469A;-0.306;-4.1300883049261765
E469D;-0.197;-1.2886945748996368
E469G;-0.276;-2.1512445773469158
E469K;-0.041;-2.6033710461706505
E469Q;-0.2;-2.8894774363507167
E469V;-0.416;-6.1023226730540046
V470A;-1.163;-2.9688782162484135
V470D;-3.666;-11.551885656060676
V470F;-0.818;-4.80940509231732
V470G;-1.466;-8.642790206216887
V470I;-0.159;-4.557517841749358
V470L;0.159;-2.259121885719651
A471D;-2.169;-11.19986791489805
A471G;-1.218;-6.139042340525067
A471P;-1.125;-9.678285104358224
A471S;-0.654;-4.898090666727512
A471T;-0.335;-3.8365981010501855
A471V;-0.274;-2.0817162667090092
R472C;-0.539;-9.47678169233768
R472G;-0.544;-4.665410271520614
R472H;-0.464;-6.989109830297822
R472L;-0.594;-7.913611167401542
R472P;-2.5980000000000003;-10.24924296442623
R472S;-0.562;-5.518573332905363
T473A;-0.615;-2.9572551908058813
T473K;-0.401;-5.685486101770947
T473M;-0.63;-6.853544843055714
T473P;-1.814;-7.918245784127066
T473R;-0.4270000000000001;-1.7976807628874667
T473S;-0.386;-1.4303040594968484
G474A;-0.767;-5.379588360465277
G474C;-0.366;-8.786050492217782
G474D;-0.628;-6.0443795380670045
G474R;-0.537;-3.5426150621788106
G474S;-0.408;-4.0987550822630645
G474V;-1.354;-8.983444086731652
