# Data from Starita, L. M.; Young, D. L.; Islam, M.; Kitzman, J. O.; Gullingsrud, J.; Hause, R. J.; Fowler, D. M.; Parvin, J. D.; Shendure, J.; Fields, S. Massively Parallel Functional Analysis of BRCA1 RING Domain Variants. Genetics 2015, 200, 413-422.
# y represents the experimental measure "y2h"
# dE is the difference in statistical energy between the variant and the wild type (EVmutation)
variant;y;dE
M18A;0.979330209;-5.704248958860263
M18C;1.00565509;-5.58777646874296
M18E;0.483968599;-6.655023610626812
M18D;-0.190718457;-4.211547691447777
M18G;0.70060261;-6.530326492982567
M18F;0.917159298;-5.835364824932184
M18I;1.002818675;-4.956739453715271
M18H;0.240023829;-6.63114550751925
M18K;0.203495987;-7.07113333887537
M18L;0.949380838;-3.27542207244278
M18N;-0.197460044;-6.024556986478274
M18Q;0.74848723;-5.614922188455238
M18P;-0.218359701;-6.5848329813889
M18S;0.602900059;-4.956671081061359
M18R;0.3464279000000001;-7.026234719345666
M18T;0.84259788;-5.372255389796918
M18W;0.858935577;-8.589971391917059
M18V;0.982998354;-6.175781268349964
M18Y;0.906267943;-5.9748979343348765
Q19A;0.748051985;-5.341941697261063
Q19C;0.570619401;-7.445613522587338
Q19E;0.7852682809999999;-4.331111942607095
Q19D;0.5724216289999999;-5.732462780215428
Q19G;1.040061173;-5.741647596369147
Q19F;0.816401763;-7.863075307228428
Q19I;0.911366475;-7.565162217886609
Q19H;1.024373601;-4.938949000823413
Q19K;0.797394005;-3.5333276360179298
Q19M;0.8855817690000001;-5.995323138035018
Q19L;0.86849207;-6.153006228312734
Q19P;0.777915045;-5.524381519717281
Q19S;0.877789539;-5.210840350922808
Q19R;0.973011017;-5.0522160033433465
Q19T;0.8228208229999999;-5.111640113769681
Q19W;1.043125514;-5.130456721861265
Q19V;0.937312744;-6.009792625816772
Q19Y;0.883054674;-8.120488632048364
K20A;0.959175786;-6.163915899727726
K20C;1.195097457;-9.52287107781376
K20E;0.942069362;-4.497586671714089
K20D;0.884490668;-4.0791080913477336
K20G;1.054389616;-5.9971076842875854
K20F;1.140073003;-7.687249141906705
K20I;1.157246015;-7.578168989326514
K20H;1.032235142;-6.026645350462786
K20M;1.042007369;-7.3164562436722935
K20L;1.074761776;-7.5699660156242325
K20N;1.06941928;-5.248370022047312
K20Q;1.056115105;-5.936076349069481
K20P;0.93146698;-8.974411966268235
K20S;1.031478584;-6.487272180427682
K20R;1.054811627;-6.864529718346603
K20T;1.114437086;-7.0450729331350885
K20W;0.979978629;-9.404728270274065
K20V;1.072960975;-7.09760900171932
K20Y;1.118032556;-7.281694150729891
I21A;1.010560728;-5.485536261301603
I21C;1.056742613;-6.660517624011844
I21E;1.1146845090000002;-3.9430057093268265
I21D;0.885025336;-5.124695054912081
I21G;1.038475377;-6.425001204826912
I21F;0.989159403;-5.9400131127549685
I21H;0.979752189;-4.129681580641773
I21K;1.032938231;-5.306294429326954
I21M;0.987112504;-6.029445299587677
I21L;1.027026462;-4.02245712308104
I21N;0.999351587;-4.004749146321956
I21Q;0.962039229;-4.242608900007326
I21P;0.963672607;-5.095528664384061
I21S;0.957137498;-4.525479102652753
I21R;1.036311763;-5.874542906240095
I21T;1.016982617;-4.035944604576798
I21W;0.951047343;-8.855999419507498
I21V;1.003040779;-4.951741790289816
I21Y;1.124558787;-5.435829008318251
L22A;1.025066214;-7.321165694841511
L22C;1.064239825;-7.820447215607602
L22E;0.032116329;-10.798078699425789
L22D;0.609131936;-8.844883686150752
L22G;0.910724574;-10.08583246426224
L22F;1.010072776;-6.3243085668955255
L22I;1.00908579;-6.409286277111278
L22H;0.945446312;-8.785023817342335
L22K;0.043845181;-12.533947011591408
L22M;0.969684694;-7.6179208376643155
L22N;0.931161625;-10.613575214499178
L22Q;0.703887149;-8.952377372989758
L22P;0.5855382;-7.311569598242387
L22S;0.985437749;-8.013954757539068
L22R;0.281525904;-9.511963195666793
L22T;1.010833872;-8.848459706417087
L22W;1.06424682;-10.339826357979293
L22V;1.030803595;-6.03760689808496
L22Y;1.101969112;-8.202965585428501
E23A;1.062641823;-6.455574575724312
E23C;1.007018034;-6.623028143629199
E23D;1.025315485;-7.655318622491904
E23G;1.018537599;-7.059631535070365
E23F;0.995510246;-7.1906587322446285
E23I;1.126379592;-5.614948062313489
E23H;0.917172219;-7.695690986292902
E23K;1.038572428;-5.847509375133087
E23M;0.877309927;-6.232258374464437
E23L;1.063020759;-6.167073767101102
E23N;1.085088494;-6.150967865309213
E23Q;1.086838341;-5.002445329824695
E23P;0.692237882;-9.501944077765074
E23S;1.056220061;-5.841514081956119
E23R;0.977966087;-5.88213094099774
E23T;1.157588522;-6.339959338249173
E23W;1.051738601;-7.427425245226914
E23V;1.092356903;-7.219078339461702
E23Y;1.034800713;-7.589579755469457
C24A;0.144560772;-7.902114056127175
C24E;0.505207634;-11.471052531249027
C24D;0.6416494779999999;-11.471052531249027
C24G;0.448243089;-11.471052531249027
C24F;0.742060948;-9.297787616558706
C24I;0.47095918;-11.461299653033164
C24H;0.042150757;-11.471052531249027
C24K;-0.160542799;-11.471052531249027
C24M;0.32182419;-11.471052531249027
C24L;0.156062051;-11.471052531249027
C24N;0.08545999900000001;-8.803886824706753
C24Q;0.378491895;-11.471052531249027
C24S;0.070112347;-7.133497330349201
C24R;0.129170355;-7.748013916250785
C24T;0.17706568;-11.471052531249027
C24W;1.164923327;-11.471052531249027
C24V;0.590471532;-11.471052531249027
C24Y;0.410036533;-8.857350887908979
P25A;1.100681897;-4.307123637147015
P25C;1.127329322;-3.5890494222403504
P25E;1.079094421;-7.888323084125773
P25G;1.205291301;-6.419428044828237
P25F;1.224125371;-4.910894666711101
P25I;0.934623883;-7.380435243603642
P25H;0.986593539;-8.120415034945836
P25K;0.956635728;-7.263600384285156
P25L;0.676816112;-5.939983280695742
P25N;0.325273996;-7.253938367928639
P25Q;0.50976614;-6.569292421336286
P25S;0.882816798;-3.646344410924939
P25R;1.132591546;-8.439078656880156
P25T;0.993951591;-4.797540182917147
P25W;0.698074889;-7.3276413636122015
P25V;0.611963833;-5.994199996814133
P25Y;1.130872331;-6.9709570989125496
I26A;1.044882829;-6.417051291849929
I26C;1.066487066;-11.408698166613815
I26E;1.110604319;-8.3703802133532
I26D;1.00808318;-8.572982870493432
I26G;1.053022193;-7.74109427935764
I26F;1.065524461;-6.8088166276957045
I26H;1.061652381;-8.746761650007102
I26K;1.031027115;-8.087539836815267
I26M;1.070872166;-5.877217638961157
I26L;1.05008504;-4.868690354225691
I26N;1.060580691;-10.044425903672618
I26Q;0.803009393;-11.408698166613815
I26P;0.458532958;-11.408698166613815
I26S;1.007070562;-7.746247031071108
I26R;1.115573038;-11.408698166613815
I26T;0.968851413;-6.989864432121976
I26W;1.1414558540000002;-11.209743193380747
I26V;1.040312647;-3.986065490920737
I26Y;0.946545582;-11.408698166613815
C27A;0.164406586;-11.161266997382086
C27E;0.6011117260000001;-11.161266997382086
C27D;0.796144138;-11.161266997382086
C27G;0.557508518;-10.606274671251867
C27F;0.157189117;-6.3849139782687425
C27I;0.031338304;-11.161266997382086
C27H;0.710066168;-11.161266997382086
C27K;0.260878025;-11.161266997382086
C27M;0.113186877;-11.161266997382086
C27L;0.329069806;-11.161266997382086
C27N;0.528651146;-11.161266997382086
C27Q;0.29128807;-11.161266997382086
C27P;0.402629371;-11.161266997382086
C27S;0.384382375;-7.696623124167672
C27R;0.32792866600000004;-7.152556012884816
C27T;0.519804276;-11.161266997382086
C27W;0.178497658;-11.161266997382086
C27V;0.120621858;-11.161266997382086
C27Y;0.221935957;-6.343491348525276
L28A;1.02244889;-6.611766967282166
L28C;1.045717376;-6.570780883863336
L28E;1.033428629;-6.636344485891641
L28D;0.998356696;-8.280888079374563
L28G;0.969301204;-7.8418561295766285
L28F;1.023520309;-4.940828812905238
L28I;1.078276301;-6.423910928686383
L28H;1.069302852;-6.338777348340955
L28K;1.05946716;-5.271247086187941
L28M;0.915497045;-5.4266603255528025
L28N;0.916312565;-7.49161103093934
L28Q;1.016393392;-5.219760654916172
L28P;0.932150177;-8.060491402909975
L28S;0.991688373;-5.737204528006259
L28R;0.995845832;-6.558809097994526
L28T;0.982474525;-5.959847057005391
L28W;0.922603826;-6.987729217231389
L28V;0.934315377;-6.5137486737730805
L28Y;1.069518618;-8.109882660282892
E29A;0.930044641;-7.945099134958582
E29C;0.911667757;-7.208685475663514
E29D;0.94576172;-3.2075962674134644
E29G;0.935194462;-6.561993163166335
E29F;0.942464555;-10.832678547755675
E29I;1.01191528;-8.813802065591517
E29H;0.909527398;-7.0994212046280145
E29K;0.891629165;-6.3469862625570395
E29M;0.889899346;-10.005009500056984
E29L;0.982490106;-8.268851486762287
E29N;0.951236264;-6.243020488647745
E29Q;0.929695129;-6.661738609007442
E29P;0.627624391;-10.24185988872523
E29S;0.984130652;-6.10113662085496
E29R;0.8831151859999999;-7.560500231498736
E29T;0.91915587;-7.334405190194957
E29W;0.925531229;-12.25317839010495
E29V;0.961785716;-9.423687353608331
E29Y;0.890844723;-7.723288286957539
L30A;0.794129069;-5.749411752796732
L30C;0.914065199;-8.64652583224233
L30E;0.979420297;-5.514031593775144
L30D;0.931510389;-5.9840988026262485
L30G;1.104325783;-6.060649290804577
L30F;1.113898229;-5.698016747229077
L30I;1.07957034;-5.120596290557842
L30H;0.609313863;-6.6283990144875125
L30K;0.980083946;-6.119308103399818
L30M;0.929550108;-3.983457746404383
L30N;1.13307582;-7.813195080467267
L30Q;0.980355191;-6.332081778848077
L30P;1.096981707;-4.612628036760725
L30S;1.008180982;-5.771686724241589
L30R;1.006645195;-5.30322218213405
L30T;0.946922533;-5.15609797668003
L30W;1.189427589;-8.402001176241356
L30V;1.005959056;-2.8978853813314345
L30Y;1.0835610409999998;-5.943163267304044
I31A;1.033101925;-7.560774229537857
I31C;1.095662975;-6.593631807174461
I31E;1.016151763;-10.919406403232985
I31D;0.96325967;-10.919406403232985
I31G;0.98078072;-10.919406403232985
I31F;0.96840844;-5.336591590586976
I31H;0.953108547;-7.428043302015794
I31K;0.947009149;-10.919406403232985
I31M;0.962735252;-4.010987554478561
I31L;1.03580305;-3.3027053814712417
I31N;0.967726039;-10.919406403232985
I31Q;1.084646705;-6.895070338372535
I31P;1.02095533;-6.422932451821908
I31S;0.912109345;-6.484324065486362
I31R;0.966806989;-10.919406403232985
I31T;0.948244903;-10.919406403232985
I31W;1.062785822;-10.919406403232985
I31V;1.016253192;-4.688902547109136
I31Y;0.922903936;-5.491825131017323
K32A;0.883982884;-6.511693132430082
K32C;0.828524348;-7.21095145016443
K32E;0.82497396;-4.903020679834299
K32D;0.7961917009999999;-6.725528845621739
K32G;0.919979804;-8.231296384168672
K32F;0.901870766;-8.223879771023347
K32I;0.8587227409999999;-6.732766934404936
K32H;0.914743775;-7.278444557799957
K32M;0.746785542;-7.4176331564667635
K32L;0.834995002;-7.032500672576134
K32N;0.95787593;-5.112414408373297
K32Q;0.980556112;-3.7417073508840986
K32P;0.978630906;-9.519765057888435
K32S;0.844568835;-6.12469671521103
K32R;0.980859037;-4.3873211362661095
K32T;0.893776531;-4.670641432319826
K32W;0.902772312;-8.933541791418975
K32V;0.8309651570000001;-6.9624020163209925
K32Y;0.79789381;-8.65382989373029
E33A;0.953648847;-4.7500183565716725
E33C;0.868324471;-6.5889825827034665
E33D;1.044242037;-3.1144836756939185
E33G;0.954908265;-5.981090529778157
E33F;0.932962811;-6.9306223778185085
E33I;0.952893897;-6.043738991385907
E33H;0.90065432;-5.74183525658009
E33K;0.873875305;-5.5795278360565135
E33M;0.997668542;-6.772027273252661
E33L;0.959464654;-6.529952727403725
E33N;0.953176383;-3.5737954652140616
E33Q;0.904291841;-4.5986554023083945
E33P;0.8515204059999999;-10.664989183437001
E33S;0.958801797;-5.792315345919633
E33R;0.8204961559999999;-4.634733125392814
E33T;0.94251511;-5.273980787533219
E33W;1.007304797;-6.684541361781157
E33V;0.929326683;-5.389484333965812
E33Y;0.970488826;-6.249624976990162
P34A;1.111165159;-5.791555704847269
P34C;0.962001997;-9.684274227741296
P34E;0.85097008;-8.325923180454993
P34D;0.798642884;-10.549242984378454
P34G;0.9989313;-11.236986538144038
P34F;0.8784058240000001;-11.236986538144038
P34I;0.620955335;-7.559331560463762
P34H;0.955400361;-8.328197401204307
P34K;0.977925478;-8.49936587008051
P34M;0.8762110409999999;-9.44709909231642
P34L;0.709843875;-6.249529567583523
P34N;0.925106844;-11.236986538144038
P34Q;0.777378673;-10.285775445484886
P34S;0.943414773;-6.547762243626495
P34R;0.940411815;-8.056577752620798
P34T;0.8404932759999999;-7.6984239618032015
P34W;0.74561379;-11.236986538144038
P34V;0.8800942009999999;-7.163387145606976
P34Y;0.823228718;-11.236986538144038
V35A;0.993286228;-4.166471441912108
V35C;1.011074116;-6.142212095190189
V35E;0.903069831;-8.50685769895972
V35D;0.6994527140000001;-9.957064110637248
V35G;0.7984598270000001;-6.161316814919701
V35F;0.919370883;-8.238764552996145
V35I;0.977790853;-2.1496210308396257
V35H;0.966350615;-6.1309134076873315
V35K;0.930825784;-4.298406384043118
V35M;0.869138985;-5.445794717389617
V35L;0.96629031;-4.715470888768323
V35N;0.87444885;-10.172949498212006
V35Q;0.7891256870000001;-6.8711907434335435
V35P;0.601601909;-10.172949498212006
V35S;0.976359247;-6.04276141570881
V35R;0.944206318;-5.127636962242832
V35T;1.034037103;-5.21708431026491
V35W;0.996610466;-10.172949498212006
V35Y;1.052221779;-6.431821062898963
S36A;0.996078043;-5.429500921945873
S36C;1.02622288;-7.340254349204769
S36E;1.174412944;-9.156572172012602
S36D;1.103083408;-7.882219077695482
S36G;0.930645153;-7.367579615151044
S36F;0.973275829;-7.214477248780894
S36I;1.001183149;-6.144472865693388
S36H;0.834629347;-11.489037300820426
S36K;1.118973224;-7.771499162958207
S36M;1.01796431;-6.153221682703588
S36L;0.934092027;-5.9647088891942985
S36N;0.963845628;-6.720009799086256
S36Q;0.8817272759999999;-6.35390465630917
S36P;0.949692629;-8.358912990879617
S36R;0.999330546;-8.127401051478955
S36T;0.928610056;-4.475495692171535
S36W;1.061613892;-8.84034374861767
S36V;1.028780059;-6.231866930655088
S36Y;1.016291805;-7.299609875590249
T37A;1.206980989;-7.313022272690432
T37C;1.0677734490000002;-8.386468898446765
T37E;0.955647585;-12.321852340354896
T37D;0.89059368;-12.321852340354896
T37G;1.067822878;-11.295478994766656
T37F;1.098127716;-7.330964184075127
T37I;0.932200063;-5.410484701467794
T37H;1.049842291;-12.321852340354896
T37K;0.8006868979999999;-8.95753007800522
T37M;1.043284913;-7.05523151426496
T37L;0.97520725;-4.979780207562727
T37N;1.091145449;-10.443437867327702
T37Q;1.045361337;-12.321852340354896
T37P;1.180730103;-7.970628496957942
T37S;1.010152855;-8.174492031263071
T37R;0.792906599;-9.04056426214811
T37W;1.09366048;-12.321852340354896
T37V;1.064119222;-6.927737764199264
T37Y;1.1603612;-12.321852340354896
K38A;1.155542936;-4.636950572467868
K38C;1.092922301;-5.986452966433943
K38E;1.181775211;-5.9928813736869415
K38D;1.152937726;-5.2742000811949765
K38G;1.044862056;-5.822127645320506
K38F;1.154000156;-7.047239318674656
K38I;1.080736853;-5.487262521764023
K38H;1.082894927;-5.584988621451885
K38M;1.115075252;-6.599989147000997
K38L;1.123134073;-5.811878339863143
K38N;1.150417037;-3.3058772828471774
K38Q;1.126066965;-4.353647075283334
K38P;1.077780644;-4.013951784329946
K38S;1.167711165;-4.967644669605762
K38R;1.084197788;-2.823045514803198
K38T;0.973646456;-3.3731194431993567
K38W;0.393714565;-8.141972237258415
K38V;1.095974599;-5.873920798137077
K38Y;0.995849863;-6.503863645400088
C39A;0.6064428070000001;-11.89184449738616
C39E;0.857256713;-11.89184449738616
C39D;0.823811425;-11.89184449738616
C39G;0.875826641;-9.229510004920483
C39F;0.596193774;-7.7827761174012275
C39I;0.244245897;-11.89184449738616
C39H;0.716709327;-11.89184449738616
C39K;0.306655306;-11.89184449738616
C39M;0.445170285;-11.89184449738616
C39L;0.364409432;-9.168531102818633
C39N;0.530614754;-11.89184449738616
C39Q;0.450615771;-11.89184449738616
C39P;0.60903289;-11.89184449738616
C39S;0.658054733;-8.57424521494613
C39R;0.230074084;-8.250735498710128
C39T;0.6136368729999999;-11.89184449738616
C39W;0.517847608;-11.237470686734925
C39V;0.34579924799999995;-11.620797897232821
C39Y;0.583345914;-11.375103025753901
D40A;0.952820762;-4.368116453901166
D40C;1.049926932;-7.678892431442363
D40E;1.070073252;-6.017009201299516
D40G;0.994416801;-3.617599973018514
D40F;0.953069677;-7.512271180174139
D40I;0.969203993;-10.157123022338283
D40H;1.117999346;-7.268553173347755
D40K;0.390670697;-5.794612753115871
D40M;0.93076922;-6.889940445262255
D40L;1.10563451;-4.800831660584663
D40N;1.077095972;-6.4711393344041435
D40Q;0.958445716;-6.099550070386613
D40P;1.109494423;-7.004119879350469
D40S;0.979195702;-5.70452651461892
D40R;1.007814669;-5.12906317639863
D40T;0.988067493;-7.251905130215165
D40W;1.063967703;-8.230216155476228
D40V;1.067387193;-8.159048551298838
D40Y;1.022409988;-10.157123022338283
H41A;0.923667614;-11.566356984470529
H41C;0.95257219;-8.516775924821559
H41E;1.051250229;-8.386901617643161
H41D;1.003902974;-6.688402604046132
H41G;0.910081953;-11.566356984470529
H41F;0.8629154809999999;-11.566356984470529
H41I;0.938751167;-8.518726457259616
H41K;0.845178632;-11.566356984470529
H41M;0.926665279;-11.566356984470529
H41L;0.983773955;-10.98606905690576
H41N;0.921452173;-9.142540835710859
H41Q;0.924504437;-7.6155654397734915
H41P;0.365003381;-9.569258743081717
H41S;0.912564012;-9.200320202008696
H41R;0.916616265;-6.868198374009807
H41T;0.841326136;-11.566356984470529
H41W;1.012580988;-11.566356984470529
H41V;0.97193873;-11.566356984470529
H41Y;0.942707783;-8.00719160677545
I42A;0.948220127;-7.702355935804576
I42C;1.092315736;-5.869680359464837
I42E;1.132193876;-10.961916999438245
I42D;0.8341634640000001;-6.562474152233335
I42G;0.969200463;-6.989179933225388
I42F;1.070130153;-7.757897216751188
I42H;1.014128839;-6.268772677980452
I42K;1.028943585;-7.2453526142344336
I42M;0.541676586;-9.353101476544909
I42L;0.980065435;-6.57850246023736
I42N;1.065446795;-6.123079802520807
I42Q;0.957557209;-6.039429727768948
I42P;1.094276052;-10.961916999438245
I42S;1.104854203;-4.788457640999695
I42R;0.936202562;-5.849469621229218
I42T;1.1164411159999998;-4.70304127279087
I42W;0.858426494;-10.961916999438245
I42V;0.968590041;-5.202835620351833
I42Y;0.7869835159999999;-6.84456750980462
F43A;0.986866287;-8.406037279348311
F43C;0.6978046520000001;-6.409726313009743
F43E;0.773298493;-11.328856198350305
F43D;0.773556208;-11.255938990716686
F43G;0.983518644;-11.328856198350305
F43I;0.977410858;-7.0350138093563155
F43H;0.83542378;-6.542063279441209
F43K;0.582916004;-11.328856198350305
F43M;0.964773588;-7.760991143743013
F43L;1.012421241;-5.69318195320966
F43N;0.673152909;-10.161632317673137
F43Q;0.327275845;-11.328856198350305
F43P;0.492988726;-10.75438133888315
F43S;1.043044426;-7.858965920095215
F43R;0.87262396;-11.328856198350305
F43T;0.981900424;-11.328856198350305
F43W;0.309535935;-11.328856198350305
F43V;1.096029119;-6.797934879177773
F43Y;0.986152284;-4.323801400925731
C44A;0.029592407;-10.643558319759448
C44E;0.407515642;-10.643558319759448
C44D;0.979623491;-10.643558319759448
C44G;0.980719472;-7.466167652810327
C44F;0.015846487;-6.9304804160583435
C44I;-0.204457003;-10.643558319759448
C44H;0.86717109;-6.936961845241967
C44K;0.20633287600000005;-10.643558319759448
C44M;0.398478989;-10.643558319759448
C44L;-0.071193047;-8.178970294129613
C44N;0.428794278;-10.643558319759448
C44Q;-0.278483797;-10.643558319759448
C44P;0.384245031;-5.791441408160607
C44S;0.533362283;-6.051022661873502
C44R;0.222171941;-8.688920205310751
C44T;0.100983617;-10.643558319759448
C44W;-0.222998967;-10.019221929763942
C44V;-0.048153072000000005;-10.643558319759448
C44Y;0.048143817;-6.612081427609155
K45A;0.946868289;-5.943015820259461
K45C;0.990751716;-5.9668964156880975
K45E;1.022908364;-4.939411205094075
K45D;1.042769795;-6.8508398393169045
K45G;0.920648079;-5.888334180958282
K45F;1.1025607240000002;-5.91214839687018
K45I;1.037875161;-5.184767745464342
K45H;1.100474438;-5.58394471637439
K45M;1.142059329;-3.9389219063887135
K45L;1.075840184;-4.403742358175805
K45N;1.037135855;-5.345368307243916
K45Q;1.086475351;-3.94466530084901
K45P;0.989192169;-8.125267539671768
K45S;1.058467444;-4.302358664754138
K45R;1.019186737;-1.1361109694989864
K45T;0.987106047;-5.1026521452658935
K45W;1.049074806;-6.154626526062202
K45V;0.897094106;-6.262405701098032
K45Y;1.020751225;-6.824753205793967
F46A;0.958840518;-5.657719080772949
F46C;0.962817216;-7.729531318946101
F46E;0.868317653;-5.713073695609637
F46D;0.939753907;-4.715144014080579
F46G;0.99282399;-4.784408269555571
F46I;0.996197893;-6.700622520038451
F46H;0.956083328;-6.7751914289183315
F46K;1.001791569;-7.367137469096633
F46M;0.97937484;-7.3826646755696865
F46L;1.019279406;-5.608857843646547
F46N;0.8946482720000001;-5.7115146240757895
F46Q;1.002742413;-6.113451474659088
F46P;0.84407246;-6.280529007075528
F46S;0.934556555;-5.3492085402613165
F46R;0.8837199240000001;-7.554626974182612
F46T;0.96919229;-5.628976017331297
F46W;1.014938006;-9.464283124325448
F46V;1.00964522;-6.1030307784130855
F46Y;1.026437485;-9.019112036585284
C47A;0.578641106;-11.933163423152509
C47E;0.839659583;-11.933163423152509
C47D;0.790186457;-11.933163423152509
C47G;0.614815045;-11.551047481287243
C47F;0.4233851320000001;-8.466774018372233
C47I;0.390372831;-11.933163423152509
C47H;1.097256168;-11.933163423152509
C47K;0.420141205;-11.933163423152509
C47M;0.106565533;-11.933163423152509
C47L;0.41670651;-11.269217026478145
C47N;0.786186872;-11.933163423152509
C47Q;0.695134323;-11.933163423152509
C47P;0.24879383;-9.623131962935076
C47S;0.61006294;-9.576391279704694
C47R;0.42641869;-11.673465870270322
C47T;0.584154348;-11.933163423152509
C47W;0.35561942;-11.39892947758642
C47V;0.35716031600000003;-8.50464083762563
C47Y;0.659443398;-7.663532449230843
M48A;1.197792094;-6.426363365841098
M48C;0.439428466;-11.047428287455888
M48G;0.961942335;-11.047428287455888
M48F;0.7115247379999999;-6.9826490541308885
M48I;1.03600834;-2.9913170487416214
M48H;1.044582523;-10.150595441878524
M48K;0.8926569790000001;-11.047428287455888
M48L;0.984982416;-4.713819257449358
M48S;0.62861173;-8.235021371088806
M48R;0.856408402;-11.047428287455888
M48V;0.998142757;-4.516059344052337
M48Y;0.861416223;-7.694490299007157
L49A;0.969447361;-6.920070966152707
L49C;0.91745666;-7.982826213163206
L49E;0.569871421;-5.985629393369892
L49D;0.814466624;-6.296284926786028
L49G;0.935272213;-6.304835219620144
L49F;0.853087135;-4.679763710053521
L49I;1.034438017;-7.054116684856126
L49H;0.895382097;-7.082096604950492
L49K;0.901817665;-6.061639772000491
L49M;1.071900556;-5.090806180523941
L49N;0.993402773;-5.7025896092454795
L49Q;1.010450448;-5.788962960970822
L49P;0.933670387;-9.111236628941695
L49S;0.889678173;-6.510351964047004
L49R;0.943760045;-5.5802361901442055
L49T;0.916133254;-5.513029454945353
L49W;1.079544077;-8.057666241656989
L49V;1.042908359;-6.41573161109045
L49Y;1.11464679;-7.096137662674664
K50A;1.075489585;-6.742091989668553
K50C;1.077944881;-6.9285290519510445
K50E;1.03548222;-5.16022466632421
K50D;1.076512321;-6.581350103660951
K50G;1.098302337;-5.719814564217813
K50F;0.961811643;-8.942163560663175
K50I;1.288067059;-7.955485020283959
K50H;1.020619153;-6.290760224655969
K50M;1.329709309;-7.9977209124772335
K50L;1.07473446;-7.400666800333056
K50N;1.104142694;-6.929804181039798
K50Q;1.061126989;-5.619493214031537
K50P;1.102304214;-8.231347009153978
K50S;1.068020334;-6.685990727914032
K50R;0.941317497;-5.418718663837353
K50T;1.05542188;-5.946257887815591
K50W;1.004668808;-10.10587284173016
K50V;1.078350987;-7.989414670621045
K50Y;0.914487059;-8.702312527471804
L51A;1.023830554;-6.4132274173316555
L51C;0.976113701;-5.372475142998155
L51E;1.028993368;-7.213681641558652
L51D;0.859419121;-7.921357142913622
L51G;0.945730464;-7.844780700324918
L51F;0.943201281;-5.578658902493771
L51I;1.029239269;-6.905547981310519
L51H;0.952431161;-5.203813590022037
L51K;1.139064625;-8.139272985896241
L51M;1.000207009;-6.9310075323519404
L51N;0.936758223;-6.647511737417972
L51Q;1.00294271;-7.379226702207234
L51P;0.986237185;-9.788249839777565
L51S;1.035534176;-6.3981409689295115
L51R;1.065253869;-7.115109992919315
L51T;1.042111589;-6.936106589270594
L51W;0.384108889;-6.331487147224834
L51V;1.080645624;-5.865835834934843
L51Y;0.938841557;-5.311136998439906
L52A;1.036685783;-5.546487030740536
L52C;0.8793902170000001;-5.727776939800607
L52E;0.901898132;-7.253930848550227
L52D;1.072464887;-7.010624291760905
L52G;1.010389739;-6.588472609357267
L52F;1.013800145;-4.1022797628174885
L52I;0.956209662;-3.7776490808828393
L52H;0.8838180990000001;-7.419141830704063
L52K;1.108824066;-6.5307288890180635
L52M;0.980626804;-5.563427560053243
L52N;1.055458877;-8.387139486938395
L52Q;0.962185557;-6.567381872802797
L52P;0.989313027;-8.278493372297817
L52S;0.968004886;-6.484718109022652
L52R;0.985852978;-5.513031152840995
L52T;0.972998773;-6.895420499618923
L52W;0.802615478;-5.842202015533985
L52V;1.01674721;-5.323723030007387
L52Y;0.979850936;-7.548707233698224
N53A;0.8924730329999999;-6.2117845707107335
N53C;1.043563901;-6.944595808825397
N53E;0.8637417479999999;-5.038880590807821
N53D;0.945190604;-2.4074475536981477
N53G;0.996570126;-5.432346324516402
N53F;0.919527882;-7.450065543347136
N53I;0.888163852;-6.673262984433677
N53H;0.7669892079999999;-5.822374308387225
N53K;0.969429182;-4.88735778224509
N53L;0.905950648;-6.164961168913576
N53Q;1.096722855;-4.963207690450872
N53P;1.049705533;-6.294897848267282
N53S;0.988973574;-3.7543532286581462
N53R;0.84846913;-4.648051655756717
N53T;0.994967248;-5.057604388966865
N53W;1.069851318;-9.240154227167297
N53V;0.7249824029999999;-5.850138570523995
N53Y;1.0905189;-7.539022833159379
Q54A;0.986925529;-5.71515005188121
Q54C;0.992751022;-6.542086642704817
Q54E;1.04592961;-5.3795070281630615
Q54D;0.986550295;-6.1848983688105355
Q54G;0.913069281;-6.451243251241976
Q54F;1.066919374;-6.652451561007182
Q54I;0.941143049;-6.0589513358564435
Q54H;1.003331314;-6.332059765583836
Q54K;1.054725413;-3.906461825710721
Q54M;1.015886878;-6.361335688590771
Q54L;0.974868072;-5.1807794132619165
Q54N;1.038371826;-4.672404300057679
Q54P;0.975381236;-7.139803229976678
Q54S;1.013503089;-4.4473032035748465
Q54R;0.980363561;-5.148218666785397
Q54T;1.00115417;-5.343667522378382
Q54W;1.015668276;-7.323747851274675
Q54V;1.015952166;-5.986824242743522
Q54Y;0.961166074;-5.842535877745831
K56A;1.013915904;-5.511258080007791
K56C;1.049807188;-6.287040893467747
K56E;1.016578572;-5.9341903187769285
K56D;0.919869696;-5.931814398993992
K56G;1.064119883;-5.320362952944379
K56F;1.009048757;-6.605462546259331
K56I;1.064186541;-6.58955816258367
K56H;1.041788374;-6.017179834600937
K56M;1.045798988;-6.519429716517153
K56L;1.082616591;-6.599870442066276
K56N;0.939311241;-4.779199900777712
K56Q;0.907584384;-4.269399819590944
K56P;1.091316208;-5.888291755220963
K56S;1.012654801;-5.240031677009938
K56R;1.075891055;-2.8305039643773853
K56T;1.075501477;-4.5464842059400326
K56W;1.188166779;-7.868468688141547
K56V;1.04954566;-5.9549590917768
K56Y;0.964264388;-7.134118938679421
G57A;0.977564787;-5.672976919158828
G57C;0.8594251620000001;-7.122092948286082
G57E;0.8493214090000001;-4.7707902593829195
G57D;0.834075929;-4.50483927780806
G57F;0.899552373;-7.058404357463588
G57I;1.121731402;-7.407656398718245
G57K;1.1795801540000002;-4.576645559107418
G57M;0.8401875109999999;-7.022892812834471
G57L;0.950204552;-6.7302857672038945
G57N;0.053105292000000005;-4.461700405692682
G57S;0.949196094;-4.958296882876311
G57R;1.012674344;-7.113492139309528
G57T;0.923570141;-5.814674351888241
G57W;1.109035498;-7.652114550344777
G57V;1.013082895;-6.368798520183192
G57Y;1.104035278;-7.230221165576951
P58A;0.184952956;-5.519338759491801
P58C;1.079808376;-7.233004817991059
P58E;0.989397589;-5.958329702771152
P58G;1.049665899;-6.356999502844701
P58F;1.067777011;-7.525868470838759
P58I;0.990990978;-5.871229423990371
P58H;1.028740343;-5.5233382638361945
P58K;0.924468534;-5.645149919379038
P58M;1.061026546;-7.1567846584257495
P58L;1.005293415;-3.3873234049115126
P58N;1.066040259;-5.65420989139011
P58S;1.031481626;-5.188216253518476
P58R;1.0341740190000002;-5.616767850457108
P58T;0.962138117;-4.120296883949777
P58V;1.119814013;-3.0894815986830513
P58Y;1.003959696;-6.771503061972908
S59A;1.105429876;-3.885206806779024
S59C;0.661021902;-5.746415567788062
S59E;0.712470562;-8.478965450693067
S59D;1.056131615;-6.8628027172708235
S59G;1.032131891;-8.00943794111663
S59F;0.945307119;-5.884381322248371
S59I;0.904690095;-4.264743584324607
S59H;0.954485799;-6.308784632492461
S59K;0.8560606609999999;-6.557305295595143
S59M;1.114153144;-6.768733507660728
S59L;0.996183151;-5.669662823856925
S59N;0.555754519;-7.226434639655054
S59Q;1.189557495;-6.30066738196183
S59P;0.322926206;-5.968108307919465
S59R;1.036046143;-5.555981784447795
S59T;0.999609057;-4.396033672281192
S59W;0.8089536909999999;-6.450009434811364
S59V;0.948400157;-4.160526595478586
S59Y;0.866493911;-4.168399280752055
Q60C;0.622775934;-6.176243353169411
Q60E;1.172979588;-4.272993134392891
Q60G;0.355712641;-6.514706321147969
Q60I;1.03792041;-6.02722744984203
Q60K;0.97456102;-3.654877954453696
Q60L;1.121480945;-6.3070875382982186
Q60P;0.7032527;-5.9056375561631285
Q60S;0.636107043;-4.721608696258045
Q60R;1.013729759;-4.0746302429470225
Q60T;1.070740671;-6.363900949276285
Q60W;0.387075249;-8.239233474098
Q60V;0.6972035109999999;-6.125139674884848
Q60Y;1.060786241;-6.540536201209762
C61A;0.6020467829999999;-10.172460837358358
C61E;0.524793755;-11.983639571334038
C61G;0.345880334;-9.939965908662089
C61F;0.685921053;-8.687986406050186
C61I;0.469286197;-11.983639571334038
C61H;0.563963196;-10.84729722397833
C61K;0.368847015;-11.983639571334038
C61M;0.510034193;-11.39671381217886
C61L;0.5163176939999999;-8.791127732496534
C61N;0.5365944260000001;-11.983639571334038
C61P;0.426596489;-11.983639571334038
C61S;0.526102273;-10.937686890588115
C61R;0.470055623;-8.84307583970076
C61T;0.477457609;-11.983639571334038
C61W;0.715651921;-8.848192917865163
C61V;0.634702058;-8.892268056772082
C61Y;0.615614057;-8.745108635062067
P62A;0.83844897;-7.286189786493196
P62C;1.194137761;-11.78193609511959
P62E;0.460857258;-11.78193609511959
P62G;0.964002058;-8.978091962453616
P62F;0.7201170640000001;-8.623513117301627
P62I;1.082143344;-11.768194126566756
P62H;1.056198475;-7.8366129894857295
P62K;1.010139772;-9.047542681651976
P62M;0.977972883;-11.78193609511959
P62L;1.019898894;-6.1058299947271735
P62N;0.949349776;-11.78193609511959
P62Q;1.054830263;-7.601752223068615
P62S;1.066509074;-6.6100619891669785
P62R;0.969000029;-8.566394265701092
P62T;1.035761406;-7.522664700722089
P62V;0.478402945;-11.78193609511959
L63A;1.0440289459999998;-7.337641537960735
L63C;1.032808821;-7.262882266775705
L63E;0.920477561;-5.341184653734672
L63D;1.036084898;-6.617824293789454
L63G;0.962325483;-7.214534101294702
L63F;1.082009971;-6.066406000260031
L63I;0.973667985;-5.204414626525248
L63H;1.033765317;-5.839644180960022
L63K;1.01187321;-6.280014962001588
L63M;1.069589932;-3.9473732259357353
L63N;0.8977854690000001;-6.127311133706826
L63Q;0.929216121;-5.799859287508299
L63P;1.032523878;-7.802318076996016
L63S;0.915869128;-6.4996964152669525
L63R;0.7920950440000001;-6.2768205677566575
L63T;1.019833128;-5.5306504526524805
L63W;0.8707496090000001;-7.8866642359498655
L63V;0.936469681;-3.8088656168547463
L63Y;1.030978458;-6.312234086683019
C64A;0.40823666;-10.67724340716768
C64E;0.904551684;-11.745631132338529
C64D;1.057077747;-9.132814395017702
C64G;0.698381109;-8.710584246262442
C64F;0.6196973029999999;-8.50638604885171
C64I;0.545978838;-11.745631132338529
C64H;0.365060289;-11.745631132338529
C64K;0.487783497;-11.745631132338529
C64M;0.6328665170000001;-11.745631132338529
C64L;0.650191759;-11.745631132338529
C64N;0.379635937;-10.679215078280775
C64Q;0.339955292;-11.745631132338529
C64P;0.39956092;-11.745631132338529
C64S;0.767507112;-8.005780722553029
C64R;0.440511431;-8.048614062514389
C64T;0.476539545;-8.608811070127558
C64W;0.772268321;-7.986130989367666
C64V;0.459712244;-8.09701915475307
C64Y;0.619958253;-8.44233519635236
K65A;1.29394394;-7.274223276300289
K65C;1.31279037;-7.972924966498795
K65E;1.081537189;-7.442507559785553
K65G;1.003804487;-6.0250403338022815
K65F;1.151099746;-8.68233587091072
K65I;0.956454041;-7.8821890933204495
K65M;1.150952104;-5.204686652944473
K65L;1.114963386;-7.196759087036297
K65N;0.949099482;-4.912010975606791
K65Q;0.781978389;-5.731592699538852
K65P;0.456427945;-8.193879284355718
K65S;1.072853483;-6.88472825118788
K65R;0.988887503;-5.644568538354179
K65T;0.7550127259999999;-7.457832754796072
K65W;1.246905857;-7.915649606572515
K65V;1.08221675;-8.206192073094826
K65Y;1.0887313;-7.611009840172301
N66A;0.882869018;-4.154740470024991
N66E;0.430101284;-4.6584691988828135
N66F;0.932998739;-5.956236424739473
N66I;0.914502327;-6.390372198919067
N66M;0.995375059;-6.136520646447026
N66L;1.080671744;-6.311640792700927
N66P;1.165734338;-8.947027517662717
N66S;0.958821597;-3.629515714186709
N66R;1.079830659;-6.339782279144857
N66T;0.86395265;-3.1474029750970662
N66V;0.7426604370000001;-5.992296727723442
N66Y;0.945173925;-6.957230661661015
D67A;1.046741202;-3.744515199417947
D67C;1.127480016;-5.374525805658776
D67E;0.724078647;-1.6654955607373267
D67G;0.974722346;-4.974425805354258
D67F;1.027928827;-5.425547382430524
D67I;1.062488707;-4.214064953906926
D67H;1.062566497;-4.720670470473124
D67K;0.327058523;-2.7659567726077507
D67M;0.367696085;-5.14035226253327
D67L;1.039992144;-4.193509792385156
D67N;1.013947619;-2.0107700506341644
D67Q;1.003756685;-2.6555778568144888
D67P;1.178176063;-4.740293723035394
D67S;1.063369082;-2.1592243621998928
D67R;0.942741559;-4.197671158006415
D67T;0.942408163;-3.609252614434809
D67W;0.272559168;-7.154516889878322
D67V;1.075605669;-5.439336563780671
D67Y;1.080486071;-5.389786275452933
I68A;1.069326821;-6.723813920922113
I68C;1.110763853;-6.034565741720144
I68E;0.273247547;-7.317165896980442
I68D;1.086946526;-7.193009991515282
I68G;1.044858319;-7.366225181423942
I68F;0.985922918;-4.745629790275416
I68H;1.010492133;-5.4486087315599425
I68K;0.8943984709999999;-10.920889527432564
I68M;0.9726992;-9.371198174645544
I68L;0.970408665;-4.430332261967124
I68N;0.918879739;-10.920889527432564
I68Q;-0.13710778699999998;-7.295359215902862
I68P;1.025733609;-7.730621133800014
I68S;0.987589084;-5.128157151193591
I68R;0.931595066;-9.006232526357053
I68T;0.8591721440000001;-6.260355990205427
I68W;1.02384558;-6.9852730886195795
I68V;1.0396859040000002;-2.9503648062527645
I68Y;0.986969014;-5.932930301773013
T69A;0.958457337;-6.1262225224636495
T69C;1.061732198;-8.085831911652347
T69E;0.651359348;-6.012112593736673
T69D;1.027112331;-6.9746451979533495
T69G;0.837046825;-6.295901604666143
T69F;1.116111144;-8.123194546700688
T69I;1.088316901;-6.698791644972516
T69H;1.204549136;-7.814258216036251
T69K;0.6957469940000001;-6.378133842765237
T69M;0.859388893;-7.362487657985183
T69L;0.890598633;-6.5271082620993175
T69N;1.063965282;-5.59795020101592
T69Q;1.114481379;-6.806928354370028
T69P;0.6067979720000001;-5.404423777246847
T69S;1.035813293;-5.793776565900772
T69R;1.032720765;-6.240198701911139
T69W;1.189893186;-8.963681598899711
T69V;1.097017434;-7.663776372006396
T69Y;1.021686736;-7.177054071362362
K70A;1.005478902;-6.7440823837277994
K70D;1.082079858;-7.214332898787688
K70G;0.752973516;-7.041004799437361
K70F;1.332507739;-7.454869469950608
K70I;1.3666243319999998;-6.2147072585721626
K70M;1.20351984;-7.285738822305576
K70L;1.3981043359999998;-7.039918617650982
K70N;1.040526439;-5.751704969996354
K70Q;0.00123404;-5.798236443821224
K70P;1.027266335;-6.480500683042918
K70S;0.996970795;-6.056994192476849
K70R;1.192706933;-3.5238689037505537
K70T;0.947650231;-5.1658950639939585
K70W;1.323196901;-9.268721009219007
K70V;1.328200656;-7.2525491665419395
K70Y;1.043092704;-7.966579660693243
R71A;0.903042872;-6.0324363519321205
R71C;0.90883224;-6.840897774556653
R71E;0.750435955;-6.311222950302181
R71D;0.946750464;-6.018180503381473
R71G;0.972391226;-5.736026427708566
R71F;0.783712368;-6.79944257083116
R71I;0.943533078;-5.7069612487575805
R71H;1.082851776;-6.718878966610646
R71K;0.987328696;-5.859212342416867
R71M;0.902481125;-6.133535848857719
R71L;0.956526099;-6.200316587783733
R71N;0.960691961;-6.409412255357893
R71P;0.969725211;-6.100573874471593
R71S;0.8674669070000001;-5.980486415538508
R71T;0.977935345;-6.496268304680598
R71W;1.01470752;-6.63692489744426
R71V;1.015649166;-6.2022708366348525
R71Y;1.088699627;-7.480589356534437
S72C;0.8848363090000001;-7.882495828423997
S72D;-0.000191883;-6.267965473776712
S72G;0.87554508;-5.59708647817024
S72F;0.816944187;-7.580768840372912
S72I;0.824814232;-6.482190421069389
S72K;0.125138459;-6.204087710997555
S72L;0.6582798910000001;-5.965989425203588
S72N;1.125957919;-5.343168132480058
S72P;1.145819538;-5.3647889551793915
S72R;0.923794596;-7.031033287770697
S72T;0.927763766;-6.292820646951442
S72W;0.794189606;-8.680510785910883
S72Y;0.878922035;-7.59339585192174
L73C;0.306326593;-7.714336138087674
L73D;0.882347916;-8.29474343567199
L73F;0.294285227;-6.0803074818250025
L73I;0.899568825;-5.651105161675331
L73H;0.066824759;-8.415966886939714
L73N;1.179433913;-8.951798581574621
L73Q;0.946948076;-7.48974168796849
L73P;0.942461517;-5.994275228236803
L73R;0.8105109140000001;-8.111446172057184
L73W;0.6426905470000001;-7.193867861193214
L73V;0.056488018;-4.7503102595801465
L73Y;0.8431085970000001;-8.789652901632508
Q74A;0.398007516;-6.5046127123059705
Q74C;1.078913355;-6.4057506608223775
Q74D;0.824932057;-7.020223029394401
Q74G;1.0553653;-6.486964544543297
Q74F;1.030662566;-7.007512582174967
Q74I;0.897686237;-7.434920809282629
Q74H;0.806300564;-6.023826765245758
Q74K;0.907364518;-3.788943033021496
Q74L;0.663484329;-5.8390901470556855
Q74N;0.930589228;-5.560944855475099
Q74P;0.839252178;-6.2602968268911345
Q74S;0.901081682;-5.322738669754472
Q74R;0.913029958;-4.498198993125698
Q74T;0.687154009;-6.2681467058719145
Q74V;0.96737045;-6.995822320342995
Q74Y;1.051216149;-6.8870856576031665
E75A;0.62828464;-5.857654876628658
E75C;1.041158091;-8.777104173212138
E75D;0.183541709;-4.906652966456021
E75G;0.895431185;-3.5565897269552806
E75I;0.309649986;-5.924397727969335
E75H;0.455063239;-7.435208045757463
E75K;0.825176487;-5.484914052838576
E75M;0.922115296;-7.301242169793112
E75L;1.118220282;-6.447053805410178
E75N;1.0785964259999998;-6.1394381988120585
E75S;0.7342903009999999;-5.456415526292402
E75R;1.023911603;-6.064727178629255
E75T;1.072257938;-5.543778457693406
E75V;1.090019039;-5.327863808968687
E75Y;0.724882769;-11.157845482140145
S76A;1.033341021;-6.874357636530477
S76C;1.035796713;-8.297937014205672
S76D;1.299167153;-5.0763867440400645
S76G;0.743462862;-7.4226409258844805
S76F;0.599921547;-8.19744660636934
S76I;1.062314188;-7.330902421454084
S76K;0.623552612;-6.513379584765063
S76M;1.114479517;-9.063186381612466
S76L;0.773550712;-6.937775482041617
S76N;0.8776582540000001;-3.1512245737540066
S76Q;1.176712993;-7.320559345462242
S76R;0.867697776;-7.302278226175987
S76V;0.952699401;-7.79521938196558
S76Y;1.243804226;-7.683386514399898
T77A;1.05858398;-4.748152278865747
T77E;1.07620163;-6.919472940775449
T77G;0.8875202959999999;-5.944995535872295
T77F;1.05085793;-5.628407335068914
T77I;0.980608853;-4.179382055226597
T77K;0.996591292;-5.9591899795195795
T77M;0.918288559;-6.472151041132747
T77L;0.55956999;-5.549140207134769
T77P;1.001261597;-3.8546617339743534
T77S;1.13328105;-4.016159824022907
T77R;0.910698579;-5.202514723452623
T77V;0.950808347;-5.168151352158019
R78A;0.645822805;-6.675351755169686
R78C;0.564191613;-8.124478071439626
R78E;0.653067565;-6.572087811189704
R78D;0.935977654;-7.8103121191379605
R78G;0.81903979;-5.620761191559723
R78I;0.965326704;-5.557554578903363
R78H;1.058321351;-6.591735869951662
R78K;0.7755659659999999;-6.660019679518883
R78M;1.012446652;-7.120299738191535
R78L;1.000883067;-7.432595539663452
R78N;0.39243171;-7.015701816380898
R78Q;-0.010203597;-6.9317020109156156
R78P;0.628984813;-6.8259316810872415
R78S;0.7728564370000001;-6.9235241517599215
R78T;0.554834996;-5.032040499499999
R78W;0.640522921;-9.96454198153242
R78V;0.88977742;-6.417699771816842
R78Y;0.788705167;-6.708364309393801
F79A;0.87137152;-7.366820153518348
F79C;1.036563123;-11.872521155160484
F79E;1.082068091;-7.788119287011797
F79D;1.140413679;-8.599252370571776
F79G;1.117537109;-9.012108102437196
F79I;0.994335735;-6.266636897591526
F79H;0.94638487;-8.591361876460724
F79K;0.651468535;-8.206447013006255
F79M;1.017186038;-6.526970373830409
F79L;1.084967389;-3.9915630319883353
F79N;1.0230958;-9.427863661845551
F79Q;0.7744648590000001;-7.568483941155138
F79P;0.8433723679999999;-6.701363199190383
F79S;1.048592662;-6.66713813543538
F79R;0.8470289059999999;-8.031583690164553
F79T;0.951015275;-7.23361988463148
F79W;0.979372254;-9.169321197245154
F79V;1.040408804;-5.98537599395786
F79Y;1.072010461;-7.585832698299782
S80A;1.000219207;-6.2089731480227766
S80C;1.0222041;-5.451991709560389
S80D;0.955246843;-6.800952063371368
S80G;1.056218122;-5.646616467245622
S80F;0.974165265;-8.79177083241666
S80I;0.880614268;-7.692687103524804
S80H;1.024223823;-6.855154265271268
S80K;0.850247874;-4.252699884091272
S80M;0.993999601;-7.996140475777793
S80L;0.920770947;-7.802843287314317
S80N;1.054722958;-5.60614967228321
S80Q;0.496611881;-5.545934765716083
S80P;0.901179151;-7.74775081215921
S80R;0.942067843;-5.350244474495412
S80T;0.7255749690000001;-6.1126891921740025
S80W;0.76142394;-8.349016394742648
S80V;0.970958818;-6.554287604230923
S80Y;0.941085527;-7.617909188615157
Q81A;0.991509259;-5.892625444896113
Q81C;0.944785249;-8.060906910559424
Q81E;1.003977691;-6.032503832833754
Q81D;1.165031721;-5.676275483539939
Q81G;1.079991207;-6.537227801138215
Q81F;1.003090853;-7.294832626274
Q81I;0.993063822;-8.294721730071615
Q81H;1.084690977;-6.835516594772344
Q81K;0.981869185;-4.596554730047501
Q81M;1.019274629;-8.431275110855495
Q81L;0.987495399;-6.084565675981139
Q81N;0.456857819;-6.5742583560386265
Q81P;1.040036296;-7.4030566942019504
Q81S;1.026029068;-6.341649341138692
Q81R;1.00691341;-6.123207002372509
Q81T;0.513452517;-6.769656925771415
Q81V;1.010590467;-7.229690188403765
Q81Y;0.890307801;-8.148465971378755
L82A;0.669146429;-6.5421151795308115
L82C;1.10669369;-8.187240283528809
L82D;-0.271116067;-7.843423760816222
L82G;0.56859337;-7.624787528984598
L82F;1.023971173;-7.5360624675959125
L82I;0.937160914;-5.894882990745828
L82H;0.989952375;-8.265696573802416
L82K;0.024454672;-7.15780088774045
L82M;1.186171921;-5.8135488073749
L82N;0.728565109;-9.390459581838511
L82Q;1.033472775;-7.866185920123827
L82P;0.619008332;-7.539567565876496
L82S;0.642334375;-7.5756093366085215
L82R;-0.132190538;-8.121244941976329
L82T;0.797102586;-6.1593245581461815
L82V;0.9066978;-4.6506315603037365
L82Y;1.035392149;-8.882748178722977
V83A;0.922572697;-5.6847586080402825
V83C;0.958842187;-7.5627211679311594
V83E;0.925048736;-7.248925166175468
V83D;1.091669527;-8.211435991544022
V83G;1.041987993;-7.599411903710461
V83F;0.933033219;-8.026280786631105
V83I;1.029343666;-4.5593913360717115
V83H;0.751977069;-8.02919340790686
V83K;0.591384293;-8.279324504379474
V83M;1.081687848;-6.075191878457191
V83L;1.060339077;-4.963493819406722
V83N;1.010573758;-8.729149099752249
V83P;1.237100757;-7.241104930253641
V83S;1.107088025;-5.882869328510424
V83R;0.981127638;-7.783909981146281
V83T;0.142037046;-6.158261635187955
V83W;0.545498967;-11.907216549166831
V83Y;1.153547643;-9.36120811606088
E84A;0.966156977;-4.563001987378812
E84C;1.020900589;-8.105574698201963
E84D;1.071530513;-4.510362775239628
E84G;1.066500033;-5.687397026951658
E84F;0.727158376;-8.100091873522615
E84I;0.834406929;-7.729260162857827
E84H;-0.13015505300000002;-6.548292070103344
E84K;0.779526941;-5.012670567884925
E84L;0.8039112209999999;-6.517393120448105
E84N;1.054468902;-6.927344523137434
E84P;0.944612224;-7.070823817630298
E84S;0.997667213;-5.3055250374900425
E84R;0.8310740590000001;-6.3095593057223605
E84T;0.516971221;-6.064583490689984
E84V;0.961498617;-7.058426890318514
E84Y;0.8354462290000001;-8.58532204374933
E85A;0.946651397;-4.819449031580007
E85C;0.908902437;-7.370690372743411
E85D;0.997817899;-5.9215118087886385
E85G;0.90623953;-3.834690577641595
E85F;0.624148507;-7.007296630050405
E85H;0.915781106;-5.582821781143139
E85K;0.951167262;-6.743667238333727
E85M;0.957463664;-6.568940159922931
E85L;0.742316277;-5.746581460931338
E85N;0.94634103;-5.004317141196225
E85Q;0.911691851;-5.4745306562108444
E85P;1.008604456;-6.970337060367456
E85S;0.937006976;-5.58351581828174
E85R;0.951750556;-5.446151766911498
E85T;0.860832875;-5.26676362764556
E85W;0.091077739;-8.168389040176407
E85V;0.974779058;-4.849273998137505
E85Y;0.2998083;-6.0354097787931105
L86A;1.135737777;-5.940524201869266
L86E;0.480636678;-6.713489601519541
L86G;0.906252203;-7.890922388283798
L86F;0.897984243;-5.306732232827926
L86I;0.941482829;-5.3860362121486105
L86H;1.019135844;-5.93898556109707
L86K;0.003859431;-6.364289174249278
L86M;1.017723807;-5.125296590442304
L86N;1.019185213;-8.574920843850121
L86Q;0.456525823;-6.483441032003611
L86P;0.799520094;-7.213512584101409
L86R;0.771214118;-6.996913693543321
L86T;0.888042235;-6.048940323802526
L86V;0.806910885;-4.0337238150677885
L86Y;0.980959381;-5.4693394504993185
L87A;1.014006457;-5.541439540415013
L87C;0.933152452;-6.823271296016173
L87E;1.009664412;-5.892029639944668
L87D;0.693335885;-7.163563428242925
L87G;0.609730646;-6.099771000845068
L87F;0.953076542;-7.3890681823249915
L87I;1.012588737;-6.9994691824831525
L87H;1.096788142;-6.962128734012368
L87K;0.8608049659999999;-4.894526519754437
L87M;0.969651431;-6.221257044089725
L87N;0.386900333;-6.388374353729888
L87Q;0.489036773;-4.135697368852561
L87P;1.064652035;-6.634656502923463
L87S;1.017074912;-4.266765130712884
L87R;0.887204865;-5.608788031531731
L87T;1.049340479;-6.329218213184503
L87W;1.096373495;-7.3297510523407245
L87V;1.060257617;-6.349536052555777
L87Y;1.0393499659999998;-7.1273116720694825
K88A;0.853083354;-5.531869536862358
K88C;1.051490195;-6.830024430557388
K88E;0.994292198;-3.3024975656589963
K88D;0.937295138;-5.013970838794194
K88G;1.075028963;-6.950492551142816
K88F;1.126593873;-7.181695986109843
K88I;1.084451375;-6.67470548680285
K88H;0.990944963;-6.5023863053065725
K88M;1.102934259;-6.853092810983071
K88L;0.941679425;-4.964088109554723
K88N;1.043077444;-4.814826747227926
K88Q;1.030667557;-5.378866370989272
K88P;1.19425546;-6.381809030965087
K88S;1.03578123;-4.514806776802288
K88R;0.970206295;-5.307374436757527
K88T;1.050004915;-5.6499443992215665
K88W;0.8846484659999999;-7.680907964211656
K88V;1.147660675;-7.302651916035758
K88Y;1.15825871;-7.482707743169158
I89A;0.92748484;-3.5503225727006797
I89C;0.580268851;-6.627775877102977
I89D;0.599837606;-6.274636434670357
I89G;0.343783833;-6.2546060118475
I89F;0.90862451;-5.365462024055887
I89K;-0.105912404;-5.788841020024848
I89M;1.050091773;-5.020789308138774
I89L;1.118692296;-3.7646896310034217
I89N;1.0020997459999998;-5.040118262375471
I89Q;1.1322201440000002;-5.3211879581795065
I89P;-0.075484959;-5.353764589232014
I89S;0.8045722340000001;-4.484625893703196
I89R;-0.173209898;-5.393329995684326
I89T;0.781503197;-2.9145474086981267
I89W;0.849330099;-8.724911639717902
I89V;1.008012511;-2.7158047181219445
I89Y;1.0541792559999998;-6.93252054558252
I90A;0.991459875;-5.164998765278141
I90C;0.929441241;-4.071201221189767
I90E;1.099282937;-5.7037662396905935
I90D;1.051820826;-4.9386240749736325
I90G;0.983698475;-6.4995624797593345
I90F;0.891974192;-5.568868528876918
I90H;0.920064973;-5.314635687886039
I90K;1.082643711;-5.076083815918538
I90M;0.585486056;-6.0635791034437725
I90L;0.951375713;-4.591658239427488
I90N;0.920650662;-6.748005370958707
I90Q;0.906985107;-6.247572112479247
I90P;0.964442078;-5.704556870856322
I90S;0.987276144;-4.47044619537337
I90R;0.925380583;-5.691923003570992
I90T;0.926284326;-3.392944892555533
I90W;0.938913708;-7.409246058792632
I90V;0.976188744;-4.401049028994748
I90Y;0.901818275;-5.771368976042139
