# Data from McLaughlin Jr, R. N.; Poelwijk, F. J.; Raman, A.; Gosal, W. S.; Ranganathan, R. The Spatial Architecture of Protein Function and Adaptation. Nature 2012, 491, 138-142.
# y represents the experimental measure "CRIPT"
# dE is the difference in statistical energy between the variant and the wild type (EVmutation)
variant;y;dE
H317H;-0.00029185710843400003;0.0
H317A;0.089051;-3.1095112701441394
H317C;0.25642;-2.6091358207631856
H317E;0.05012;-0.3733980669640005
H317D;0.15086;-3.4028231278061867
H317G;0.15733;-3.9476925611961633
H317F;0.15855;-3.243643489200622
H317I;0.19131;-2.5390061759389937
H317K;0.2888;-1.082182838814333
H317M;0.28602;-3.668049838393927
H317L;0.23654;-2.7032347179483622
H317N;0.10288;-1.7002386946696788
H317Q;0.11708;-0.8175979671068491
H317P;0.04949;-4.668580369092523
H317S;0.10927;-3.344963706796989
H317R;0.23485;-0.7050778177072061
H317T;0.04626;-1.6528923206496984
H317W;0.26118;-3.7383596949512135
H317V;0.12578;-2.4016883554868396
H317Y;0.15886;-2.1326888050243724
R318A;-0.13465;-6.281020081602037
R318C;-0.14907;-5.871221524605062
R318E;-0.31382;-5.716858830768615
R318D;-0.31008;-6.315564172284214
R318G;-0.097655;-7.946468924521469
R318F;-0.25092;-7.6774355596862724
R318I;-0.16463;-5.197149227838962
R318H;-0.13098;-5.860995601397008
R318K;0.12253;0.6546795833564829
R318M;-0.079015;-6.5085277159232655
R318L;-0.26569;-6.1450985085684815
R318N;-0.27564;-5.445838595398527
R318Q;-0.13793;-3.9980142702115695
R318P;-0.0502;-5.318225361406802
R318S;-0.11793;-4.619367519509979
R318T;-0.08665700000000001;-4.804427818366094
R318W;-0.29546;-8.329575383468182
R318V;-0.16973;-4.5977209822885925
R318Y;-0.17726;-7.6409714411129235
G319A;0.074709;-2.9508088832953945
G319C;0.031749;-4.6854336063261135
G319E;0.098914;-3.3755652135005216
G319D;-0.06412999999999999;-1.2368774085771292
G319F;0.10554;-5.963256374699996
G319I;-0.047082;-5.789270690176637
G319H;0.021438;-3.5997837606118988
G319K;0.06313400000000001;-2.5042029808246298
G319M;0.084267;-4.683150500408374
G319L;0.02215;-3.7177242083707824
G319N;0.11533;-3.230032433057204
G319Q;0.075665;-2.690207949955948
G319P;0.040463;-3.312252491363324
G319S;0.10346;-1.7272293183850709
G319R;0.053143;-3.101330192759633
G319T;0.035786;-2.7409439062466845
G319W;0.081249;-6.6027751240180805
G319V;0.022009;-3.922566041932441
G319Y;0.026041;-4.899926893383963
S320A;0.10726;0.023555963569378943
S320C;0.14439000000000002;-1.8201478476039483
S320E;0.16472;0.4717468405506224
S320D;0.10149;-0.08129169613675913
S320G;0.12728;1.4653854495045382
S320F;0.020641;-3.348830781025754
S320I;0.11589;-1.6432522756149408
S320H;0.06339700000000001;-1.4471280179786843
S320K;0.093117;-0.22663728552470275
S320M;0.14701;-1.1642195606473251
S320L;0.09497;-2.54218441395642
S320N;0.085677;0.06133654216682771
S320Q;0.052528;-1.1731782327624387
S320P;0.10647;0.12944356348452854
S320R;0.11348;-0.5542965490822098
S320T;0.14520999999999998;0.15933377823239425
S320W;0.073072;-3.363719451786892
S320V;0.1327;-2.450696619307564
S320Y;0.047296;-2.3026288865003157
T321A;0.13572;-0.9002194235799834
T321C;0.14335;-2.937897686613724
T321E;0.096972;-2.9977069182932614
T321D;0.16214;-2.782160385278985
T321G;0.14265999999999998;-1.2958501474931836
T321F;0.020652;-4.194075119448827
T321I;0.12975;-3.333041732897982
T321H;0.14338;-2.3925450778770028
T321K;0.07660499999999999;-1.3033104242058469
T321M;0.14306;-3.6312373459222727
T321L;0.10514;-2.6085145813412964
T321N;0.19642;-3.2998180994181894
T321Q;0.20024;-0.7616664596134797
T321P;0.10882;-3.384566231397912
T321S;0.12619;-0.20550091910990886
T321R;0.10109;-1.922291377093643
T321W;0.056984;-6.721537432400511
T321V;0.11901;-4.2767594361212105
T321Y;0.12286;-1.888978799805045
G322A;0.087744;-5.1167504901532075
G322C;0.045469;-6.131364969536662
G322E;-0.014432;-5.334882144932635
G322D;-0.086406;-5.603920699097216
G322F;-0.21359;-7.213792994618416
G322I;-0.02714;-7.680160049465486
G322H;-0.018261000000000003;-7.1930103397462535
G322K;0.0059776;-5.42602131748572
G322M;-0.16722;-7.363440436776727
G322L;-0.10904;-6.526085167191923
G322N;0.045447;-4.762764703016729
G322Q;0.022251;-5.412143824854867
G322P;0.084518;-3.898619467392564
G322S;0.10343;-3.0503178075887263
G322R;-0.050415;-4.047100589086766
G322T;0.077146;-6.064716640044935
G322W;-0.13039;-7.758710991591215
G322V;-0.019031;-8.405351457651705
G322Y;-0.14818;-5.799811995588242
L323A;-0.25676;-4.897481701569632
L323C;-0.056368;-7.8584560269955555
L323E;-1.5134;-8.425515650189482
L323D;-1.4846;-9.5717842488084
L323G;-1.0526;-7.6806598582770675
L323F;-0.014446;-1.5681950969155878
L323I;-0.33119;-3.2482011012034486
L323H;-0.95967;-5.915479672374205
L323K;-1.52;-7.946941925212741
L323M;0.10679;-4.826887914794497
L323N;-0.39247;-7.728248341503786
L323Q;-0.96935;-6.8222030331380665
L323P;-1.2278;-5.944363367976622
L323S;-0.25209000000000004;-6.403116190689616
L323R;-1.2471;-6.9749773996300055
L323T;-0.5613100000000001;-7.596398295921973
L323W;0.04598;-7.088027289370076
L323V;-0.5542199999999999;-3.3734516373369843
L323Y;0.0020839;-5.740878063530546
G324A;-0.23188000000000006;-6.9419787102378905
G324C;-0.17064;-9.578222491370981
G324E;-0.44911;-7.748462127521634
G324D;-0.45867;-7.587887491550647
G324F;-1.2532;-8.634491492295638
G324I;-0.12922;-8.470168694853783
G324H;-0.80209;-8.796450742636807
G324K;-0.5824600000000001;-8.924791537225246
G324M;-0.55829;-9.123645960353317
G324L;-1.1477;-6.926036729244514
G324N;-0.29212;-7.092313582310452
G324Q;-0.44299;-7.470932313706727
G324P;-1.5591;-7.302542265082593
G324S;-0.5273399999999999;-7.413695811730577
G324R;-0.92586;-9.42038075905293
G324T;-1.3182;-7.588718729559332
G324W;-1.281;-8.757359280250968
G324V;-1.3656;-9.477076970157214
G324Y;-1.2059;-9.26782303753862
F325A;-0.032796;-6.055557606450747
F325C;0.060888;-5.700054145185278
F325E;-1.4888;-8.100045153638348
F325D;-1.8809;-7.833400322706439
F325G;-0.20838;-6.578206184087322
F325I;-0.14219;-1.5737438227515668
F325H;-0.49198;-8.189846999011934
F325K;-0.75108;-7.921011530328543
F325M;0.11067;-3.868774120506714
F325L;-0.12218;-1.5667291398858652
F325N;-0.75344;-7.306828701839549
F325Q;-0.94656;-8.872637162625324
F325P;-1.6063;-7.445022226078437
F325S;-0.34254;-6.058103311806918
F325R;-1.5792;-7.651267230510713
F325T;-0.19904;-5.831972319399937
F325W;-0.31718;-6.327531912713312
F325V;-0.13666;-2.561720554425847
F325Y;-0.059637;-6.442866799014156
N326A;0.049814;-4.91841033322271
N326C;0.090672;-5.620915617211722
N326E;-0.8844799999999999;-7.1012577546498505
N326D;-0.12354;-6.914084015297704
N326G;-0.11727;-5.412435686099343
N326F;-0.097269;-8.055600389023311
N326I;0.046841;-7.147455166443251
N326H;-0.14619;-8.946576491871383
N326K;0.047035;-6.1584114280412905
N326M;0.14106;-7.100866284919902
N326L;-0.1436;-6.587012217205484
N326Q;-0.15070999999999998;-5.256596569903196
N326P;-1.2039;-10.335306799388489
N326S;0.070189;-2.725612046080641
N326R;0.016087;-4.583280063379789
N326T;0.11131;-4.447280788444914
N326W;0.07268;-10.08083921665093
N326V;0.13298;-6.728288453392452
N326Y;-0.0026603;-7.254465355654247
I327A;-1.5385;-5.648811168852262
I327C;-1.4619;-8.32055657717865
I327E;-1.3878;-7.7907859686529255
I327D;-1.4543;-7.375830575823784
I327G;-1.4788;-7.9019982995232585
I327F;-0.24916;-6.436837241228203
I327H;-1.6521;-8.395082768402062
I327K;-0.12922;-8.56615166067786
I327M;-0.42507;-5.6692413575947285
I327L;-0.45078;-3.677533981623128
I327N;-1.4323;-8.939367422251962
I327Q;-1.517;-8.516068475211796
I327P;-1.5801;-6.480520947719923
I327S;-1.5202;-8.409871138748713
I327R;-1.4906;-7.156337287027783
I327T;-1.5163;-6.220936244702897
I327W;-1.4062;-9.934020023676569
I327V;-0.3113;-3.0221760267158966
I327Y;-0.47986;-7.844623281562235
V328A;-0.26331;-1.8120924133108929
V328C;-0.12091;-6.554279781412332
V328E;-0.79157;-5.562662663520314
V328D;-1.5846;-6.408925493131392
V328G;-0.60042;-5.9603700059233224
V328F;-0.27394;-4.803682796424255
V328I;0.099704;-2.8096165657043457
V328H;-0.37602;-5.7637914987280965
V328K;-0.15147;-3.254454216454178
V328M;0.092222;-4.940848452504723
V328L;-0.10168;-4.277972740237601
V328N;-1.0911;-5.924454322674137
V328Q;-0.083702;-6.040353409945965
V328P;-1.5234;-6.746716605557594
V328S;-0.31807;-5.454100642818958
V328R;-0.10809;-4.199631938594393
V328T;-0.19285;-4.24702481739223
V328W;-0.5966100000000001;-9.22820622526342
V328Y;-0.46278;-6.232315903645941
G329A;-1.3616;-5.841482596239076
G329C;-1.2826;-8.486636506691866
G329E;-1.4580000000000002;-5.959911637939513
G329D;-0.85215;-5.052890125894919
G329F;-1.2315;-9.60319535410963
G329I;-0.12922;-8.6626124039758
G329H;-1.3144;-8.396589151350781
G329K;-1.6676;-6.53051390699693
G329M;-1.197;-10.558379306225106
G329L;-1.7068;-8.117028538952582
G329N;-1.0481;-6.615564109466503
G329Q;-1.3633;-7.056339154019952
G329P;-1.4917;-7.3127176167909065
G329S;-0.11314;-4.507679475995246
G329R;-1.4169999999999998;-6.875127403065562
G329T;-0.48253;-4.2599165386054665
G329W;-0.96688;-10.152434836607425
G329V;-1.515;-8.105308787198737
G329Y;-1.5;-7.914971294987482
G330A;-0.6906399999999999;-7.133200685697376
G330C;-0.45402;-6.3930069121997795
G330E;-0.19134;-6.286431711283512
G330D;-0.31766;-6.747020313914617
G330F;-0.95714;-7.064633856265572
G330I;-1.2924;-6.20804710034281
G330H;-0.8277200000000001;-5.521788897691295
G330K;-1.0998;-4.723564176238142
G330M;-1.1689;-6.1182051456999025
G330L;-1.107;-6.586728825757746
G330N;-0.63683;-5.443345354869962
G330Q;-0.67335;-5.1543454772327095
G330P;-0.15136;-6.134754472412169
G330S;-0.59307;-5.577660660143009
G330R;-0.96238;-4.024049827239651
G330T;-0.55214;-6.528272274648772
G330W;-0.7602399999999999;-8.31716642063111
G330V;-1.1805;-5.996980171301402
G330Y;-1.0553;-7.6243489595362925
E331A;-0.22196;-3.57461564312689
E331C;-0.1781;-4.984078500885516
E331D;0.032399000000000004;-3.53438702179119
E331G;-0.1441;-4.886081242511863
E331F;0.0025929000000000004;-3.9733104257611562
E331I;0.025467;-3.875673001166433
E331H;-0.085474;-4.2140038589714095
E331K;-0.52998;-1.1809853848535568
E331M;-0.065469;-5.953820998314768
E331L;-0.14307;-4.0182302366010845
E331N;-0.059909;-3.3647118418884934
E331Q;-0.035652;-3.6647672007093206
E331P;-1.2269;-3.0664341275114566
E331S;-0.13178;-1.762745697167702
E331R;-0.4573;-1.4469143087044358
E331T;-0.064529;-2.87546418121201
E331W;-0.025441;-6.25857486622408
E331V;-0.07889;-2.8695366086903964
E331Y;-0.029748;-5.4336157895158985
D332A;-0.12458;-3.3919800947187473
D332C;0.028035;-4.889363274094649
D332E;-0.033063;-0.8969055932248011
D332G;-0.037339;-1.486473902943544
D332F;0.067161;-6.329628167033662
D332I;-0.047568;-4.466304862638936
D332H;0.062933;-3.9455152536975215
D332K;-0.0058739;-3.3658101042965427
D332M;-0.054261;-5.492687876452692
D332L;0.048325;-4.507624417659827
D332N;0.053167999999999986;-1.7566974138608202
D332Q;-0.06374400000000001;-3.931207166519016
D332P;-0.60387;-3.9617249016300775
D332S;-0.058730999999999985;-3.0494744645839087
D332R;-0.0095601;-4.464877055143006
D332T;0.033395999999999995;-4.060416021500714
D332W;0.15687;-7.429070864454843
D332V;-0.1029;-3.826165448292159
D332Y;0.083311;-6.129323278320952
G333A;-0.014021;-1.904578254558146
G333C;0.13981;-3.8356385224033143
G333E;0.11359;-3.0960536928614597
G333D;0.066096;-0.9319266020320356
G333F;0.092658;-4.930720118281896
G333I;0.09938;-2.3761648745276034
G333H;0.12391;-2.759969439357519
G333K;0.1336;-2.01772054284811
G333M;0.12191;-3.7162710120901465
G333L;0.026824;-2.4354264682624494
G333N;0.11281;-1.8442831387692424
G333Q;0.19395;-3.74307742761448
G333P;-0.15237;-2.7803597956663
G333S;0.12495;-1.4549179872847162
G333R;0.162;-2.0234909374266863
G333T;0.081788;-1.975094713969156
G333W;0.029191;-4.929459037142807
G333V;0.10474;-2.9224605843774043
G333Y;0.02382;-4.560544628882782
E334A;0.11802;-2.8976235936861485
E334C;0.15858;-4.468028961215168
E334D;0.13447;-3.733457674505189
E334G;0.06866799999999999;-3.4081009555375203
E334F;0.29835;-4.495503581420053
E334I;0.18239;-4.1914752253796905
E334H;0.1253;-3.859177908161655
E334K;0.081695;-2.0291498429432977
E334M;0.14604;-4.816393716260791
E334L;0.1418;-3.004139287470025
E334N;0.062764;-2.159837125189369
E334Q;0.10105;-2.774304567312356
E334P;0.10275;-1.4370422529755158
E334S;0.15026;-0.6163340113125741
E334R;0.112;-2.7831303293351084
E334T;0.15978;-1.789508924819529
E334W;0.21203;-6.6730779034551215
E334V;0.20483;-4.0257775136851714
E334Y;0.19515;-5.056661412265385
G335A;0.17853;-4.371781800611643
G335C;0.213;-7.0069894713524254
G335E;0.12880999999999998;-6.7379903578112135
G335D;0.048455;-4.465821766731096
G335F;0.041715;-7.946364378294676
G335I;0.0049805;-6.747018024529097
G335H;0.17825;-5.150401952880202
G335K;0.14114000000000002;-5.606015295401448
G335M;0.076046;-8.043315492890542
G335L;0.094678;-5.571196146978763
G335N;0.11208;-5.509236895682988
G335Q;0.068587;-5.607762185827596
G335P;0.28426;-3.313445447332924
G335S;0.13151;-4.157344151491998
G335R;0.17922000000000002;-5.703054209676338
G335T;0.037031;-6.143031629471808
G335W;0.030443;-8.378201795479981
G335V;0.1637;-6.887222875695442
G335Y;0.047557;-7.084195468778488
I336A;-0.7987;-3.674552790587768
I336C;-0.18983;-5.871799839893357
I336E;-0.35862;-8.586646548472345
I336D;-0.45594;-10.236459904001094
I336G;-0.98645;-7.962433081585914
I336F;-0.74344;-6.297339132754133
I336H;-0.28311;-7.016981304157525
I336K;-0.38216;-8.129634352808353
I336M;-0.13629000000000002;-4.573466388043017
I336L;-0.15027;-4.94221988634672
I336N;-0.26446;-7.986052975989878
I336Q;-0.042168;-9.041417608968914
I336P;-0.1186;-7.718086185872379
I336S;-0.49029;-7.561382832704113
I336R;-0.8815;-7.373869844828732
I336T;-0.10262;-4.327133627142756
I336W;-1.5153;-7.866843233350664
I336V;0.042717000000000005;-1.7991950223222375
I336Y;-0.12922;-8.272569704102352
F337A;-0.22473;-6.326565322815441
F337C;-0.16466;-6.232556459843181
F337E;-0.5209;-6.056304643549082
F337D;-0.33166;-9.086705786990931
F337G;-0.13241;-6.741613655933179
F337I;-0.1013;-5.257050044718199
F337H;0.059844000000000015;-6.468089878675528
F337K;-0.11799;-6.068207801901735
F337M;0.08341900000000001;-6.177733375807293
F337L;0.013863;-5.242063407669775
F337N;-0.22008000000000005;-6.254344469984063
F337Q;-0.29266;-7.350110089057125
F337P;-1.31;-8.08149170607794
F337S;-0.10759;-5.911386145860888
F337R;-0.12663;-6.31251035083551
F337T;-0.23909;-5.504047021851875
F337W;0.023547;-7.152707832516171
F337V;-0.2122;-5.1550930524244905
F337Y;0.15033;-2.395896383270156
I338A;0.095079;-6.671206705737858
I338C;0.14675;-7.495932302830624
I338E;-1.5413;-7.541142467875034
I338D;-0.89512;-7.873300222912802
I338G;-0.098316;-6.990554134245031
I338F;-0.39586;-4.8568219610024235
I338H;-1.6926;-6.830114432726988
I338K;-0.12922;-7.076782743650257
I338M;0.020445;-8.110935592383612
I338L;0.1147;-2.3949742164695635
I338N;-0.06924;-7.317586997989565
I338Q;-0.7869;-6.765047765104099
I338P;-0.67808;-6.542448120031622
I338S;0.18614;-5.3574281181790875
I338R;-1.3133;-6.931238066405058
I338T;0.17236;-5.550860409071902
I338W;-1.7429;-7.056407119729557
I338V;0.19596;0.11029895162209867
I338Y;-0.12922;-6.596372546162456
S339A;0.052854999999999985;-3.9478841850650497
S339C;-0.06743500000000001;-6.7056485481443815
S339E;-0.2942;-5.583225045003928
S339D;-0.26639;-5.623507080716081
S339G;-0.11409;-4.052342529059388
S339F;-0.13448;-6.551591098832432
S339I;-0.038887;-5.768830299144612
S339H;-0.032991;-5.161792241560762
S339K;-0.14504;-2.7803817204257943
S339M;-0.10325;-7.948698176129255
S339L;-0.23145;-4.0350047199754036
S339N;-0.31767;-4.55962201685179
S339Q;-0.15078;-4.244113742490299
S339P;-0.19235;-8.355612830724567
S339R;-0.15055;-4.045182807603851
S339T;-0.10652;-4.100374748464674
S339W;-0.46207;-8.947534490376711
S339V;-0.12097;-5.933338299044408
S339Y;-0.15658;-5.885894580162129
F340A;0.03805;-6.19809287636599
F340C;-0.08226499999999999;-4.3019700401928285
F340E;-0.21173000000000006;-3.6753546947147697
F340D;-0.13731;-2.725375014124438
F340G;0.051315;-5.350290829082951
F340I;-0.22786;-7.6067666427697995
F340H;0.036923;-5.096084113465622
F340K;-0.071118;-3.5704283709637816
F340M;-0.030967;-6.575090577593072
F340L;-0.0052591;-4.817340184701607
F340N;-0.1253;-3.7117087214719504
F340Q;0.0096463;-5.312380085000768
F340P;-1.5107;-9.479023778229019
F340S;0.011626;-4.262008794234134
F340R;-0.08202000000000001;-3.555376325035468
F340T;-0.094298;-4.624354232335463
F340W;0.026546;-7.6548084308742546
F340V;-0.078421;-6.428472465137019
F340Y;0.032147;-4.083140281014494
I341A;-0.64367;-5.096815784490901
I341C;-0.09291;-7.4110855682811225
I341E;-1.3467;-7.9201127665583035
I341D;-1.4658;-7.522188883616764
I341G;-1.2379;-7.366728106513619
I341F;-0.006649899999999999;-7.054012143518777
I341H;-0.93964;-7.747134155593812
I341K;-0.30332;-7.115080091520213
I341M;0.015304;-5.289991640194785
I341L;0.051302;-2.48409433249617
I341N;-0.63527;-7.329085272853263
I341Q;-0.32881;-6.7200440738815805
I341P;-1.0869;-6.81207571469713
I341S;-0.7376199999999999;-5.888259970233777
I341R;-0.50564;-5.964688180596568
I341T;-0.24891;-4.005029141204432
I341W;-0.90732;-8.016889095684746
I341V;-0.014085;-0.15843128616688773
I341Y;-0.67161;-7.202441324479878
L342A;0.043923;-1.1099894639464765
L342C;-0.027682;-5.090505899846903
L342E;-0.27256;-1.8241619202890436
L342D;-0.21607;-1.930380443460308
L342G;-0.096011;-5.065216952469201
L342F;0.081348;-2.14668804500252
L342I;0.071491;-0.8098727087490261
L342H;0.042483;-4.071687186835334
L342K;0.16576;-2.648623864399269
L342M;0.093889;-2.2039594396483158
L342N;-0.13638;-3.2831383743323386
L342Q;-0.078191;-1.1640387389343232
L342P;-0.028606;-4.365256153047085
L342S;-0.0093181;-1.9754465913865715
L342R;0.024383;-3.2252126547973603
L342T;-0.070774;-1.3065460437792351
L342W;-0.22225;-4.869711448205635
L342V;0.0016695999999999998;-0.6072318437509239
L342Y;-0.071074;-3.118645331822336
A343C;0.02652;-4.327565216924995
A343E;0.084897;0.4185876963892952
A343D;0.06929600000000001;-1.711184336221777
A343G;0.083095;-3.0682481665353407
A343F;0.0051994;-5.400733067654073
A343I;-0.026923;-3.2456696189474314
A343H;0.053741;-2.22203052934492
A343K;-0.00067925;-0.8795630934182554
A343M;0.016888;-3.5149408495053653
A343L;0.061091;-3.0512983497465025
A343N;-0.021511;-2.6285354087594897
A343Q;-0.0047959;-1.1746212875004858
A343P;0.092922;0.8446176755824126
A343S;0.051913;-0.7559606207069008
A343R;-0.23685;-1.6073657580418512
A343T;0.05102;-1.0079718269407751
A343W;0.018479;-4.752178324968554
A343V;0.047056;-1.6778531289892271
A343Y;0.11343;-4.751131602562964
G344A;0.048486;-5.385301257134415
G344C;0.11665;-6.076481472875456
G344E;-0.022659;-3.344552015129011
G344D;0.033127;-1.5644917709287256
G344F;0.079252;-7.8086156087811105
G344I;-0.33708;-7.7960730809136285
G344H;0.029794;-5.56771233904874
G344K;0.050347;-3.1268452279618937
G344M;-0.054339;-8.540988347900566
G344L;0.10629;-6.8824246127042
G344N;-0.023899;-2.021999248478096
G344Q;0.067535;-5.860793696076144
G344P;-0.48126;-7.216960309771822
G344S;0.018274;-2.4977512810291955
G344R;0.21074;-4.785157309495844
G344T;-0.12687;-6.118263308133463
G344W;0.031353;-9.705660754465498
G344V;-0.27378;-7.620002391995512
G344Y;0.057698;-6.849063120433129
G345A;0.028215;-5.493089717812836
G345C;-0.16918;-5.76336969807744
G345E;-0.21881;-5.16563468775712
G345D;-0.2238;-5.597164317383431
G345F;-0.070967;-5.079912422050256
G345I;-0.84916;-7.512747866974678
G345H;-0.076878;-6.298442142549902
G345K;-0.10768;-4.687544580432586
G345M;-0.029544;-4.262383895460516
G345L;-0.087233;-4.489704145118593
G345N;-0.3268;-5.977852551732212
G345Q;-0.0075533;-4.191067879954062
G345P;-0.91957;-5.64052752405405
G345S;-0.023848;-1.762491931207478
G345R;-0.1854;-5.073845021281159
G345T;-0.06768400000000001;-3.3750590507406737
G345W;-0.23231;-7.705446013249457
G345V;-0.71637;-7.22567505214829
G345Y;-0.1399;-4.630066783633083
P346A;0.093252;-0.021044563822215426
P346C;0.052343;-4.76789567337255
P346E;-0.11501;-4.42130370796076
P346D;-0.45241;-4.267382128018653
P346G;0.0015208;-4.1123058859666335
P346F;-0.23285;-7.601309133315227
P346I;-0.094876;-1.8173568056081424
P346H;-0.043347;-7.039275292743696
P346K;0.00069959;-5.769955862342613
P346M;0.0030972;-2.6891503063670825
P346L;-0.14487;-2.3086493051087014
P346N;0.062323;-5.5031066186202215
P346Q;0.010739;-3.3183445537870284
P346S;0.082825;-2.259198435320286
P346R;-0.0096713;-7.3459535237343525
P346T;-0.10019;-2.480559622839792
P346W;-0.48525;-7.766377231426303
P346V;-0.032154;-0.7498222464637365
P346Y;-0.23572;-6.072349923982984
A347C;-0.055291;-7.653465657262133
A347E;-1.0828;-8.964062943705358
A347D;-1.0490000000000002;-9.048963460547382
A347G;-0.14443;-6.5043929526000275
A347F;-1.4208;-6.758889347256629
A347I;-0.52499;-6.590884273464326
A347H;-1.0979;-8.559993887727613
A347K;-0.88449;-8.628826231870335
A347M;-0.93;-7.469295623421202
A347L;-0.79069;-8.124234240443911
A347N;-0.75857;-7.680562191118952
A347Q;-0.7188399999999999;-9.125462886120658
A347P;-0.95336;-7.437322018085978
A347S;-0.03779;-5.606445599507424
A347R;-0.92187;-8.554296978691129
A347T;0.020187;-5.976047274802113
A347W;-1.1962;-10.455583810515236
A347V;-0.13957999999999998;-4.770918268186506
A347Y;-1.0967;-8.828869265475078
D348A;-0.0046259;-1.4494550126837566
D348C;-0.11942;-6.369627659791149
D348E;-0.034985;-1.7625015752855688
D348G;0.020324;-3.9832749323686585
D348F;-0.10158;-6.086002396652474
D348I;-0.51258;-6.751550273156681
D348H;0.010281;-2.7037636355671566
D348K;-0.2801;-4.9384881920414045
D348M;-0.11469;-7.02403547859285
D348L;-0.38398;-6.476822972181253
D348N;-0.13388;-5.687503382912839
D348Q;0.009321;-3.4017542278161272
D348P;-0.85098;-6.9379025506787
D348S;0.041732;-3.1785526719177137
D348R;-0.41262;-5.885355463135056
D348T;-0.4402100000000001;-6.879400896374136
D348W;0.029652;-6.237972459872253
D348V;-0.52382;-5.752957189572044
D348Y;-0.3587;-5.3591159928473635
L349A;0.020332;-3.039135701197665
L349C;0.028216;-5.270871088781861
L349E;0.046978;-2.6868663746281527
L349D;0.055711;-4.555260466586333
L349G;-0.06661900000000001;-5.200083519972394
L349F;0.010228;-5.487097321252803
L349I;0.089179;-2.9552461182465777
L349H;0.02059;-6.324757316091564
L349K;0.036529;-1.6121220634668134
L349M;0.0018524;-3.865077539987397
L349N;0.068854;-2.7513143217656757
L349Q;-0.0015479;-1.7806750342715532
L349P;-0.61275;-6.308046821737663
L349S;-0.0041761;-2.3867120894719847
L349R;-0.020843;-2.129427334817592
L349T;0.016682;-2.2385596893145703
L349W;0.0017686;-7.661539672350045
L349V;0.017145;-2.992266204208136
L349Y;0.022704;-4.2594981244183145
S350A;0.072407;-0.8270594161003828
S350C;0.061008000000000014;-1.1608181563206017
S350E;0.077306;-3.1314558558224235
S350D;0.014127;-0.09989580779802054
S350G;0.077237;-2.47707910387544
S350F;-0.076998;-5.277473444119097
S350I;-0.015891;-4.941381465177984
S350H;0.097391;-2.5214765410128166
S350K;-0.0034307;-4.3296420564875016
S350M;0.039738;-5.104858558974229
S350L;0.015749000000000003;-3.326470216270536
S350N;0.081236;-0.4291046727448702
S350Q;0.051501;-3.9291801676154137
S350P;-0.10357;-3.751252880727407
S350R;0.00093083;-5.037463231477886
S350T;0.08711;-2.1699200804287098
S350W;-0.13312000000000002;-7.516972630517558
S350V;0.066527;-3.3371016510063782
S350Y;-0.087933;-6.163985597901046
G351A;0.010455;-4.057849968165101
G351C;0.05639;-5.624741365281807
G351E;0.018137;-4.0118677535429015
G351D;-0.066222;-2.703676598459424
G351F;-0.080577;-7.992426927281485
G351I;-0.40313;-6.115500143925601
G351H;-0.0052937;-4.989020592613088
G351K;0.046278;-3.2768644791431143
G351M;-0.0035163000000000004;-7.1864419252597145
G351L;-0.052055999999999984;-6.121209216864372
G351N;0.032699;-3.769180280120054
G351Q;0.031134;-3.6759190366938133
G351P;-0.26823;-5.139164992920996
G351S;0.080175;-4.6789528849112685
G351R;0.0079274;-4.456663746001142
G351T;0.056846;-6.3357920354101225
G351W;-0.22591;-8.798998773178027
G351V;-0.18622;-5.540954031595902
G351Y;-0.15649000000000002;-8.553645076077371
L353A;0.103;-7.804307245343808
L353C;0.12302;-8.873414086730918
L353E;-1.3132;-9.656016929540783
L353D;-1.2519;-10.5322278617532
L353G;-0.17512;-8.443650629138574
L353F;0.10139;-5.105631108977832
L353I;-0.030626;-3.537320732022636
L353H;-0.30128;-10.644178399466911
L353K;-0.69365;-10.651462935828024
L353M;0.022652;-4.875743651413359
L353N;-0.36819;-10.285370158788282
L353Q;-0.30365;-9.870468779699877
L353P;0.046111;-9.41287583857775
L353S;-0.050414;-9.730168138979932
L353R;-1.224;-10.133673236792674
L353T;0.006233;-9.05425387667492
L353W;-0.3365;-10.868188171996737
L353V;0.016562999999999998;-4.982961722955224
L353Y;-0.30987;-10.527701332990548
R354A;0.041212;-4.162027188169303
R354C;0.058997;-3.689571142225759
R354E;0.09453;-2.593469607294537
R354D;0.092952;-5.517410945612936
R354G;0.07972699999999999;-4.789846332365414
R354F;0.0099764;-2.211180451791733
R354I;0.087286;-4.287631161743775
R354H;0.047202;-1.769409668399021
R354K;0.074514;-0.34604450082406396
R354M;0.043269;-3.0095118121244013
R354L;0.073672;-2.0156192765571177
R354N;0.083841;-2.2017494391911896
R354Q;0.098311;-0.6630728580057621
R354P;-1.0767;-6.599604349583387
R354S;0.07598099999999999;-3.3889169036410753
R354T;0.050257;-3.757883286489232
R354W;-0.10003;-4.818083755322732
R354V;0.041015;-3.337085542530985
R354Y;-0.014034;-2.71448064642027
K355A;0.053711;-1.5190063478075901
K355C;0.06233;-1.884395951405168
K355E;0.043565;-1.1035180566832423
K355D;-0.024791;-5.0286319833248845
K355G;0.04403;-4.027150848531163
K355F;0.06828300000000001;-5.370401162421332
K355I;0.053723;-0.7041618740186095
K355H;0.017741;-5.260684126755223
K355M;0.041101;-1.6397268637083469
K355L;0.008745600000000001;-2.3079154731240124
K355N;0.060723;-4.853371854871512
K355Q;0.022931;-1.471357996109873
K355P;0.059574;-0.7554429068404716
K355S;0.041437;-1.7297592544928193
K355R;0.021078;1.349665443849517
K355T;0.061228;-1.8797972896136343
K355W;-0.028761;-5.958806843787898
K355V;0.08730800000000001;-0.3337995191686787
K355Y;-0.12573;-4.006473132176326
G356A;0.07245499999999999;-3.1980307647027075
G356C;0.13013;-6.202747771516442
G356E;-0.10626;-4.829723580973223
G356D;-0.33221;-3.129928827518597
G356F;0.034771;-6.790484154364093
G356I;-0.4348;-8.617869639158016
G356H;-0.032701999999999995;-3.821871831081808
G356K;-0.022645;-5.221566419466399
G356M;0.10876;-4.7332913413411015
G356L;-0.3972;-6.297905489569531
G356N;-0.12372;-3.515941853169352
G356Q;-0.010376;-5.2851339231128796
G356P;-0.62344;-8.67211187101202
G356S;0.03623;-4.3330585539806625
G356R;-0.019923;-5.616318497573958
G356T;-0.069116;-6.075733129866421
G356W;0.055953;-5.871891931747086
G356V;-0.35345;-7.547453123734157
G356Y;0.049795;-5.068052039721807
D357A;-0.030791;-6.910295978188515
D357C;0.065938;-7.545735244872048
D357E;-0.081763;-5.888140714087057
D357G;-0.31117;-8.495142820756882
D357F;-0.033760000000000005;-8.274650865467265
D357I;-0.14438;-8.952296411065616
D357H;0.057241;-7.352931221714242
D357K;-0.38589;-10.246082915225998
D357M;0.10656;-7.7167556147032865
D357L;-0.23494;-8.222615870065056
D357N;-0.15273;-8.37230435560923
D357Q;0.11999;-8.757335974369196
D357P;-1.4128;-12.576434151575086
D357S;-0.084672;-6.379094770876692
D357R;-1.1156;-8.98751097318018
D357T;0.023383;-6.196275781374425
D357W;-0.37531;-9.77305866254028
D357V;-0.032418;-8.941418408241589
D357Y;-0.049727;-6.53761532495264
Q358A;0.004993399999999999;-3.323882589873392
Q358C;0.090604;-5.462616260512731
Q358E;0.058773;-3.80062714451924
Q358D;-0.4376600000000001;-6.5742549904971375
Q358G;-0.0020368;-6.7999633599538365
Q358F;0.04369;-5.297517492203042
Q358I;0.008997;-2.5689138460438703
Q358H;0.07244199999999999;-4.9623682922974695
Q358K;-0.038342;-1.0255185139831156
Q358M;0.026434;-4.045928461826406
Q358L;0.057224;-3.698697611689568
Q358N;0.071662;-6.464429111103527
Q358P;-1.1132;-8.577781365835108
Q358S;0.032681;-5.589209366473369
Q358R;0.072862;-0.8671240262920037
Q358T;0.061278999999999986;-4.199178489467158
Q358W;0.057778;-6.398141253273934
Q358V;0.019477;-2.413310383213684
Q358Y;0.033260000000000005;-5.637938049156219
I359A;-0.16004000000000002;-7.255699892179109
I359C;0.014864;-5.7594213862903425
I359E;-1.2979;-8.587895229778951
I359D;-1.4515;-11.036890869407218
I359G;-0.69307;-8.065784795791844
I359F;-0.43174;-5.419073755852878
I359H;-1.5387;-8.539676622662228
I359K;-1.6037;-10.797285379438106
I359M;-0.17345;-4.491764192469418
I359L;-0.010643;0.6692532857996412
I359N;-1.3636;-8.527131927756272
I359Q;-1.2978;-8.641223482467467
I359P;-0.29097;-5.992385175894015
I359S;-0.58036;-8.714033406198721
I359R;-1.4872;-6.481500395922923
I359T;-0.36627;-6.994516744045542
I359W;-0.12922;-8.420626870647537
I359V;-0.031533;-1.5579219984356314
I359Y;-1.306;-8.004031835473143
L360A;0.012694;-4.8553167700301865
L360C;0.021973;-6.2335163003299385
L360E;0.036264;-5.60114922982757
L360D;-0.18694;-7.784243123140186
L360G;-0.255;-8.371429058752256
L360F;0.011474;-5.332015186198987
L360I;0.073917;-1.0322797856933903
L360H;0.041816000000000006;-5.921287507924718
L360K;0.11494;-3.2732188147492707
L360M;0.054576;-3.135339045606088
L360N;0.062041999999999986;-7.136722040362656
L360Q;0.035866;-5.531441057275514
L360P;-0.5253899999999999;-8.400272146216594
L360S;-0.025861;-4.874708517920227
L360R;0.12974000000000002;-4.174209137388972
L360T;0.017147;-4.093352148134727
L360W;0.061403999999999986;-6.162822491256519
L360V;0.057280999999999985;-2.4408758350182325
L360Y;0.069356;-7.537205001572148
S361A;-0.064033;-1.462649936438538
S361C;-0.020686000000000003;-5.2256613649078645
S361E;-0.039895;-1.5576721677207388
S361D;-0.086903;-5.042604427610059
S361G;-0.0012371;-4.3028652445063935
S361F;0.14336;-3.6439319598139264
S361I;0.13073;-4.576735238835682
S361H;0.1201;-5.934082341904286
S361K;0.052843;-2.481706938298885
S361M;-0.020866;-3.407048606604804
S361L;0.1408;-5.158733198943082
S361N;0.04958;-3.172332478512544
S361Q;0.052534;-2.087525485560036
S361P;-1.3789;-9.281271327054128
S361R;0.14365;-2.7668129323137687
S361T;0.035924;-3.759476581646595
S361W;0.096293;-7.859509443456773
S361V;0.087839;-4.228096655628178
S361Y;0.17327;-3.450783341890201
V362A;0.060142;-4.326163797173649
V362C;0.13142;-6.587059556972235
V362E;-0.43818;-9.028831096860813
V362D;-1.1976;-10.462700043339284
V362G;-0.26703000000000005;-8.713983084307984
V362F;-0.31177;-6.105626681761351
V362I;-0.15573;-1.6659682937897742
V362H;-0.12922;-10.289705089933703
V362K;-0.48048;-10.539959372370504
V362M;-0.088249;-5.825415129849715
V362L;-0.22468;-3.2393928137607872
V362N;-0.42116;-10.793706460783143
V362Q;-0.25747;-10.045920111588202
V362P;-1.2183;-10.784803847476725
V362S;0.036857;-8.373150551342405
V362R;-0.56296;-10.503353916399648
V362T;0.039882;-7.482285363250412
V362W;-0.88374;-9.749849340762012
V362Y;-0.061066;-6.709412345546298
N363A;-0.025182;-5.7333808806724855
N363C;0.07720199999999999;-3.961359767243266
N363E;0.13133;-5.2434804637450725
N363D;-0.034914999999999995;-1.3097041156142948
N363G;0.04403;-4.522599573479964
N363F;-0.28018000000000004;-9.139840267132966
N363I;-0.19782;-7.891157529891642
N363H;0.044083;-6.642910084046888
N363K;-0.093125;-6.369157177396119
N363M;0.063746;-7.95053630019538
N363L;-0.08024099999999999;-8.094371268962277
N363Q;0.10942;-6.721606512845027
N363P;-0.28903;-8.742135772648906
N363S;0.027016;-2.9723894367925823
N363R;-0.064726;-5.678309565351809
N363T;-0.021276;-9.429492006427607
N363W;-0.061886;-9.001589846389834
N363V;-0.050408;-7.849121461855247
N363Y;-0.055329;-7.3568789277924225
G364A;0.01323;-4.214804851391818
G364C;-0.060531;-7.434827804620454
G364E;0.077445;-2.9529481581412256
G364D;0.013441;-2.07215748494491
G364F;0.079604;-7.795355764807027
G364I;-0.064886;-9.208151128565078
G364H;0.12362;-5.39313790097367
G364K;-0.02536;-3.2484957685810514
G364M;0.12511;-8.420079038944094
G364L;0.054473;-6.25097260158509
G364N;0.052452;-1.5579909309744835
G364Q;0.043829;-5.502077838056722
G364P;-0.33759;-8.548777036834508
G364S;0.006792;-3.307988799875602
G364R;0.077186;-4.712265255162492
G364T;-0.0011678;-5.238870712026255
G364W;0.15141;-8.485940417740494
G364V;-0.0087081;-7.2361184912733725
G364Y;0.1961;-8.368183562764898
V365A;0.019983;-2.1820707037695684
V365C;0.014546000000000003;-2.655319094817969
V365E;0.033753;-1.5489025933784433
V365D;-0.041024;-3.111517826822819
V365G;0.067277;-4.968378068355378
V365F;0.15169000000000002;-3.2705236801775754
V365I;0.12043;0.5279437712451909
V365H;0.057146;-1.8962781095760877
V365K;0.014936;-2.2022959803871345
V365M;0.08830700000000001;-3.131168243882712
V365L;0.11073;-2.480643099814188
V365N;0.0092789;-2.965698702668305
V365Q;0.032637;-1.5933413735474462
V365P;-0.36363;-7.202446935814805
V365S;0.061865;-1.9198586164857259
V365R;0.093785;-2.291037731512916
V365T;0.073206;-1.5328062108601443
V365W;0.052396000000000005;-5.296829494356643
V365Y;0.14694000000000002;-2.040731297514867
D366A;0.068523;-4.155966412770795
D366C;0.042605;-5.62711754514021
D366E;-0.008087;-4.6885154863557545
D366G;0.070472;-6.099597703345353
D366F;0.0050665;-5.837518264801473
D366I;-0.027366;-5.2303832013276415
D366H;0.082955;-6.9757024047430605
D366K;-0.005813399999999999;-4.987478501891019
D366M;-0.036783;-7.041399832611206
D366L;-0.0084108;-6.151297709002392
D366N;0.061543;-2.1526768824842293
D366Q;0.057146;-5.705102251507924
D366P;0.052169000000000014;-4.7027374543540645
D366S;0.147;-2.274877480638679
D366R;0.15549000000000002;-4.2199193804117385
D366T;0.084451;-4.3835523538000425
D366W;0.035483;-8.425037106062517
D366V;0.060454;-5.851451400245423
D366Y;0.20062;-6.024768417730229
L367A;-0.11666;-3.8655224121757774
L367C;-0.18955;-2.6767940569552597
L367E;-0.6278100000000001;-8.118827894970309
L367D;-0.7326600000000001;-8.365495444522821
L367G;-0.48499;-7.338022042706142
L367F;-0.062126;-3.298308490368072
L367I;-0.078475;-3.5347183459089138
L367H;-0.093506;-7.395339494396468
L367K;-0.45291;-8.615994011837756
L367M;-0.13185999999999998;-1.9026366361067633
L367N;-0.38852;-9.022530345304405
L367Q;-0.08807899999999999;-7.319298132984841
L367P;-0.65713;-7.579508948663715
L367S;-0.21067;-5.2196881275158376
L367R;-0.4616;-8.955827694997424
L367T;-0.11071;-2.5274584001745097
L367W;-0.55171;-7.909605506400112
L367V;-0.14139000000000002;-1.5198791216243992
L367Y;-0.052021000000000005;-6.700375119515228
R368A;-0.090509;-2.4738657618436264
R368C;-0.090578;-4.8098557140911
R368E;-0.056629;-2.7065882909810175
R368D;-0.093918;-4.452712603495456
R368G;-0.023097;-4.05655937094707
R368F;-0.073976;-5.254616291844286
R368I;-0.025116;-2.9347059360006824
R368H;-0.047501;-3.926948333275504
R368K;0.068862;-1.291610951651819
R368M;-0.13573;-6.122007024590857
R368L;-0.050709;-1.786687367479317
R368N;-0.071723;-3.735053536831401
R368Q;-0.048122000000000005;-2.5535387064737733
R368P;-0.20969;-6.012985911373107
R368S;-0.073392;-1.045406443066895
R368T;-0.067482;-1.8299377349903807
R368W;-0.0021875;-7.318122130353004
R368V;-0.07635399999999999;-2.1512669768417254
R368Y;-0.083478;-5.022292920388281
N369A;-0.046732;-2.015282120613847
N369C;-0.0087621;-2.8424674110137857
N369E;-0.085409;-0.4095309626427479
N369D;-0.070427;-2.027087505790405
N369G;-0.037561;-0.3609165973030031
N369F;0.030517;-3.586281952972058
N369I;0.07434;-4.031554406567012
N369H;0.005698;-0.08852120215306059
N369K;0.02883;-1.1803195530374069
N369M;-0.010341;-1.3806541234371252
N369L;-0.014545;-3.5448446157561198
N369Q;-0.029083;-1.2015309252892619
N369P;-0.056126;-3.184648247028236
N369S;0.025165;-0.4656817308423342
N369R;0.0446;-1.073115769191645
N369T;0.017901;-1.5885046180919744
N369W;-0.12026;-6.66296735475771
N369V;-0.0053018;-3.0576795114320703
N369Y;-0.11089;-2.284743606520351
A370C;0.045617000000000005;-6.260316185303964
A370E;0.041842;-6.102544151595794
A370D;-0.15003;-8.059840444375368
A370G;-0.057276;-6.453871252713724
A370F;-0.00096397;-6.384932876506356
A370I;0.028694;-4.136182254762389
A370H;-0.050425;-8.864889832329936
A370K;0.07034800000000001;-6.675442890380509
A370M;-0.043793;-5.398048674513121
A370L;0.018448;-4.389443385065533
A370N;-0.061374;-8.848075273563154
A370Q;-0.019066;-7.580735296593048
A370P;-0.069863;-7.482226265710778
A370S;-0.012579;-4.2265314616961405
A370R;-0.0014655999999999998;-7.118623261922039
A370T;-0.026657;-4.6947504233103245
A370W;-0.076041;-8.518181331106463
A370V;-0.029216;-2.9705078230472277
A370Y;-0.05781;-5.412436652928591
S371A;0.021787;-2.0273059488681606
S371C;0.013029;-3.0387199510296337
S371E;0.02293;-2.439421204471728
S371D;-0.035139;-2.2861910165229347
S371G;-0.019406;-2.6671517309441697
S371F;0.035817;-3.5340354820655198
S371I;-0.00084679;-3.100230381649453
S371H;0.0077165;-3.122937710577389
S371K;0.022287;-0.8156178911158349
S371M;0.087146;-4.471835765609285
S371L;0.061862;-2.449911330913892
S371N;-0.051917999999999985;-0.6550305309647229
S371Q;0.064759;-2.782510091754375
S371P;0.066367;-2.5103870300517883
S371R;0.059063;-1.6215213727555238
S371T;-0.016919;1.9491255563043524
S371W;-0.01891;-6.9045488434057924
S371V;0.048701;-0.8101746249885764
S371Y;0.020456;-4.2507641773554505
H372A;-1.3442;-5.334398366801906
H372C;-0.97709;-8.180880899599288
H372E;-1.3371;-5.329299430421088
H372D;-1.1459;-8.189256170313456
H372G;-1.3837;-6.9829595534247355
H372F;-0.93804;-7.433930483588482
H372I;-0.99965;-7.650928526709322
H372K;-1.2933;-6.052366555726621
H372M;-1.5952;-7.547036186733749
H372L;-1.0523;-5.948944766802014
H372N;-0.8716;-7.2248437695088805
H372Q;-0.55085;-4.382973934581969
H372P;-1.2962;-6.4841782098519625
H372S;-1.1586;-6.115494840516477
H372R;-1.0809;-6.0285043551702975
H372T;-1.0863;-5.641822776466143
H372W;-1.6892;-9.58990489144344
H372V;-0.76263;-7.125002880929968
H372Y;-0.95013;-6.010984608961735
E373A;-0.23127;-2.5855558606272098
E373C;-0.21317;-5.588649193145101
E373D;-0.0093145;-1.3556814782205038
E373G;-0.20298;-3.712217926688026
E373F;-0.40544;-4.489987721608486
E373I;-0.28214;-4.532312708441168
E373H;-0.23164;-3.2101859197427984
E373K;-0.37029;-2.7270174616132863
E373M;-0.24564;-3.2254184762132354
E373L;-0.22334;-2.0556577480747364
E373N;-0.11478;-3.2932890565862185
E373Q;-0.10117;-2.557317630813486
E373P;-0.47753;-5.726550599618349
E373S;-0.22385;-2.556630855659023
E373R;-0.38038;-2.009716818400193
E373T;-0.20452;-3.3860417481046166
E373W;-0.23235;-7.054815098817925
E373V;-0.2184;-3.7650044657057147
E373Y;-0.29308;-4.645134612044785
Q374A;0.011212;-1.4991318890533876
Q374C;-0.0019062;-5.110886615671916
Q374E;0.06789500000000001;-0.03376936065615155
Q374D;-0.05841100000000001;-0.8631623121909797
Q374G;0.0080159;-2.2510693320946302
Q374F;0.052768;-4.847125628963114
Q374I;-0.16684000000000002;-3.228146405395819
Q374H;0.0036286;-2.8558137959553282
Q374K;-0.058030999999999985;-2.9337051436014008
Q374M;-0.0020173;-3.3662999303487595
Q374L;0.037635;-2.3226055535196792
Q374N;-0.010238;-4.0205979929014575
Q374P;-0.0014649;-5.489357741520507
Q374S;-0.0078868;-2.081389786704676
Q374R;-0.007595699999999999;-1.5911755799024832
Q374T;-0.043384;-1.3289796534827474
Q374W;-0.0073044;-6.597074211480503
Q374V;-0.014632;-3.3389222281693947
Q374Y;-0.059387;-4.6817340259149205
A375C;-0.15037;-6.749796626740135
A375E;-0.8959799999999999;-5.996016343124211
A375D;-0.48331;-8.779488047002815
A375G;-0.16449;-5.285643538925797
A375F;-1.1223;-8.530940964468755
A375I;-0.30609000000000003;-6.833913183188997
A375H;-0.55872;-8.758214946756198
A375K;-1.3711;-7.966174170025624
A375M;-0.10832;-6.6265581507468605
A375L;-0.95549;-6.520289153064367
A375N;-0.67984;-8.143543482292444
A375Q;-0.54552;-7.236647937097588
A375P;-1.1877;-7.322221071110108
A375S;-0.0352;-4.723823287873529
A375R;-1.543;-8.202236901561264
A375T;-0.1977;-3.863001637277194
A375W;-1.1034;-7.446151145384648
A375V;-0.27062;-4.227852390613407
A375Y;-0.12922;-7.45645892911125
A376C;-0.30893000000000004;-5.4574851321522155
A376E;-0.45619;-4.766609969548881
A376D;-1.115;-5.9305750459316195
A376G;-0.18418;-4.349251201376319
A376F;-0.26339;-6.580962976207958
A376I;-0.21624;-2.4142112389672548
A376H;-0.35234;-7.655306752771139
A376K;-0.54971;-4.6946869741077535
A376M;-0.92014;-5.869386792182922
A376L;-0.71194;-3.4214544327114713
A376N;-0.79715;-5.150382415857166
A376Q;-1.1461;-4.382552540584584
A376P;-0.52388;-9.731337967328725
A376S;-0.44728;-2.6789756406797096
A376R;-0.52718;-4.332039212342353
A376T;-0.50112;-3.8414526375709106
A376W;-0.43619;-8.034159550443293
A376V;0.049697000000000005;-1.1564529242459685
A376Y;-0.075195;-6.370825110701843
I377A;0.007359;1.9940773835405707
I377C;-0.063203;-1.661795759398956
I377E;0.047927;1.1611966733180452
I377D;0.00082247;0.4108207466779277
I377G;0.022386;0.3215736559359357
I377F;-0.083037;-1.635941304382868
I377H;0.067298;-0.7236764087574556
I377K;-0.13939;-0.7956621343037114
I377M;-0.020419;-1.0956233901670205
I377L;0.014365;-0.2196217688324396
I377N;-0.061042999999999986;0.814936249400489
I377Q;-0.027608;1.2075308686471544
I377P;-0.22524;-3.9931140030967067
I377S;0.036674;0.4245437979116105
I377R;0.007173100000000002;-1.2923584399977701
I377T;0.030153;0.3675653419340961
I377W;-0.18356;-3.9119558403035626
I377V;0.027693;0.5573888096259907
I377Y;0.1216;-0.8308684693765827
A378C;0.017785;-5.940486786930705
A378E;0.040275;-3.1548387844668464
A378D;-0.05895;-7.992020189674804
A378G;0.031884;-4.372253552399343
A378F;-0.023679;-3.9878444241185207
A378I;0.058166;-2.12667345351656
A378H;0.053464;-5.8747431960946415
A378K;0.10289;-5.562751994031714
A378M;0.0098877;-3.2380307365383487
A378L;0.057416;-2.1864132030677865
A378N;0.089121;-7.259234071738319
A378Q;-0.061122;-4.566950894455658
A378P;-0.30324;-9.539469826646382
A378S;0.015746;-3.963586029160069
A378R;0.021326;-4.52366021470516
A378T;0.06078400000000001;-2.53760984967812
A378W;0.0086505;-6.391477713274071
A378V;-0.006472800000000001;-0.9590466163645032
A378Y;-0.026928;-5.143821007892257
L379A;-0.26231;-5.699921379389707
L379C;-0.011693;-5.741721793834587
L379E;-1.5057;-5.693837724509648
L379D;-1.2905;-6.225172780745198
L379G;-0.72418;-5.104530386684928
L379F;-0.045056;-1.021136025490705
L379I;-0.060996;-2.8772914785076864
L379H;-0.24134;-8.727225152833853
L379K;-1.0861;-7.428294741968784
L379M;-0.14398;-4.18946037866408
L379N;-0.6484;-7.325045140751173
L379Q;-1.3061;-6.159129352367017
L379P;-1.1481;-8.13298751815455
L379S;-0.51652;-5.090181074163412
L379R;-1.4074;-6.6755329484003605
L379T;-0.25617;-5.6032229348202245
L379W;-0.97047;-8.037563286081422
L379V;-0.16326;-4.519572031276767
L379Y;-0.53717;-5.470066727662925
K380A;-0.18523;-3.6728792733920272
K380C;-0.01769;-4.44428111021989
K380E;-0.32338;-5.570196260494414
K380D;-0.34726;-5.906476985983317
K380G;-0.07010599999999999;-3.9616264071373735
K380F;0.0060523;-5.472510651074117
K380I;-0.004802600000000001;-2.9776396753732115
K380H;-0.024865;-4.9255728427378935
K380M;0.021731;-4.174044541461626
K380L;-0.0064595;-2.5151173179910984
K380N;-0.026397000000000004;-3.1380406982789286
K380Q;-0.07048099999999999;-2.7916331799060563
K380P;-0.30035;-6.8770759107137565
K380S;-0.1042;-2.788155741072842
K380R;0.0057528;-1.3132967747806106
K380T;0.0078744;-2.4965152134245727
K380W;-0.043455;-5.554847740447258
K380V;0.012564;-3.085478486551437
K380Y;-0.061022;-5.448572961409808
N381A;0.062397;-1.6452590529224835
N381C;0.025414;-2.7131983420113097
N381E;-0.1314;-1.0809823425952343
N381D;-0.034651999999999995;-2.968414437258616
N381G;0.034176;-1.2345050298608842
N381F;0.022814;-3.0454853961709887
N381I;-0.12714;-4.476803921861574
N381H;-0.02208;-4.017503090435638
N381K;0.063972;-1.1346741570159793
N381M;-0.045243;-2.50938579486683
N381L;-0.046963;-2.0682850691955537
N381Q;0.0044625;-1.4573778106050668
N381P;-0.19564;-5.35854950081557
N381S;0.042073;-0.526721038564574
N381R;-0.063243;-1.1253841644502245
N381T;-0.005024;-2.3478353265672918
N381W;-0.081649;-6.62862008193042
N381V;-0.07329400000000001;-2.8266583853401244
N381Y;-0.13737;-3.5709804411162622
A382C;0.05944600000000001;-3.137080679414794
A382E;-0.0062048;-6.061130411690102
A382D;-0.061380999999999984;-5.734661127673463
A382G;0.027198000000000003;-4.900332805002108
A382F;-0.16513;-4.657576274083112
A382I;-0.092165;-4.056515936506912
A382H;-0.063933;-6.804633568972349
A382K;-0.032791;-5.3129103395622215
A382M;-0.037657;-6.483743824181148
A382L;-0.12768;-2.9521841078531
A382N;-0.014335;-5.424583867192268
A382Q;0.10461;-3.6710493624123046
A382P;-0.074214;0.1805988373234868
A382S;0.0528;-1.8631806045304984
A382R;-0.071848;-4.652122508363392
A382T;0.045055;-1.9848117436049504
A382W;-0.21008;-8.351359847089043
A382V;-0.087925;-2.958888537948951
A382Y;-0.068689;-7.720748408464714
G383A;0.030688;-3.1567367702664333
G383C;-0.066245;-5.190268041420495
G383E;-0.011524;-2.4923340911918785
G383D;-0.038186000000000005;-3.1324635971977837
G383F;-0.0046329;-4.44606854984886
G383I;-0.015156;-5.750800561829236
G383H;0.041419;-3.5544926075381227
G383K;0.029117;-2.543262274150038
G383M;-0.041827;-4.715694062906549
G383L;-0.018379;-3.9559717977826945
G383N;-0.06755499999999999;-2.2603886997094382
G383Q;0.027743;-3.3375975549570285
G383P;-0.01963;-3.3118809623119887
G383S;0.010273;-2.552663486188976
G383R;-0.042789;-3.1466474664339334
G383T;-0.010493;-3.7670502626860984
G383W;0.093248;-6.1416352753003585
G383V;0.034765;-2.8040287975163665
G383Y;-0.029734;-4.2852536310383575
Q384A;0.034789999999999995;-3.036494351399597
Q384C;-0.011427;-4.690853004751261
Q384E;-0.06929600000000001;0.5850289461086504
Q384D;-0.10528;0.37782400396099547
Q384G;0.0031872;-1.03991292900173
Q384F;0.14894000000000002;-6.053794158564415
Q384I;0.095277;-3.919873790582642
Q384H;-0.036029000000000005;-2.925901352602523
Q384K;0.026648;-3.6726270957733504
Q384M;0.0021134;-3.6009970476734448
Q384L;0.056785;-3.622197514923755
Q384N;-0.05264;-0.836275307869073
Q384P;0.048781;-2.0294289978337474
Q384S;-0.026967;-0.7455260850838386
Q384R;0.015472;-3.3563703672261913
Q384T;0.012211;-1.0154899875778938
Q384W;0.081072;-7.245978022343478
Q384V;-0.00034317;-5.837270897754934
Q384Y;0.064458;-3.5307520526112057
T385A;-0.014980000000000004;-1.7603896897053346
T385C;0.043927;-3.789536055788631
T385E;-0.087078;-1.0366098707308993
T385D;0.017304;-0.7009221549087671
T385G;0.019407;-5.7021761344512925
T385F;-0.07522899999999999;-2.80516229569912
T385I;0.11015;-2.3657189791556448
T385H;0.060401;-1.7960579954979041
T385K;0.059099;-0.936751260771416
T385M;0.018712;-2.7847881090710866
T385L;0.046577;-1.8250194804859348
T385N;0.032389999999999995;-0.9582664521876724
T385Q;0.025669;-1.2769806205760688
T385P;0.051762;-1.4576518604299054
T385S;0.0053453;-1.4899391051731072
T385R;0.16251;-0.2951822584727779
T385W;0.035767;-4.741317679756321
T385V;0.10101;-1.4267749619903043
T385Y;-0.07201;-2.5316069998007147
V386A;0.026759;-3.0914928347046957
V386C;-0.042308;-4.7103852220170666
V386E;-0.48326;-8.235681815538554
V386D;-0.31836;-8.392981347744353
V386G;-0.024691;-5.9075165474750975
V386F;-0.6189399999999999;-5.7023758380746585
V386I;-0.1622;-0.9070726863574236
V386H;-0.047363;-8.078615266713314
V386K;-0.31448000000000004;-7.527700056438334
V386M;-0.3442;-4.317237288923933
V386L;-0.24896;-2.7054199693957344
V386N;-0.007264799999999998;-7.795896795229055
V386Q;-0.063922;-7.368602636794094
V386P;0.017349;-6.555495438282378
V386S;0.052637;-5.773654917953537
V386R;-0.4318;-8.130796886631288
V386T;0.010175;-4.589683084224816
V386W;-0.5946;-9.415321130654775
V386Y;-0.229;-5.878013874404132
T387A;0.058962;-2.3206750105600804
T387C;0.072422;-3.6830246091121808
T387E;-0.042272;0.26577181450556964
T387D;-0.14417;-1.2895475721452383
T387G;0.13022999999999998;-4.582417415629606
T387F;0.12454;-4.29783080019115
T387I;-0.014163999999999996;-2.1525303162634373
T387H;0.07989500000000001;-1.660875906352885
T387K;0.10653;-1.5693973886591266
T387M;0.03321;-4.427132252778391
T387L;0.082396;-3.868176184245385
T387N;0.014632;-0.868780053104274
T387Q;-0.010697;-1.4662557960255072
T387P;-0.040762;-4.183289335051087
T387S;0.069941;-1.4771731717337389
T387R;0.11451;-1.1413003277266398
T387W;0.056814;-5.167527750018053
T387V;0.053314;-2.4573773333177087
T387Y;0.033484;-3.4065111986128613
I388A;-0.064163;-5.179397903266363
I388C;0.060377;-7.071543904748977
I388E;-1.3756;-9.977970986590664
I388D;-1.4135;-11.787225583608231
I388G;-0.17059000000000002;-11.782756330812845
I388F;0.1506;-1.630827306245919
I388H;-0.34029;-8.258677188656293
I388K;-0.58399;-8.6101391549455
I388M;-0.046625;-1.0898412375245243
I388L;0.015431;0.6596085580240469
I388N;-0.46047;-9.675324538809946
I388Q;-0.27386;-8.427504667895846
I388P;-0.7792;-11.485745135310026
I388S;-0.30321;-7.988577781361528
I388R;-1.4402;-9.504500390525207
I388T;-0.16417;-6.6099378558574235
I388W;-0.6468;-8.728850002837135
I388V;-0.017427;-1.9429742878710383
I388Y;-0.7196199999999999;-6.038589217001573
I389A;0.10465;-0.4990262306528166
I389C;0.12402;-0.7743199637043291
I389E;-0.11524;-0.4356174407876097
I389D;-0.08065499999999999;-2.6111684596107807
I389G;0.064465;0.03590232226997614
I389F;0.056616;-4.1019664163468414
I389H;0.076772;-3.033185667824
I389K;0.23991;0.1834337706677616
I389M;0.014811;-2.579146476695314
I389L;0.1272;0.03253640327602625
I389N;0.10603;-2.95344342966564
I389Q;0.11359;-1.2203714307397604
I389P;-0.77383;-6.501714736165012
I389S;0.11047;-1.1111297537572682
I389R;0.20129;-1.469927094411105
I389T;0.1051;-0.5400749926047865
I389W;0.035853;-5.4438776682145535
I389V;0.050783;1.025562017224729
I389Y;0.082009;-2.2981634228490293
A390C;0.024447;-6.695809665136039
A390E;-0.38045;-13.703899483974965
A390D;-0.32867;-13.699448412127438
A390G;0.0094383;-10.192148923117204
A390F;-0.035448;-7.404916862025857
A390I;-0.091147;-2.1325329493265603
A390H;-0.11091;-10.48846715845866
A390K;-0.018936;-11.368166390748227
A390M;-0.041978;-7.228244474856182
A390L;0.0062325;-3.322023979446385
A390N;-0.021228;-10.679040371673182
A390Q;-0.29701;-11.059040536638351
A390P;-0.16749;-13.703899483974965
A390S;0.040002;-9.0330441484557
A390R;-0.010949;-9.381527667166665
A390T;0.055121;-5.705615055281669
A390W;-0.39208;-8.261784616857767
A390V;-0.049155;-0.8769206088327337
A390Y;-0.11188;-5.603305798023938
