# Data from Kitzman, J. O.; Starita, L. M.; Lo, R. S.; Fields, S.; Shendure, J. Massively Parallel Single-Amino-Acid Mutagenesis. Nat. Methods 2015, 12, 203-206.
# y represents the experimental measure "SEL_C_40h"
# dE is the difference in statistical energy between the variant and the wild type (EVmutation)
variant;y;dE
S5A;0.19;-0.9424790007979028
S5C;-0.37;-5.248403536155821
S5E;-0.01;-2.5651433707680558
S5D;0.12;-4.057815714273602
S5G;-3.23;-2.957950530340895
S5F;-0.15;-4.0074920726474375
S5I;0.08;-1.2071447817143053
S5H;-0.71;-1.5164455162594097
S5K;-4.34;-0.42225994472391903
S5M;0.31;-2.1969878512900323
S5L;-0.31;-2.39851398090832
S5N;-2.05;-0.18771901610307395
S5Q;-0.99;-0.4135560421273112
S5P;-0.89;-0.11211538151837884
S5R;-6.0;0.04135754669550806
S5T;-1.23;-1.0198102712165564
S5W;-2.46;-3.891586645753705
S5V;-0.66;-2.4032564355875365
S5Y;-0.81;-3.0374778110999614
S6A;-0.91;-1.1609210709575564
S6C;-0.65;-2.5230383796151727
S6E;-1.68;-1.0720980169717222
S6D;0.21;-2.31182998791337
S6G;-1.24;-3.833385756937787
S6F;-2.8;-4.196633664367255
S6I;-1.11;-3.374685997609049
S6H;-0.12;-1.4956253136042506
S6K;-2.4;1.043165314476937
S6M;-1.15;-4.445303697371855
S6L;-0.98;-0.9463747430127114
S6N;-2.04;0.8459416262339801
S6Q;-1.25;-1.1941170676145705
S6P;-0.92;-1.1962744647171348
S6R;-1.19;2.8727720274473536
S6T;-1.97;-0.38127827225252986
S6W;-8.08;-3.2072220923437267
S6V;-1.47;-1.548126767273061
S6Y;-1.69;-1.9863622665870933
I7A;-1.1;-1.027441869024187
I7C;-0.24;-5.1979839499108484
I7E;-3.18;-3.4102134924614798
I7D;-4.55;-3.7534684083075263
I7G;-1.54;-2.7747635855339468
I7F;-0.24;-4.464681468234629
I7H;-1.15;-3.762431993614882
I7K;-2.87;-1.6099081487045623
I7M;0.06;-1.6132621834985912
I7L;-1.76;-0.971786222886294
I7N;-1.64;-2.314662090037018
I7Q;0.02;-1.9774120778311044
I7P;-0.35;-4.953755136113613
I7S;-0.55;-1.545147328171879
I7R;-6.44;-0.7844631331972778
I7T;-0.54;0.06428636913187802
I7W;-3.62;-6.967169126903173
I7V;-1.33;1.8558109361911197
I7Y;-0.81;-2.7892147949896757
E8A;-2.55;-1.3065946060232818
E8C;-0.74;-4.986309070547577
E8D;-1.23;-1.1117884309496728
E8G;-1.85;-1.31384270475246
E8F;0.09;-4.013712770305574
E8I;-1.61;-1.0699766385369005
E8H;-3.53;-0.2740645675585256
E8K;-3.25;-1.6055763382464647
E8M;-1.45;-3.750110755674541
E8L;-0.35;-2.4812573571689427
E8N;-1.04;-1.0650366663467141
E8Q;-2.05;-0.4341384291183204
E8P;-1.61;-0.021538078552111983
E8S;-1.57;0.1316559393890202
E8R;-4.05;0.13093153527006507
E8T;-1.97;-0.5823026683938224
E8W;-0.81;-3.7962770103476937
E8V;-1.91;-2.1511654825881124
E8Y;-4.93;-3.7796964859589934
Q9A;-0.95;-3.173756586431409
Q9C;-7.67;-6.863172531535382
Q9E;-8.74;-4.593672526156297
Q9D;-6.52;-5.034529623895651
Q9G;-5.45;-3.1023574437422208
Q9F;3.11;-3.4711302848008927
Q9I;-3.26;-3.3268219782912634
Q9H;-0.66;-3.3725648870167784
Q9K;-4.0;-2.9128880541247786
Q9M;-3.07;-5.329820813931292
Q9L;-1.4;-3.5429419922584198
Q9N;-2.73;-2.5777162232843693
Q9P;-3.53;-4.059326407354092
Q9S;-0.38;-2.531728007219499
Q9R;-5.12;-2.1658695920777973
Q9T;-3.17;-2.9758405413886067
Q9W;-1.44;-6.486877065006411
Q9V;-5.66;-2.9397836754505984
Q9Y;-0.16;-3.7063199066033117
A10C;-8.31;-8.404474747600034
A10E;-9.91;-7.420752984005957
A10D;-9.72;-11.547623901395127
A10G;-1.25;-8.995070809018218
A10F;-8.99;-9.254037844308186
A10I;-3.99;-8.340661244249532
A10H;-5.48;-9.604388220817784
A10K;-8.05;-3.908950364915654
A10M;-10.87;-9.963896556582768
A10L;-10.09;-7.936152040900197
A10N;-9.19;-7.290907339192928
A10Q;-4.73;-6.793092772510136
A10P;-6.97;-5.184345517627662
A10S;-7.65;-1.2733319818507882
A10R;-9.0;-7.57742595928721
A10T;-8.63;-4.75436069839634
A10W;-8.32;-10.772383033996446
A10V;-2.77;-4.789137599291281
A10Y;-10.31;-7.731973863235908
C11A;-4.81;-10.878108414588496
C11E;-0.23;-12.1725193214952
C11D;-9.37;-15.159627211531188
C11G;-9.64;-11.308407220290976
C11F;-8.5;-11.226693169679491
C11I;-8.89;-11.251318233669737
C11H;-9.96;-12.01249887832091
C11K;-4.14;-11.472457075491548
C11M;-4.01;-15.159627211531188
C11L;-9.29;-10.393295770976694
C11N;-4.36;-11.405100462026894
C11P;-9.4;-12.928360569814684
C11S;-9.34;-10.995981014566496
C11R;-2.51;-10.522982842288913
C11T;-8.47;-11.031874851323664
C11W;-8.67;-11.083923092730403
C11V;-9.34;-11.228645475348456
C11Y;-7.23;-10.300682917790256
D12A;-8.75;-6.278157071210443
D12C;-8.07;-8.338260665768757
D12E;-8.72;-2.334154869429767
D12G;-8.5;-6.592548330430873
D12F;-8.86;-6.831270268652588
D12I;-6.07;-5.035163753665984
D12H;-5.27;-5.0407425314187995
D12K;-9.29;-6.445544110611081
D12M;-9.04;-7.226796907325479
D12L;-6.82;-5.051946072780993
D12N;-8.54;-4.2368223550729445
D12Q;-1.52;-4.8392119305208325
D12P;-8.87;-8.63370098976884
D12S;-6.68;-6.025004241615534
D12R;-6.51;-6.297836985439062
D12T;-9.33;-5.339926281943917
D12W;-7.41;-5.9807365806773305
D12V;-1.56;-4.162280002608895
D12Y;-3.96;-7.402688934467733
I13A;-1.27;0.479600696824491
I13C;-0.65;-2.5076122763566677
I13E;-0.93;-1.9278578205266967
I13D;-1.84;-4.937711664941162
I13G;-1.12;-1.3536703656427562
I13F;1.12;-0.4418783546425402
I13H;-0.62;-0.9306722292676568
I13K;-1.52;-0.5592819913290441
I13M;-2.01;-0.04672479256987572
I13L;-0.74;0.10164423426613213
I13N;-3.09;0.8874633171362802
I13Q;-1.07;-2.5286653827643018
I13P;-1.18;-2.340971109457314
I13S;-4.41;1.304257981479168
I13R;-0.46;1.0889234826900065
I13T;-1.12;0.9777030497789384
I13W;1.39;-4.342610194347799
I13V;-0.16;-0.822658134624362
I13Y;0.68;0.3593285703100264
C14A;-8.83;-9.92984585310478
C14E;-5.35;-11.480042788702118
C14D;-9.29;-13.90328171837973
C14G;-9.27;-9.59826604193222
C14F;-8.8;-8.800256067632288
C14I;-5.19;-9.168286361826176
C14H;-8.32;-10.786728211249283
C14K;-8.97;-10.712908657515982
C14M;-5.21;-10.38996246743045
C14L;-8.28;-9.598992685416306
C14N;-7.86;-13.90328171837973
C14Q;-11.46;-10.502391821843046
C14P;-8.57;-11.377092859860568
C14S;-8.58;-9.13512838594761
C14R;-6.29;-9.407864882239664
C14T;-8.98;-9.98378018951189
C14W;-4.81;-9.591762411037053
C14V;-4.14;-9.655073662383074
C14Y;-3.99;-8.681574653695861
R15A;-4.05;-2.2427213825285435
R15C;-8.64;-7.4911519575398415
R15E;-9.13;-8.0981822538306
R15D;-9.75;-8.283372452482581
R15G;-6.85;-7.6210367179010055
R15F;-8.46;-3.814942327560857
R15I;-8.52;-7.570700591430067
R15H;-7.9;-2.024002094869502
R15K;-2.99;-1.8089837073348465
R15M;-9.6;-5.715016276575625
R15L;-5.74;-6.268446866539308
R15N;-12.96;-5.638378704432397
R15Q;-8.3;-4.183819320518524
R15P;-5.29;-8.977579270314891
R15S;-4.22;-4.303074908442794
R15T;-4.67;-5.973727035801858
R15W;-9.34;-6.493265822995454
R15V;-8.06;-5.5622106381342755
R15Y;-4.7;-5.664341940777375
L16A;-0.61;-0.4806886509759352
L16C;0.43;-5.021219262733212
L16E;-1.36;0.21598077815724534
L16D;-1.86;-2.5340377063257615
L16G;-0.57;-1.8452318172203377
L16F;-1.32;-4.113364180433564
L16I;-1.17;0.20481769077014175
L16H;-1.06;-3.8178309256909415
L16K;-1.91;0.2858237571781501
L16M;0.18;-2.8659522001398727
L16N;-1.34;-2.8037591258762404
L16Q;-1.36;-1.0245321089169008
L16P;-7.95;-5.688519944669678
L16S;-0.78;-1.0693245095899329
L16R;-4.02;-0.14015947410371155
L16T;-1.14;-0.9566622258862479
L16W;-1.23;-4.850354448775762
L16V;-0.7;-1.3311495719244704
L16Y;0.97;-3.2548436288489033
K17A;-8.2;-5.879897566745057
K17C;-6.8;-7.311286449403268
K17E;-9.56;-8.605110619566402
K17D;-9.65;-8.46906492812559
K17G;-9.49;-5.8906519380398095
K17F;-4.12;-6.29306714842096
K17I;-9.43;-8.174955063033849
K17H;-9.48;-2.808113698847592
K17M;-9.32;-5.69668209773954
K17L;-8.93;-5.455337217543273
K17N;-3.86;-5.345239803078584
K17Q;-9.73;-3.877783722913591
K17P;-9.17;-9.637032966944387
K17S;-9.72;-3.6855850472347815
K17R;-7.27;-0.3370551122934557
K17T;-9.57;-7.337759047280997
K17W;-8.05;-9.489556326414457
K17V;-8.82;-7.425570227904244
K17Y;-8.44;-7.591095407842658
K18A;-5.75;-9.307392398826778
K18C;-4.73;-10.581629859399984
K18E;-9.23;-9.645645709300881
K18D;-8.82;-10.26143957983004
K18G;-9.02;-8.998252567835152
K18F;-8.9;-11.872307089855894
K18I;-5.44;-10.214724928315263
K18H;-2.52;-5.335220662178472
K18M;-9.21;-9.730514526265324
K18L;-7.98;-9.257744563175947
K18N;-4.94;-8.821224226383492
K18Q;-4.17;-9.338588129729034
K18P;-9.2;-11.133763960810027
K18S;-7.67;-9.72386315348558
K18R;-4.68;-3.977781445486471
K18T;-8.83;-9.950002714787843
K18W;-5.34;-11.178881259140327
K18V;-7.39;-9.878854361868434
K18Y;-8.04;-11.024920653377194
L19A;0.35;-2.344885932514444
L19C;-1.16;-4.134541538543998
L19E;-9.94;-8.941888895758892
L19D;-9.25;-8.33515379508026
L19G;1.16;-3.991029363096459
L19F;-9.15;-3.172267965273932
L19I;-0.51;-0.9945137214017449
L19H;-1.1;-5.571662693750113
L19K;-10.33;-3.569006401114166
L19M;1.73;-5.0621546478942046
L19N;-2.32;-5.285656024701893
L19Q;-3.03;-6.541531816357748
L19P;-2.13;-8.2127066005487
L19S;-1.38;-3.5880956999026234
L19R;-8.21;-4.622457659104839
L19T;-2.99;-0.022786827525123957
L19W;-2.23;-5.570302461623213
L19V;-9.01;-1.3438103813678026
L19Y;-3.48;-3.7918239985592654
K20A;-5.86;-3.661118194460869
K20C;-4.76;-9.025168020045383
K20E;-7.95;-9.485692095942797
K20D;-9.05;-6.488218761369352
K20G;1.21;-6.690844449680299
K20F;-8.63;-8.19949045663816
K20I;-7.53;-7.427569227060302
K20H;-4.73;-8.59746829723008
K20M;-8.28;-9.517259843763897
K20L;-4.43;-8.006229258142412
K20N;-4.63;-7.589786513242871
K20Q;-5.74;-4.343597378116101
K20P;-4.17;-6.464975053211673
K20S;-5.91;-7.2548522893339396
K20R;0.21;-1.1457965187728405
K20T;-4.21;-8.004959284327924
K20W;-7.87;-9.249385812465334
K20V;-5.44;-7.333558503072709
K20Y;-8.87;-7.458652420711588
C21A;-9.4;-7.662937832501483
C21E;-4.12;-12.242668641341881
C21D;-4.0;-8.8391154583951
C21G;-4.88;-7.484169014234794
C21F;-4.23;-8.372761699109105
C21I;-5.1;-12.242668641341881
C21H;-9.3;-9.447509853416703
C21K;-5.11;-10.0151752413949
C21M;-3.44;-12.242668641341881
C21L;-5.55;-9.436321009729001
C21N;-8.68;-12.242668641341881
C21Q;-7.13;-9.522313218210911
C21P;-9.83;-12.242668641341881
C21S;-6.39;-7.175973526755115
C21R;-8.46;-8.482415014615981
C21T;-5.86;-9.886225683301744
C21W;-9.06;-9.552626568161939
C21V;-9.13;-8.521895261568716
C21Y;-7.23;-7.707126909488579
S22C;-8.8;-6.669380286708474
S22G;-7.04;-1.3329731163103131
S22F;-8.75;-6.2108205982804074
S22I;-8.4;-6.680474952561782
S22H;-10.78;-4.7583975286688664
S22K;-8.36;-5.5367993370164195
S22L;-7.97;-4.116193153211499
S22N;-5.84;-1.2478638655156828
S22Q;-8.18;-3.983248700853437
S22P;-7.38;-1.9992537477519363
S22R;-8.37;-4.235525770287495
S22W;-9.17;-9.05256223626202
S22V;-9.02;-4.052916723536328
S22Y;-9.72;-6.7732820628443715
K23A;-9.05;-3.369633334223181
K23C;-8.34;-7.4971445307019176
K23E;-6.5;-4.02800509147346
K23D;-8.56;-3.790754908230156
K23G;-7.77;0.6225582812912762
K23F;-6.24;-6.3146199577022335
K23I;-8.47;-5.523038149578498
K23H;-3.16;-4.53194985864684
K23M;-7.46;-3.89847484906204
K23L;-6.13;-3.343041621614248
K23N;-5.51;-5.441939399112017
K23Q;-3.44;-3.7397883492521937
K23P;-5.63;-4.934043178567663
K23S;-7.55;-4.380490710493176
K23R;-2.13;-0.9185252394527196
K23T;-8.98;-5.990239697974175
K23W;-9.03;-7.666572369867937
K23V;-3.33;-4.134932915214448
K23Y;-5.0;-5.922993327723817
E24A;-0.37;-3.0555803859606385
E24C;-0.43;-6.932403091341258
E24D;0.08;-0.7933184094727039
E24G;-1.54;-2.353813889203593
E24F;-2.96;-7.144258885993622
E24I;-3.5;-4.468926346860826
E24H;-0.26;-5.0474203769117585
E24K;-1.99;-5.9304833728820086
E24M;-1.17;-5.070582228945568
E24L;-3.46;-4.5332460339413965
E24N;0.4;-4.9710822561755785
E24Q;0.9;-3.514027068158612
E24P;-4.29;-7.0956781576387575
E24S;-0.04;-3.1242480985820293
E24R;-2.89;-6.1840885498095295
E24T;0.55;-1.449842448811978
E24W;-5.32;-8.874386072689958
E24V;-1.34;-5.0420791734941295
E24Y;-8.52;-8.219831492751839
K25A;0.95;-3.70899845357053
K25C;-0.68;-4.997332065715455
K25E;0.67;-2.8974292557104486
K25D;-2.38;-4.170028324006124
K25G;-1.37;-4.475455021485686
K25F;2.21;-2.355356639949605
K25I;1.19;-2.6506373255979265
K25H;0.14;-1.6685335591901094
K25M;1.6;-4.3558843419887125
K25L;0.52;-0.3910365186166018
K25N;0.84;-3.3200092734768987
K25Q;0.54;-2.0227083216886967
K25P;-4.69;-4.8944179974496365
K25S;2.01;-2.802850250620395
K25R;0.56;-0.09953916422091423
K25T;1.58;-2.714763791416772
K25W;2.09;-3.79342611762695
K25V;1.77;-2.6304020758252595
K25Y;2.26;-3.394438376417384
P26A;-8.04;-5.662586407037453
P26C;-9.74;-7.2013265349196445
P26E;-7.49;-5.451374697033316
P26D;-7.95;-2.873520444147289
P26G;-1.43;-4.071516189200338
P26F;-8.62;-5.7963632944156425
P26I;-7.24;-4.501325494609773
P26H;-10.53;-5.832679328508675
P26M;-7.84;-5.987082850886508
P26L;-10.92;-6.544526398647577
P26N;-7.77;-3.3278091168031096
P26Q;-3.55;-4.20884757488966
P26S;-2.3;-3.19044438470155
P26R;-9.39;-4.919112836942078
P26T;-3.59;-4.24801581108477
P26W;-9.43;-8.223896196439455
P26V;-7.63;-5.530680908355862
P26Y;-8.71;-6.34201081750507
C28A;-10.05;-13.049059700297219
C28E;-10.0;-13.049059700297219
C28D;-3.36;-13.049059700297219
C28G;-8.07;-9.019165050238373
C28F;-4.35;-9.038301302323816
C28I;-8.96;-13.049059700297219
C28M;-9.39;-10.047319131903349
C28L;-8.81;-9.772118359804152
C28N;-9.6;-13.049059700297219
C28Q;-8.81;-10.103097498242278
C28P;-4.79;-10.745747532237148
C28S;-3.47;-8.78558370214887
C28R;-3.98;-8.011502855690196
C28T;-8.81;-13.049059700297219
C28W;-9.17;-9.242074742391194
C28Y;-7.9;-7.2901590957772
A29C;-2.32;-5.991961104969961
A29E;0.56;-1.6994118161383085
A29D;-3.09;-1.4267283739172854
A29G;-1.23;-2.0780242854962125
A29F;-3.17;-2.578981127764564
A29I;0.39;-2.3499735171790235
A29H;-0.77;-1.4736809209716741
A29K;0.25;-1.755397549655754
A29M;0.9;-3.57280540530337
A29L;-0.41;-1.7229204938630571
A29N;-2.03;-1.8563541697221808
A29Q;0.59;-0.21682772232452407
A29P;-8.97;-3.0918380543007515
A29S;-5.03;1.265384983522381
A29R;0.82;-2.308940112066921
A29T;0.0;-0.20599657195270996
A29W;1.03;-5.02301051391987
A29V;0.68;-2.9170444826013417
A29Y;-1.55;-4.766503078164534
K30A;-6.14;-1.9249563515768384
K30C;-4.02;-2.6507667119731195
K30E;-8.77;-2.624633519269992
K30D;-4.68;-6.757693357707469
K30G;-8.37;-0.5784923050669022
K30F;-4.89;-0.3800559042138048
K30I;-3.84;-3.5148423963109963
K30H;-7.85;-0.3292411512811668
K30M;-4.48;-3.089043343963567
K30L;-4.07;-1.8174716800567692
K30N;-7.71;0.5710125490440987
K30Q;-5.35;0.2540765748708509
K30P;-5.97;-2.0829415596672334
K30S;-6.67;0.2688815270084888
K30R;-1.46;0.9767283428809606
K30T;-3.35;-1.2826479401555844
K30W;-9.06;-3.5229695744928904
K30V;-8.68;-1.4615991071914325
K30Y;-6.18;-0.20198106934549287
C31A;-6.56;-9.75140757288318
C31E;-7.1;-13.485485259512643
C31D;-9.14;-13.485485259512643
C31G;-4.49;-9.727956721093506
C31F;-5.64;-10.055617018369958
C31I;-4.38;-10.174681495293042
C31H;-7.24;-9.877159166513591
C31K;-8.51;-13.485485259512643
C31M;-4.45;-13.485485259512643
C31L;-9.39;-13.485485259512643
C31N;-4.41;-10.928488269113586
C31Q;-9.54;-13.485485259512643
C31P;-9.0;-10.318690277985297
C31S;-8.45;-7.661969610955566
C31R;-8.57;-10.090252893860454
C31T;-4.51;-10.446040697890568
C31W;-3.68;-10.518539969983976
C31V;-6.83;-13.485485259512643
C31Y;-5.69;-8.434642254258506
L32A;0.78;0.3952157308813185
L32C;-0.11;-5.306718679377808
L32E;-0.17;-0.6223583112005144
L32D;0.44;-1.8162501007318497
L32G;0.22;-2.9411670232657343
L32F;0.92;-1.7570086119230837
L32I;-0.59;0.7651528505375609
L32H;0.44;-4.0384636234957725
L32K;0.26;-0.316275097662583
L32M;0.6;-2.000047786394134
L32N;0.29;-2.50039487471804
L32Q;-0.58;0.10392063413746656
L32P;-6.59;-7.0688847636338314
L32S;-0.37;-1.483933967072517
L32R;0.84;0.37173091375734657
L32T;-0.53;-0.3965273459907621
L32W;0.53;-3.138842035317793
L32V;-0.49;0.6210010319482535
L32Y;0.68;-3.0762849568855017
K33A;-2.48;0.007589094922877848
K33C;-4.06;-6.402302903094096
K33E;-3.09;-1.0076392245246095
K33D;-7.03;-2.3819921801332384
K33G;-2.32;-4.307290812488645
K33F;-3.08;-6.6613684196490786
K33I;-2.96;-5.446257641888224
K33H;-2.68;-3.556459896499291
K33M;-1.85;-4.845639826031403
K33L;-4.48;-4.457483590114863
K33N;-1.05;-2.8913657678931486
K33Q;-1.5;-0.25688304635696113
K33P;-8.59;-3.8761549050686877
K33S;-2.74;-1.156795783521375
K33R;0.83;-0.5026016447227448
K33T;-0.99;-1.7646367099368945
K33W;-4.1;-7.034756451379508
K33V;-2.59;-2.8473606288898736
K33Y;-3.21;-6.1735049428534685
N34A;-1.79;-1.6055969761218876
N34C;-1.34;-4.881072373595089
N34E;-3.12;-2.8895594400528357
N34D;-4.76;-3.3823429231997584
N34G;-0.77;-2.3847401249222457
N34F;-2.94;-0.8646253836341202
N34I;-8.82;-3.810534774325788
N34H;-1.35;-1.0280231782235203
N34K;-1.94;-1.657022693194449
N34M;-2.84;-2.8720821305178106
N34L;-1.59;-2.8983971332199867
N34Q;-0.25;-2.8665875997394323
N34P;-9.23;-7.141421455424278
N34S;0.55;-0.999088587006554
N34R;-0.64;-1.8635875629261136
N34T;-4.17;-5.114815336652099
N34W;-9.0;-4.8247274230234325
N34V;-7.36;-4.529157855082302
N34Y;-1.89;-0.8115763664245605
N35A;-0.43;-2.6236444090027358
N35C;0.5;-6.2982150504831225
N35E;0.74;-3.0987558956258
N35D;-0.68;-2.4647158081643283
N35G;-0.09;0.8523704768158495
N35F;0.41;-5.5278379891533405
N35I;-2.91;-7.079762933542953
N35H;-1.22;-3.0858502020128067
N35K;-0.15;-2.3216984743485227
N35M;0.48;-5.553838279098271
N35L;-1.01;-4.786696569528432
N35Q;0.76;-3.203113960335031
N35P;-8.72;-2.9514967049472034
N35S;-0.53;-2.2150901812128723
N35R;-0.98;-2.8633103775791824
N35T;0.42;-5.706341864308343
N35W;-8.58;-6.950997649459167
N35V;-1.17;-5.5020967232812845
N35Y;-1.04;-5.743415805627593
W36A;0.89;-1.2595726745203135
W36C;-4.8;-5.132040490396322
W36E;-3.93;-2.593037945451215
W36D;-2.82;-4.658931125188246
W36G;-0.48;-3.866171412402764
W36F;0.16;-1.5544040906243026
W36I;0.48;-1.9961102065863088
W36H;-0.14;-2.192936596577056
W36K;-0.5;-1.6061122345272452
W36M;-0.7;-4.134125708602369
W36L;0.74;-0.0756400276441127
W36N;-1.11;-3.5378527867142116
W36Q;0.31;-2.13106397096999
W36P;-4.67;-6.9778713260166105
W36S;0.2;-1.577009581727907
W36R;0.21;-0.9001584373763762
W36T;-1.03;-2.3148426965344697
W36V;0.59;-1.1343260386493057
W36Y;0.63;-5.3509733134415
E37A;-0.35;-2.4588069574456317
E37C;-0.24;-4.648562457026856
E37D;0.45;-1.7257940602503368
E37G;-1.37;-2.5789444834008464
E37F;-3.48;-3.1665503378972057
E37I;-3.46;-1.6617851677365252
E37H;-1.38;-2.4542842579612625
E37K;-2.05;-0.630994373561407
E37M;-2.18;-2.6342396575855678
E37L;-1.69;-1.3192793853595504
E37N;0.04;-1.6076751547880122
E37Q;-1.98;-1.043095319160784
E37P;0.35;-0.9173507230370888
E37S;0.62;-0.5897767748465412
E37R;-1.13;-2.3133980851634988
E37T;-0.25;-0.5307095668758848
E37W;-7.92;-6.734241412232223
E37V;0.42;-1.0970789879575022
E37Y;-5.6;-4.0574937651181235
C38A;-3.87;-9.004987521562724
C38E;-8.87;-9.949253867715925
C38D;-3.08;-10.321810907800682
C38G;-4.86;-8.941743395640515
C38F;-5.2;-8.933911900850942
C38I;-8.61;-9.125888625887457
C38H;-8.4;-9.66250495123677
C38K;-10.17;-9.742694708635101
C38M;-4.62;-10.04201540052236
C38L;-8.94;-8.303496503503993
C38N;-8.54;-9.015931303147227
C38Q;-3.58;-9.991016627895078
C38P;-11.35;-9.16125588992145
C38S;-5.76;-8.67830489721382
C38R;-9.05;-9.486314354697242
C38T;-8.55;-9.229486525058746
C38W;-9.14;-9.661518481589157
C38V;-8.51;-9.840438977233132
C38Y;-3.15;-8.85445987735875
R39A;0.32;-1.1979234708705917
R39C;1.0;0.5614995815558359
R39E;0.77;-0.5529456894146279
R39D;-3.25;-1.0678723450982943
R39G;0.26;-1.6115383182768708
R39F;0.63;-0.6077658934373176
R39I;0.69;1.052332985564135
R39H;-0.1;0.31798010074999183
R39K;-0.8;0.6233965937281027
R39M;2.23;-2.8488993813516568
R39L;1.36;0.12020413728896527
R39N;1.98;0.4010856279055588
R39Q;0.3;-0.011281524202786386
R39P;-4.84;-1.1002176669426262
R39S;0.02;0.005401728380093118
R39T;1.48;1.2305700824363155
R39W;-1.23;-2.5513525333371945
R39V;-1.72;1.582024572300725
R39Y;0.59;-2.064812481054105
Y40A;-6.18;-8.810090911225416
Y40C;-8.78;-10.908574400120417
Y40E;-5.52;-8.445347621687688
Y40D;-8.63;-11.560441616573373
Y40G;-8.3;-9.446562790195456
Y40F;-3.3;-4.016843279008754
Y40I;-8.49;-7.431657953769901
Y40H;-3.91;-8.942208720138296
Y40K;-8.77;-9.318403767072596
Y40M;-5.62;-9.3540559503017
Y40L;-5.28;-9.003976077074185
Y40N;-8.08;-6.8891402810102145
Y40Q;-4.06;-8.205222283257173
Y40P;-9.74;-8.909568936214784
Y40S;-5.55;-7.762959692976437
Y40R;-5.94;-7.036361311213112
Y40T;-5.65;-5.385533989057876
Y40W;-5.62;-4.924344889004715
Y40V;-3.39;-6.924500506022014
S41A;-4.06;-3.378992767073214
S41C;-9.19;-6.1319789825356565
S41E;-8.23;-2.1568014321383093
S41D;-8.71;-3.180812441976741
S41G;-3.97;-1.8171934275887909
S41F;-7.31;-6.085586707107723
S41I;-9.29;-4.159147226251663
S41H;-9.18;-5.198319518007338
S41K;-9.13;-3.9443435155553743
S41M;-8.38;-4.992467846022919
S41L;-7.79;-2.78137938817963
S41N;-8.09;-3.5633729121182114
S41Q;-2.66;-6.193081699660978
S41P;-9.28;-3.1884264978580177
S41R;-6.76;-4.994749333243816
S41T;-2.22;-1.8966509400634093
S41W;-5.52;-8.448369286081286
S41V;-4.57;-3.6620878030080353
S41Y;-3.64;-7.2895391990896306
P42A;-3.38;-1.0303869456984105
P42C;-6.76;-5.7820474228356025
P42E;-4.6;-0.4106444158824161
P42D;-2.38;-1.474031034405925
P42G;-5.07;-1.8378256054129447
P42F;-8.86;-3.606487060431391
P42I;-8.5;-3.8293597237207
P42H;-4.93;-2.9508868595585227
P42K;-5.14;-1.1276450760051375
P42M;-3.72;-4.215456767240538
P42L;-8.37;-3.43252958660014
P42N;-6.68;-1.6937317671254275
P42Q;-6.03;-2.28169163223356
P42S;-6.1;-1.2240651459433138
P42R;-8.98;-2.731059812474996
P42T;-7.29;-1.8665637470548968
P42W;-5.46;-5.186597014660947
P42V;-4.73;-2.206612444482744
P42Y;-6.33;-2.9837986902566627
K43A;-1.16;-2.1331030694418587
K43C;-4.46;-5.210442670213523
K43E;-6.96;-2.233448475773912
K43D;-5.43;-2.4177194897201844
K43G;-2.94;-3.1719022517208932
K43F;-0.92;-2.481534084596205
K43I;-3.44;-1.9718309332965875
K43H;-2.92;-4.395274092035835
K43M;-1.95;-4.0415631467622015
K43L;-2.0;-2.4791843035491183
K43N;-2.99;-2.1774788657785398
K43Q;-2.79;-2.201323895074893
K43P;2.52;-1.5385256768786348
K43S;-3.79;-1.925821364216972
K43R;0.45;-0.9110582782595884
K43T;-3.31;-1.9354209579178128
K43W;-5.09;-6.794108572474215
K43V;-6.02;-2.173015226086136
K43Y;0.28;-3.1743188654654664
T44A;-0.09;0.639900290640071
T44C;-0.81;-2.6374311407562345
T44E;1.38;-0.6827754857949913
T44D;-3.42;-0.5816122614778578
T44G;-2.6;-0.4800856679212302
T44F;-3.86;-0.8302820484968834
T44I;0.96;0.3756789729814045
T44K;-5.98;1.0949531320948154
T44M;-0.02;-2.3185873681213707
T44L;0.13;-0.6310414806939662
T44N;-4.19;-0.6268504923209548
T44S;-2.2;0.40615152358077466
T44R;-3.33;0.6578434519469738
T44W;-8.71;-4.236349979182705
T44V;0.02;0.6413277832325548
T44Y;-9.13;-1.4554934657644483
K45A;-0.25;-1.855003603734076
K45C;-3.22;-5.002337302514206
K45E;-7.38;-2.7533712135627866
K45D;-5.62;-4.343958049663343
K45G;-8.52;-2.2477475057821716
K45F;-3.91;-3.3879455197602515
K45I;1.35;-2.3530820460291584
K45H;-3.62;-2.7533458820544183
K45M;-0.38;-4.504662972642108
K45L;0.88;-2.221231426054146
K45N;-1.94;-2.173546783393249
K45Q;1.3;-2.1789371386694256
K45P;1.13;-0.7026994032785296
K45S;-6.85;-1.5823974339218694
K45R;-0.63;-0.5398865209426731
K45T;-1.89;-1.3413650470320135
K45W;-5.52;-3.9971050566527992
K45V;0.69;-0.9639328149496578
K45Y;-3.6;-4.106632756302133
R46A;-7.92;-2.6354202603688464
R46C;-8.45;-7.661040782841155
R46E;-3.55;-3.4112414417322725
R46D;-9.4;-3.620051856181817
R46G;-8.95;-4.429980592802167
R46F;-9.22;-6.6376141756773
R46I;-9.85;-4.909364932216704
R46H;-9.0;-3.653200915781781
R46K;-4.76;-1.5248671593144536
R46M;-7.95;-4.775252193212508
R46L;-8.48;-5.066268335911445
R46N;-9.34;-4.70349025912583
R46Q;-2.86;-3.872835094574839
R46P;-8.67;-2.9941471070051198
R46S;-9.18;-2.335683048237115
R46T;-6.94;-2.8857149364193897
R46W;-8.94;-5.029532304732129
R46V;-9.87;-4.843632332049309
R46Y;-9.35;-5.560617166571318
S47A;-7.2;-3.3471963801421225
S47C;-8.5;-4.982951597427018
S47E;-10.97;-3.526958726812154
S47G;-9.02;-0.8024048525840044
S47F;-8.47;-4.283475933130831
S47I;-8.45;-3.563640672247857
S47H;-9.97;-3.4829092851432506
S47K;-9.59;-0.7649713717401028
S47M;-4.26;-4.4953080303967
S47L;-9.9;-2.695188081357628
S47N;-9.09;-3.802312402054668
S47Q;-8.95;-2.417064308188856
S47P;-2.46;-1.5658211724366993
S47R;-10.04;-0.5573347368044779
S47T;-0.65;-1.2848991107312029
S47W;-9.21;-6.388114814646543
S47V;-9.03;-3.0992007734021167
S47Y;-6.1;-4.357075859326868
P48A;-5.27;-3.114281882801152
P48C;-6.86;-7.554479478174926
P48E;-4.17;-5.374960222514347
P48D;-1.86;-5.026268184999934
P48G;-5.69;-1.703539062407799
P48F;-8.33;-8.248343554325402
P48I;-8.95;-5.545041465898977
P48H;-8.42;-5.784677321091294
P48K;-4.4;-2.4382302588783205
P48M;-5.59;-6.071990796830505
P48L;-8.67;-5.958134595886804
P48N;-9.23;-3.830107423942536
P48Q;-9.24;-5.5291711925528935
P48S;-7.63;-2.946616900153458
P48R;-3.79;-2.563810085048317
P48T;-8.81;-3.8996997755020857
P48W;-3.95;-8.889968565665185
P48V;-4.54;-5.730198891484179
P48Y;-5.23;-7.170731077902019
