# Data from Rockah-Shmuel, L.; Tóth-Petróczy, Á.; Tawfik, D. S. Systematic Mapping of Protein Mutational Space by Prolonged Drift Reveals the Deleterious Effects of Seemingly Neutral Mutations. PLoS Comput. Biol. 2015, 11, e1004421.
# y represents the experimental measure "Wrel_G17"
# dE is the difference in statistical energy between the variant and the wild type (EVmutation)
variant;y;dE
L3F;0.0;-5.393428598312311
L3I;0.67;-0.8521589159863652
L3S;0.23;-5.7244699633301925
L3V;0.79;-2.7402460704470286
I4F;0.17;-5.934042855424195
I4L;0.67;-1.9922116731286224
I4M;0.0;-5.479565771816852
I4N;0.01;-7.601728737990926
I4S;0.0;-6.198500766548023
I4T;0.51;-5.780237147524531
I4V;0.92;-1.3233918177465966
S5C;0.0;-8.756221920451935
S5G;0.21;-5.658975175865635
S5I;0.0;-12.49566650496672
S5N;0.03;-7.7901099469178225
S5R;0.0;-12.49566650496672
S5T;0.0;-6.012012747989504
L6F;0.23;-3.1866228558355942
L6H;0.0;-9.717534894552957
L6I;0.65;-5.2966827076797935
L6P;0.11;-8.432421019468164
L6R;0.0;-12.883923994506404
F7C;0.0;-8.12199685741507
F7I;0.0;-13.697144464266556
F7L;0.04;-8.90634591766866
F7S;0.01;-10.235313824789047
F7V;0.0;-11.844027961391046
F7Y;0.25;-6.147124271003122
S8A;0.79;-2.598947278987908
S8L;0.0;-10.282944036382103
S8P;0.37;-9.656540522233627
S8T;0.72;-4.545064494737744
G9A;0.0;-7.3737762058071885
G9C;0.06;-6.660464941154713
G9D;0.0;-9.075750261307348
G9R;0.0;-9.229041338636307
G9S;0.0;-6.572601295086316
G9V;0.0;-8.509658933413448
A10E;0.0;-11.482289353522901
A10P;0.0;-6.350938702991698
A10S;0.57;-5.762078042122084
A10T;0.41;-8.011302362239803
A10V;0.68;-5.370062358502763
G11A;0.0;-8.203479760693426
G11E;0.0;-8.569221028970333
G11R;0.0;-8.688409957353997
G11V;0.0;-12.618206807837849
G11W;0.0;-10.03874323109767
G12A;0.0;-7.649950729755801
G12E;0.0;-9.992827607486104
G12R;0.0;-9.984734232308256
G12V;0.0;-7.344949338585137
L13F;0.16;-5.929084995863378
L13I;0.2;-6.966520726418822
L13S;0.12;-7.526394952175906
L13V;0.0;-7.5285925410862555
D14E;0.64;-6.826070077931945
D14G;0.27;-7.3079449646666035
D14H;0.0;-9.808438601176023
D14N;0.01;-8.603854378219694
D14V;0.02;-8.81541776011727
D14Y;0.0;-8.821138394852824
L15F;0.59;-5.299732849773137
L15H;0.36;-6.917347941736808
L15I;0.8;-3.806745522132133
L15P;0.11;-13.304121196037158
L15R;0.07;-6.377738785013207
L15V;0.54;-5.980874842134654
G16A;0.0;-5.29102017673722
G16C;0.0;-9.626540061606647
G16D;0.0;-9.216576157399686
G16R;0.0;-9.322760449911584
G16S;0.04;-7.195260460415739
G16V;0.0;-8.149854861250788
F17I;0.04;-5.574903187865857
F17L;0.37;-3.977450689126272
F17S;0.2;-7.044145187945106
F17V;0.03;-5.6826650565708405
F17Y;0.0;-7.8691815983329425
Q18H;0.93;-1.5623296314515756
Q18K;0.79;0.3536157070629997
Q18L;0.85;-3.2028080063755624
Q18P;0.0;-3.9728707976610167
Q18R;0.96;-2.3016303774347757
K19E;0.85;-4.497208767835217
K19I;0.85;-6.022796754935371
K19N;0.87;-2.721497886333964
K19Q;0.49;-0.7380978817964206
K19R;0.87;-1.6155495641505695
K19T;0.86;-5.126042991803843
A20E;0.18;-4.4087307165391385
A20G;0.0;-7.114495378686116
A20P;0.0;-7.554467958525492
A20S;0.68;-2.3248596075281966
A20T;0.39;-4.4845459006610335
A20V;0.69;-4.096388468791702
G21E;0.56;-5.98223675050383
G21R;0.23;-7.626787832648915
G21V;0.0;-7.282319489331713
F22C;0.52;-7.826761555959821
F22I;0.0;-6.375380688899895
F22L;0.39;-7.305350705210003
F22S;0.33;-8.515592451993143
F22V;0.0;-6.255566175590503
F22Y;0.68;-3.9220875219325535
R23C;0.93;-3.3480744189837424
R23H;0.93;-0.03897549193061423
R23L;0.86;-2.8090206579217925
R23P;0.87;-2.36256109160604
R23S;0.8;-0.6785858859511791
I24F;0.04;-5.680711049310047
I24N;0.0;-6.6331340594588255
I24S;0.0;-6.105462936291588
I24T;0.58;-3.6670957051610458
I24V;0.97;-2.1227888003195403
I25F;0.62;-5.328613321464218
I25N;0.85;-4.8200793856958635
I25S;0.09;-3.125093993643532
I25T;0.85;-3.749763365299259
I25V;0.89;-1.2505309396219673
A26D;0.0;-4.1482997917009925
A26G;0.95;-1.715514966443152
A26P;0.0;-8.973178952937609
A26S;0.44;-2.1854418073307897
A26T;0.98;-1.7334573440712118
A26V;1.07;-0.4160638811918034
A27P;0.0;-10.58145378658628
A27S;0.56;-2.7086201614001766
A27T;0.29;-5.138047450222075
A27V;0.32;-6.661210711565218
N28D;0.07;-8.469543025625171
N28H;0.0;-8.559190560748902
N28I;0.73;-3.959879673362593
N28K;0.0;-9.29181883829483
N28S;0.84;-3.9532018308527768
N28T;0.0;-4.928826878294785
N28Y;0.76;-5.355918363566161
E29D;0.89;-3.309417339387437
E29G;0.11;-12.0339588946149
E29K;0.0;-8.897119255761936
E29Q;0.0;-7.653566363605022
E29V;0.0;-12.692603178373249
Y30C;0.92;-5.3383862729801885
Y30F;0.84;-0.8376225055399118
Y30H;0.69;-6.468523390998597
Y30N;0.98;-3.1676418332790486
D31A;0.0;-5.4010524832847295
D31E;0.74;-3.904815909729223
D31G;0.26;-7.6213997268168905
D31H;0.0;-6.830244091848726
D31N;0.54;-5.669471837478341
D31V;0.01;-6.589768271936919
D31Y;0.0;-6.508245530472777
K32E;0.93;-3.5519753522385145
K32I;0.81;-5.858477044279425
K32N;0.79;-2.813441443202464
K32R;0.73;-3.91242860739294
K32T;0.66;-3.456515553101781
S33A;0.46;-1.8863839093828572
S33L;0.77;-5.452032764500473
S33P;0.4;-4.870515511429404
S33T;0.93;0.4912211005575955
I34K;0.05;-7.67721518772305
I34L;0.57;-6.506031270429957
I34M;0.81;-7.44813807043829
I34T;0.74;-5.881709372566547
I34V;0.79;-4.772737698760466
W35C;0.33;-4.6609860621538255
W35G;0.0;-5.326104526364361
W35L;0.5;-5.3965394833066975
W35R;0.3;-5.321119519321655
W35S;0.0;-4.5034092943533315
K36E;0.92;1.3862994860319304
K36I;0.8;-1.7713630487924092
K36N;0.74;-1.7234302374199617
K36Q;0.4;0.3416874636200191
K36R;0.9;-2.1143580674033733
K36T;1.01;-1.9898788851642168
T37A;0.27;-6.581571048576733
T37I;0.0;-6.794081300526159
T37K;0.0;-11.7092001270031
T37P;0.0;-10.391634128460284
T37R;0.0;-11.379972263670425
T37S;0.79;-4.911224424777174
Y38C;0.28;-7.667809202015633
Y38F;0.88;-1.359308174556645
Y38H;0.49;-4.011956242240558
Y38N;0.0;-6.5236695493294965
E39A;0.31;-4.120757013073671
E39D;0.61;-5.949099218059927
E39G;0.66;-7.1768681253979585
E39K;0.38;-3.2866111821003865
E39V;0.71;-5.570737560550697
S40C;0.92;-2.7629613140634315
S40G;0.76;-2.7290587063835114
S40I;0.87;0.08344446472801792
S40N;0.9;-0.6627490132668754
S40R;0.61;-0.7735871319455327
S40T;0.72;0.02533198370656464
N41D;0.13;-7.406892446484562
N41I;0.0;-5.183991372712626
N41K;0.03;-6.7635026105599545
N41S;0.36;-4.976048995657038
N41T;0.0;-6.376552433062898
N41Y;1.16;-4.931026126145298
H42D;0.0;-7.2936899412288785
H42L;0.51;-5.424259254097706
H42N;0.67;-6.139490676589048
H42Q;0.57;-7.028215677615662
H42R;0.13;-6.336331776838051
H42Y;0.28;-5.041598100200645
S43A;1.1;-3.134031299436174
S43L;0.89;-2.4887672429540544
S43P;0.92;-1.0545981056275195
S43T;1.0;-1.5366625618989929
A44D;0.14;-3.649536752263885
A44G;0.92;-2.696919287584024
A44P;0.77;-3.854226684547029
A44S;0.79;-1.985064255335601
A44T;0.89;-0.2403235556266736
A44V;0.76;-1.90474788134452
K45E;1.07;-2.1262264770120964
K45I;0.85;-3.1563679137761937
K45N;0.94;-3.2452059560309863
K45R;0.81;-3.951597845154538
K45T;0.17;-2.928060155594721
L46F;0.49;-5.128783271487919
L46M;0.86;-6.433585528677213
L46S;0.1;-6.026237248443067
L46V;0.57;-3.803819919223315
L46W;0.0;-7.560921956712264
I47F;0.84;-2.995519977586809
I47M;0.3;-6.317194420613304
I47N;0.66;-3.4150176920084045
I47S;0.0;-5.217587440885836
I47T;0.41;-4.959668539100676
I47V;0.68;-3.4426501093803377
K48E;0.54;-4.025763911326067
K48I;0.34;-3.4431452851567883
K48N;0.45;-5.83540828345599
K48Q;0.49;-5.016417132654169
K48R;0.71;-3.79591262897884
K48T;0.57;-4.29782420603442
G49A;0.69;-4.195535862192628
G49C;0.86;-5.003722241031936
G49D;0.99;-4.8788466206515295
G49S;0.76;-3.2314493669000512
G49V;0.72;-5.903175041938084
D50E;0.83;-5.716269169774022
D50G;0.41;-6.24470198193012
D50H;0.0;-6.893037933397864
D50N;0.8;-3.6169704572785117
D50V;0.0;-6.2880488048213
D50Y;0.0;-6.349980348355531
I51K;0.0;-7.2955101379557155
I51L;0.84;-2.9734267483945587
I51M;0.07;-5.888931854515248
I51T;0.13;-6.712969855841948
I51V;0.79;-3.4680329834218355
S52A;1.18;-2.0217526126798475
S52C;0.79;-2.623336076285341
S52F;0.88;-5.271165832273255
S52P;0.19;-5.9888547175287385
S52T;1.0;-0.2793275271169477
S52Y;0.39;-5.22512298746733
K53E;0.82;-2.793393199754973
K53I;0.74;-3.948770005983533
K53N;0.65;-1.3161396673676788
K53Q;0.0;-1.878441607084824
K53R;0.87;-3.185944378306885
K53T;0.0;-2.7022207692061784
I54F;0.4;-3.7492081532982415
I54L;1.05;-2.0512743353901897
I54M;0.8;-5.028282988467254
I54N;0.0;-6.6530693929234985
I54S;0.0;-6.850577258417616
I54T;0.79;-6.439961006799423
I54V;0.99;-1.9474427342634044
S55F;0.64;-4.8393487450903185
S55P;0.98;-0.9824574320664397
S55T;0.67;-2.0286949690926117
S55Y;0.42;-4.5886325148603655
S56L;0.61;-3.9023957646932095
S56P;0.88;-4.0626180293475045
S56T;0.51;-2.4340996001046733
D57A;0.0;-2.069822263991228
D57E;0.96;-0.5089196937424276
D57G;0.82;-3.7617126785917208
D57H;0.73;-3.490744694834575
D57N;0.77;-1.1024829310317728
D57V;0.73;-4.237963238359272
D57Y;0.63;-3.4133413973322604
E58A;0.21;-3.8725992863328433
E58D;0.96;-0.5957898391643539
E58G;0.65;-5.928255811682902
E58K;0.94;-3.6855127806775267
E58Q;0.0;-3.616785547381369
E58V;0.83;-3.9270962924638297
F59C;0.0;-6.646110577412402
F59I;0.87;-0.5700120788515051
F59L;0.79;-0.9924749520669138
F59S;0.15;-6.259952387548765
F59V;0.0;-3.3602621631198417
F59Y;0.29;-5.1534688450101385
P60H;0.42;-6.596639096591389
P60L;0.03;-6.899382264078668
P60S;0.52;-4.433918268821799
P60T;0.01;-4.582737925898981
K61E;0.91;2.686269601981621
K61M;0.86;-2.3746590077480505
K61N;0.97;2.4364982579354546
K61Q;0.68;0.2288666771901262
K61R;0.95;-1.4924193957467649
K61T;0.89;-0.12346542120940285
C62F;0.09;-5.338663545771851
C62G;0.89;-5.010954865050736
C62R;0.16;-6.070794181141538
C62S;0.72;-2.1284257507359143
C62W;0.0;-7.528869337891593
C62Y;0.14;-5.936052171531628
D63A;0.42;-3.5252109156135703
D63E;0.79;-3.886997859255644
D63G;0.61;-6.575348450889576
D63H;0.53;-4.822310932835536
D63N;0.4;-5.1081010255002175
D63V;0.8;-4.84764011772495
D63Y;0.69;-6.153924947793713
G64A;0.23;-6.931133764242986
G64E;0.0;-13.534693665026564
G64R;0.0;-10.972852482373128
G64V;0.0;-4.616394288663288
I65F;0.21;-6.5828337778293635
I65L;0.76;-3.830420062971825
I65N;0.0;-10.873288029721152
I65S;0.0;-8.613896819031423
I65T;0.12;-8.615769849282515
I65V;0.91;-5.023394645912049
I66F;0.0;-6.302787650711252
I66M;0.0;-7.204281901042122
I66N;0.0;-9.319778574295924
I66T;0.0;-5.117171085687005
I66V;0.96;-4.7170204954600194
G67E;0.0;-14.64497735288728
G67R;0.0;-12.12428024255496
G67V;0.0;-10.700470237201444
G67W;0.0;-9.541620005835282
G68A;0.0;-8.13778652716428
G68E;0.01;-7.564650204267308
G68R;0.0;-8.20834035883854
G68V;0.0;-9.247557929666073
G68W;0.0;-10.083393543955026
P69A;0.0;-5.8712507249365435
P69L;0.14;-8.626294107700232
P69Q;0.0;-13.000499234648032
P69S;0.18;-5.4255225348460945
P69T;0.34;-7.567273277818457
P70H;0.0;-10.751188523483505
P70L;0.0;-9.36729846554772
P70S;0.13;-6.926055394093055
P70T;0.0;-9.234355945834977
C71F;0.0;-9.539028706458339
C71G;0.0;-9.550445018379833
C71R;0.1;-8.902471166249597
C71S;0.0;-8.339788027355098
C71W;0.0;-9.202271932022995
C71Y;0.0;-8.567932473362816
Q72E;0.0;-7.0539925826583385
Q72H;0.15;-9.747493995168496
Q72K;0.49;-7.724974188086435
Q72L;0.0;-9.130118712772855
Q72P;0.0;-7.043076936336093
Q72R;0.13;-9.111623646202588
S73C;0.0;-10.455113028383495
S73F;0.0;-10.020419399050297
S73P;0.86;-7.1299453080464446
S73T;0.61;-8.001308275037445
S73Y;0.0;-9.21603768314526
W74C;0.0;-11.075552316009636
W74G;0.0;-10.913184654535144
W74L;0.0;-7.602608182824043
W74R;0.05;-14.353857767974205
W74S;0.0;-10.611148273790604
S75C;0.22;-8.735174781126261
S75G;0.17;-9.568847930655462
S75I;0.0;-10.615547864479595
S75N;0.0;-9.424079541917306
S75R;0.0;-13.272676000041427
S75T;0.0;-6.573427931492915
E76A;0.74;-2.9282346445543226
E76D;0.46;-7.690475390503707
E76G;0.52;-7.530861864208418
E76K;0.37;-6.897507638255775
E76V;0.93;-2.8465043400428836
G77A;0.62;0.9619386308913818
G77E;0.0;-7.262334730439762
G77R;0.18;-5.337382632042137
G77V;0.43;-3.8572115649149055
G77W;0.0;-8.362080019673156
G78A;0.0;-6.705658800026868
G78E;0.0;-10.205641375789128
G78R;0.0;-7.858674134658941
G78V;0.0;-9.171114980104905
S79F;0.71;-5.225107156409648
S79P;0.48;-4.623949605185771
S79T;0.88;-2.3015123709192267
S79Y;0.71;-5.4844741092820195
L80F;0.73;-6.9110730938991765
L80H;0.86;-6.0402926891329125
L80I;0.31;-6.710960954667826
L80P;0.3;-7.715063935231228
L80R;0.53;-3.164127930383984
R81G;0.37;-2.954480944306852
R81I;0.28;-6.053114358139738
R81K;0.82;-0.14692458300487488
R81S;0.72;-4.768822178466508
G82A;0.0;-5.75590761202875
G82E;0.0;-6.773288447242521
G82R;0.0;-5.978748327645008
G82V;0.0;-7.180247819163923
I83F;0.73;-6.233784468684462
I83L;0.21;-5.709558851231122
I83M;1.0;-7.483467040525284
I83N;0.34;-8.342668072989909
I83S;0.0;-7.922663829543126
I83T;0.43;-9.057639876904432
I83V;0.72;-5.9078465986822275
D84E;0.88;-1.412868873347179
D84G;0.69;-4.481023624473892
D84H;1.12;-3.4551249342330266
D84N;0.89;-0.9041293021000456
D84V;0.48;-6.252656924199983
D84Y;0.46;-5.7472174148824715
D85A;0.0;-6.463261958131625
D85E;0.49;-6.005458591458591
D85G;0.11;-5.576190416031751
D85N;0.03;-5.002853070996935
D85V;0.0;-7.3136859140504376
D85Y;0.0;-7.831877892451303
P86A;1.11;-2.9837624273895926
P86H;0.69;-4.227671944212489
P86L;0.9;-5.733882916272704
P86R;0.84;-7.1092243497078025
P86S;1.09;-2.591058996527863
P86T;0.67;-5.215010559870733
R87G;0.0;-8.108898773553847
R87L;0.63;-7.77454624188249
R87Q;0.34;-7.006086620400311
R87W;0.06;-10.523025099522783
G88A;0.0;-8.061305411858484
G88C;0.0;-10.442843441895091
G88D;0.13;-8.604757193403202
G88R;0.0;-9.748796175364987
G88S;0.08;-6.772947747143919
G88V;0.0;-9.393241262783702
K89E;0.59;-4.4074374021365665
K89I;0.76;-6.5715122697729385
K89N;0.28;-5.512066532190146
K89R;0.85;-2.694785817482625
K89T;0.0;-4.213393140365952
L90F;0.41;-8.865207557661051
L90H;0.41;-7.398180587715615
L90I;0.0;-7.9626909394573895
L90P;0.12;-9.094400643261906
L90R;0.0;-10.179082930233562
L90V;0.6;-6.100218478262832
F91C;0.0;-8.135031661848187
F91I;0.87;-4.111223547322878
F91L;0.53;-3.0676117636030535
F91S;0.0;-5.7550580256211115
F91V;0.27;-4.196420037005737
F91Y;0.41;-5.227892070361122
Y92C;0.89;-8.609656116426779
Y92F;0.83;-2.371804767957656
Y92H;0.54;-6.3295730590471075
Y92N;0.0;-6.48447271992336
E93A;0.0;-6.448176369078282
E93D;0.69;-2.254345259949332
E93G;0.33;-7.017679031242551
E93K;0.0;-6.314003914274508
E93Q;0.87;-3.6898540590118505
E93V;0.02;-5.1976011090446255
Y94C;0.08;-6.8391821104014525
Y94F;0.57;-2.167009267697722
Y94H;0.26;-9.56144886180482
Y94N;0.0;-9.742618325268268
Y94S;0.0;-6.798820767817233
I95F;0.62;-5.601029849887708
I95M;0.0;-7.343173186847707
I95N;0.53;-8.756426971194742
I95S;0.0;-7.356577224098146
I95T;0.77;-6.329578981880331
I95V;0.95;-3.797188240394462
R96G;0.0;-7.783078833597642
R96L;0.1;-7.614035897793657
R96P;0.0;-9.840983729928666
R96Q;0.28;-6.023336432454926
R96W;0.28;-8.611884838729566
I97F;0.64;-4.199934386095265
I97M;0.49;-4.428729992196168
I97N;0.03;-7.5876898554197405
I97S;0.0;-5.75127809116384
I97T;0.52;-4.589042779552984
I97V;0.77;-2.201253200902101
L98F;0.31;-7.767665876366665
L98I;0.86;-3.4553876988056804
L98S;0.03;-7.896899662839132
L98V;0.65;-4.467715657297958
K99E;0.84;-4.301850290015864
K99I;0.72;-6.151370715928352
K99N;0.88;-3.5686092324031047
K99Q;1.09;-3.132475419144612
K99R;0.88;-2.147905825288035
K99T;0.45;-4.769146174803609
Q100E;1.06;0.7791163778310874
Q100H;0.9;-1.82065277583024
Q100K;0.12;-1.4220181160999346
Q100L;0.7;-3.1350035263167233
Q100R;1.01;-2.760292653401848
K101E;0.31;-6.375680407938488
K101I;0.73;-2.345216219284339
K101N;0.83;-4.9101506237348085
K101Q;0.78;-4.953204723206
K101R;0.88;-4.695372437563492
K101T;0.97;-2.8875025220040698
K102E;0.95;-4.501849875225162
K102I;1.15;-7.547552070860548
K102N;0.41;-3.3409343031380563
K102Q;1.07;-1.5855444775152137
K102R;0.8;-2.6946290408104687
K102T;1.01;-4.750321137471474
P103A;0.0;-5.432109827946988
P103L;0.25;-7.361968758770673
P103Q;0.0;-8.792560598023556
P103S;0.63;-5.2990935414272835
P103T;0.54;-5.497416373633313
K104E;0.66;-4.286332627132651
K104I;0.99;-3.2884430326721485
K104N;0.97;-3.479917296433996
K104Q;0.94;-4.0829392851537705
K104R;1.06;-2.471447409086977
K104T;0.88;-3.927052582774195
F105I;0.24;-6.433007599651319
F105L;0.2;-7.407545901303821
F105S;0.16;-8.118607629272448
F105V;0.0;-6.533098838139268
F105Y;0.2;-5.804141585213075
F106C;0.0;-9.0518204842665
F106I;0.06;-9.60292533206666
F106L;0.28;-7.298012056840434
F106S;0.09;-10.509356071765069
F106V;0.0;-8.700929461010674
F106Y;0.35;-9.582303396004137
L107F;0.16;-7.277191481029148
L107H;0.0;-10.693552415135855
L107I;0.25;-3.2555147771490733
L107P;0.1;-11.544295207382676
L107R;0.0;-13.740570508917244
A108D;0.0;-11.711207943818406
A108G;0.0;-6.047574711454217
A108P;0.0;-12.050901190016704
A108S;0.02;-7.291694959367305
A108T;0.58;-7.819836175307954
A108V;0.73;-3.2480308923295524
E109D;0.0;-8.659216775733512
E109G;0.0;-9.595887250809026
E109K;0.03;-11.509509479177494
E109V;0.0;-10.139249434985686
N110D;0.08;-10.726313793365533
N110H;0.0;-10.373663386941187
N110I;0.0;-9.95215110135905
N110K;0.0;-10.31252787423
N110S;0.52;-7.674967880719121
N110T;0.1;-8.127289113937877
N110Y;0.0;-12.981351932767213
V111A;0.22;-9.253496220262603
V111D;0.0;-10.410530625068075
V111F;0.0;-11.27203419098521
V111G;0.0;-10.52066216390449
V111I;0.29;-9.054106032446724
V111L;0.0;-10.039716909646813
K112E;0.49;-1.6224873959254182
K112I;0.76;-4.7399826259934335
K112N;0.56;-4.6375979380100025
K112R;0.91;-1.512974876211956
K112T;0.34;-3.621918096498121
G113A;0.0;-7.509569309593644
G113E;0.0;-7.933022787387017
G113R;0.0;-6.7818946902116295
G113V;0.0;-10.003528329216351
M114I;0.7;-1.8898522113177023
M114K;0.0;-8.508987009423437
M114L;0.26;-4.066922468948178
M114T;0.09;-8.050057743817888
M114V;0.23;-5.20017839371576
L115M;0.84;-0.6771427632156701
L115P;0.09;-7.268198254812888
L115Q;0.47;-6.186018222444545
L115R;0.21;-5.5464397091382125
L115V;0.13;-6.1805490466322235
A116D;0.57;-5.60173092230434
A116G;0.36;-5.683544812269247
A116P;0.0;-7.6909163469620125
A116S;0.52;-1.911756930852789
A116T;0.71;-3.7494618161363182
A116V;0.52;-6.1896336073950815
Q117H;0.71;-2.706117094796354
Q117K;0.85;1.1061208401042677
Q117L;0.85;-3.3286085512372665
Q117P;0.5;-1.1914360399823636
Q117R;0.96;-2.1852765972726047
R118C;0.59;-7.395001245071398
R118G;0.11;-4.824773520245799
R118H;0.36;-5.833655482521862
R118L;0.46;-6.556289409549207
R118P;0.34;-6.976735145115527
R118S;0.51;-4.212092715373728
H119L;0.06;-7.039832006408688
H119N;0.36;-3.6110543877621235
H119Q;0.3;-7.083299665206141
H119R;0.07;-8.14369028254805
H119Y;0.43;-7.793948794505923
N120D;0.89;-2.835371126726386
N120I;0.96;-2.7963165372930234
N120K;0.99;-1.1309025352384197
N120S;1.1;-1.4676366315688938
N120T;1.19;-2.8753503911138982
N120Y;0.97;-4.629265498687347
K121E;0.94;-0.9231988640785858
K121M;0.69;-5.917422946131411
K121N;0.8;-2.887852659328928
K121Q;1.02;-2.909872965435341
K121R;0.97;-4.32906506956715
K121T;0.59;-2.0226210299842933
A122D;0.71;-6.3715725573893
A122G;0.19;-6.512402706521241
A122P;0.93;-7.093253547169298
A122S;0.71;-3.6728319279536654
A122T;0.64;-3.831149699708476
A122V;0.74;-4.408762314636988
V123A;0.33;-6.866336534236325
V123D;0.0;-8.452924901117512
V123F;0.2;-3.5459121720050466
V123G;0.14;-7.777104148495709
V123I;0.74;-3.843697713513393
V123L;0.92;-3.4689032694845987
Q124H;0.74;-3.5053017927057226
Q124K;0.84;-0.8023705644445727
Q124L;0.78;-3.0021017130056857
Q124P;0.0;-5.875020889361623
Q124R;0.96;-3.8031258932023775
E125A;0.84;-2.3156283413700294
E125D;0.93;-1.4727292899115128
E125G;1.11;-2.019354133117304
E125K;0.81;-2.750443659897428
E125Q;0.0;-2.3444563559896783
E125V;0.81;-3.150783889228478
F126C;0.4;-5.012211062197821
F126I;0.91;1.0271474415121702
F126L;0.92;-2.5985393233722793
F126S;0.08;-4.853123688532833
F126V;0.0;-2.839716710020183
F126Y;0.27;-4.645399567657479
I127F;0.71;-4.543775137204649
I127N;0.8;-6.185437334708696
I127S;1.03;-5.683252964467101
I127T;1.06;-4.528249944203708
I127V;0.92;-2.8729944194928976
Q128E;0.12;0.6095781383628491
Q128H;0.87;-2.1043140594265424
Q128K;0.56;0.22883460301090966
Q128L;0.77;-2.5433275362556738
Q128P;0.0;-5.0509723248724185
Q128R;1.1;-0.5642120042757597
E129D;1.0;-3.9663939351594313
E129G;0.63;-3.1780268509683083
E129K;0.92;-2.0037094399885973
E129V;0.41;-3.245700094208587
F130C;0.55;-6.854474425315857
F130I;0.51;-3.615825736727857
F130L;0.71;-3.017163028300274
F130S;0.42;-6.118997305420635
F130V;0.0;-5.78965777537087
F130Y;0.57;-4.767698219024169
D131E;0.79;0.7749999266470695
D131G;0.67;-3.666166726550728
D131H;1.0;-4.202244786276424
D131N;0.76;-0.9212152482577948
D131V;1.12;-4.302325911114167
D131Y;0.86;-3.501670632162132
N132D;0.92;-0.6137341360445134
N132I;0.77;-3.20036712815363
N132K;1.0;-0.6485125196631998
N132S;0.91;-0.27939502469962463
N132T;0.94;-3.065600429315964
N132Y;0.67;-3.901675297180191
A133D;0.58;-7.745884949436004
A133G;0.51;-6.873518585074635
A133P;0.0;-7.263125668156135
A133S;0.76;-2.263164291063731
A133T;0.9;-5.72026984980812
A133V;0.76;-3.9496293668998983
G134A;0.54;-8.139640704255726
G134E;0.79;-6.278252388061559
G134R;0.79;-6.224408321722875
G134V;0.15;-8.49267544211034
Y135C;0.05;-8.121454203384927
Y135F;0.9;-4.06499521349906
Y135H;0.23;-7.3658707331705955
Y135N;0.0;-8.040485218152753
D136E;0.65;-2.401008191936853
D136G;0.83;-7.557245675048763
D136H;1.02;-3.2950999152490112
D136N;0.85;-2.0975787337047223
D136V;0.81;-3.8021795589993417
D136Y;0.95;-5.1642131930093464
V137A;0.59;-4.73274473101992
V137D;0.0;-8.739941825642745
V137F;0.15;-4.940481584562804
V137G;0.0;-7.455974038366548
V137I;0.82;-2.4099930730299093
V137L;0.98;-1.7773974664305567
H138D;1.06;-3.3774125370400725
H138L;0.6;-3.11604246434581
H138N;0.75;-0.4452827203531342
H138Q;0.86;-0.7471390242826601
H138R;0.91;-3.6199510704948348
H138Y;0.89;-0.3167775239708135
I139F;0.95;-2.030433449952397
I139N;0.76;-5.767408305462595
I139S;0.79;-4.911872871525702
I139T;0.87;-2.437711526741623
I139V;1.17;-2.867116975612589
I140F;0.85;-0.44723587935004616
I140L;0.79;-1.9328269733377963
I140M;1.14;-2.2966655332274972
I140N;1.09;-0.6649174605772714
I140S;1.12;0.018420819702441804
I140T;0.84;0.7250473636222523
I140V;0.98;-1.7182102037913864
L141F;0.53;-5.566766275820554
L141M;1.0;-1.871190274881883
L141S;0.54;-6.747481713269735
L141V;0.89;-3.6836358284344897
L141W;0.0;-8.536222669732522
L142F;0.74;-3.7228468445900944
L142H;0.77;-7.162684799099225
L142I;0.53;-2.7676925020350613
L142P;0.46;-8.067670360098418
L142R;0.19;-8.242623947720858
L142V;0.4;-2.115833398471296
N143D;0.49;-3.7270711894379933
N143I;0.0;-8.08995022889576
N143K;0.0;-6.1130664758766216
N143S;0.25;-6.7385643812376665
N143T;0.0;-9.04473376942883
N143Y;0.59;-7.822303980909054
A144E;0.0;-10.742634367048595
A144G;0.09;-7.559524605973593
A144S;0.54;-4.024386188912104
A144T;0.06;-7.104935592016772
A144V;0.12;-5.980153181624701
N145D;0.23;-3.2205299619672587
N145H;0.01;-2.7708924723410746
N145I;0.66;-3.5732766900182473
N145K;0.78;-0.07480586411838885
N145S;0.83;-0.8862684233899927
N145T;0.1;-2.9616014515559077
N145Y;0.83;-2.2678525666997302
D146E;0.62;-5.926437474838168
D146G;0.4;-9.94748636759141
D146H;0.32;-7.369828694980242
D146N;1.0;-4.240964386022823
D146V;0.14;-10.184483851327967
D146Y;0.04;-8.907223911660367
Y147C;0.34;-6.382471864926629
Y147F;0.99;-0.8234890165067554
Y147H;0.72;-5.256603438330785
Y147N;0.0;-9.5220199878986
G148A;0.64;-5.265079633521964
G148C;0.71;-5.258348957042472
G148D;0.68;-3.2603660332679283
G148R;0.19;-4.692272895059432
G148S;0.84;-3.2798492080837605
G148V;0.09;-9.180412489438822
V149A;0.66;-4.775066728514503
V149E;0.85;-7.451789163409558
V149G;0.0;-6.391846937789524
V149I;0.79;-1.8565199919592037
V149L;0.8;-4.304889367020223
A150D;0.0;-9.731027786801858
A150G;0.73;-4.973157062486281
A150P;0.95;-2.1003437133185803
A150S;0.61;-5.270615753837773
A150T;0.07;-8.429243318933004
A150V;0.16;-6.756466906910646
Q151H;0.0;-5.95141949621393
Q151K;0.0;-8.081392727668574
Q151L;0.0;-8.139324841060443
Q151P;0.0;-9.171180118763003
Q151R;0.06;-8.80867570207556
D152E;0.62;-3.4353231906643487
D152G;0.49;-8.009231263393303
D152H;0.81;-6.538809337795102
D152N;0.58;-3.776997502369341
D152V;1.07;-6.299633238770183
D152Y;0.25;-6.9086938331038255
R153G;0.07;-11.87032304821878
R153I;0.0;-9.509144825322435
R153K;0.0;-7.704321673802043
R153S;0.0;-12.792362467132762
K154E;0.78;-3.1957012538041454
K154I;0.63;-3.520625845150789
K154N;0.91;-4.765143322227232
K154Q;0.69;-3.3653319304867186
K154R;0.78;-4.60816523583344
K154T;0.58;-5.61308966857905
R155C;0.0;-9.329654064551503
R155G;0.0;-11.524338314629858
R155H;0.0;-9.664570383760292
R155L;0.0;-10.608761109808256
R155P;0.0;-12.541594757480198
R155S;0.0;-10.390239258072596
V156A;0.57;-7.804666328433085
V156D;0.0;-14.239227498743956
V156F;0.0;-8.142379872908348
V156G;0.16;-10.264015619153724
V156I;0.72;-3.7569260103337
V156L;0.32;-5.023324445442995
F157C;0.44;-8.264264453536299
F157I;0.56;-2.918392760053393
F157L;0.61;-4.512532347012893
F157S;0.08;-8.588427226262866
F157V;0.17;-4.468675208723654
F157Y;0.0;-4.539389900484821
Y158C;0.43;-7.384644457687045
Y158F;0.96;-4.554384983732689
Y158H;0.1;-14.134544432256462
I159F;0.12;-4.425213930827226
I159L;0.47;-4.1618331116915215
I159N;0.02;-10.580639377039917
I159S;0.0;-7.711863754098887
I159T;0.3;-6.09387985340436
I159V;0.94;-2.124525724520936
G160A;0.3;-6.8208055237846565
G160C;0.0;-7.921175103983844
G160D;0.0;-10.659885168370238
G160R;0.0;-10.817083674422976
G160S;0.2;-8.73419369457406
G160V;0.0;-10.13505444701252
F161C;0.08;-8.399170717387276
F161I;0.19;-3.8959758513983616
F161L;0.38;-7.110884144286501
F161S;0.21;-8.412872101805076
F161V;0.0;-6.158887005442921
F161Y;0.24;-5.77671692149579
R162G;1.09;-7.240460401115342
R162I;0.75;-5.514742579669473
R162K;0.74;-3.1159744230917568
R162S;0.97;-4.898750246169584
K163E;0.78;-5.471464309666772
K163I;0.62;-3.4805907865302284
K163N;0.89;-5.779218384705017
K163Q;0.85;-6.01225318935758
K163R;0.97;-3.3383844748168485
K163T;1.04;-5.1176212413047315
E164D;0.37;2.5707585279878917
E164G;0.86;-3.081983220455186
E164K;0.78;-0.654689115891415
E164V;0.85;-4.076561103284803
L165F;0.8;-5.505098578927573
L165I;0.89;-3.092626637342619
L165S;0.67;-6.928965520201018
L165V;0.35;-5.795204037829535
N166D;0.83;-2.3445670785295083
N166H;1.21;-4.931868026426855
N166I;0.73;-5.771505735152459
N166K;0.67;-2.6536528307478875
N166S;0.92;-3.1064676956408452
N166T;0.58;-4.509159886956695
N166Y;0.43;-6.071291760650637
I167K;0.5;-3.953566630879095
I167L;0.95;-3.5988644898025086
I167M;0.65;-5.562597735544841
I167T;0.53;-5.553259633335983
I167V;0.87;-1.7072252204343386
N168D;0.75;-1.4830152346403338
N168H;0.9;-4.420604120969075
N168I;0.82;-3.1823369709038616
N168K;1.05;-0.7495480425423011
N168S;0.71;-2.093078821053496
N168T;0.78;-3.081921614080784
N168Y;0.72;-5.1873931931331745
Y169C;0.0;-6.193903779967513
Y169F;0.78;0.3051106053899275
Y169H;0.57;-6.717244375471637
Y169N;0.0;-5.255439089654828
L170F;0.56;-0.2291970055903221
L170H;0.88;0.4426890910017392
L170I;0.87;1.8112349365683256
L170P;0.81;-0.8214036340013989
L170R;0.61;-0.2685140911144117
P171A;0.39;-3.0694894395644496
P171L;0.6;-2.280789390738164
P171Q;0.68;-5.523792400691264
P171S;0.72;-3.207742471365009
P171T;0.77;-3.5853149779705404
P172A;0.22;-6.3193021176437005
P172H;0.18;-5.962737583208536
P172L;0.44;-3.9955234959077184
P172R;0.0;-6.086051434775754
P172S;0.41;-4.24760589878565
P172T;0.04;-5.405892371455367
I173F;0.67;-3.6975508193718265
I173L;0.98;-0.7633523176045856
I173M;0.95;-2.3519257379630294
I173N;0.78;-0.9498307573376223
I173S;0.47;-1.509497137125436
I173T;0.93;-0.39009182901645545
I173V;1.04;-1.396542624781432
P174A;0.66;-1.41694378721877
P174L;0.21;-4.4466338944621375
P174Q;0.58;-3.219391438382445
P174S;0.67;-3.7124978069332433
P174T;0.64;-3.2661454422777747
H175D;0.64;-0.6323100459248963
H175L;0.8;0.4827835112828325
H175N;0.45;-0.7148210446157464
H175P;0.2;-2.6192774663777527
H175Q;0.96;-0.9387527159906311
H175R;0.86;-2.774260941840112
H175Y;0.91;-1.2410724894998566
L176F;0.42;-1.760064199945191
L176M;0.79;-2.6153832129202783
L176S;1.02;-0.044334790494758636
L176V;1.05;-1.1602619213481375
L176W;0.65;-5.0492345518650845
I177K;0.83;2.205439467274118
I177L;0.81;-0.2539224051324709
I177M;0.64;-2.2534108663676307
I177T;0.89;-0.983435873524286
I177V;0.71;-2.1776222345870337
K178E;0.3;-6.465752548436285
K178M;0.54;-7.472495852878637
K178N;0.36;-4.170795528625603
K178Q;0.51;-4.648453752946806
K178R;0.87;-2.5756179689924465
K178T;0.45;-5.884998240500862
P179A;0.18;-2.3344914380286355
P179L;0.84;-0.0055608697584830225
P179Q;0.26;-1.663316596444929
P179R;0.21;-1.4601835323992418
P179S;0.62;-2.584834098437568
P179T;0.1;-1.1109352622006554
T180A;0.82;-4.927820301549218
T180I;0.51;-2.885898910579272
T180K;0.68;-2.300263998680748
T180P;0.89;-2.9714858251099936
T180R;0.39;-3.320334611627913
T180S;0.8;-2.7849231683358084
L181F;0.92;-2.3390429471710377
L181M;0.75;-5.54308282520833
L181S;0.24;-6.245339893977871
L181V;0.0;-4.845260664567832
L181W;0.0;-7.013064585693427
K182E;0.71;-3.63220234583423
K182M;0.83;-5.362755156835191
K182N;0.33;-4.8926761231196
K182R;0.91;-0.7565502760771778
K182T;0.32;-5.786312939613707
D183A;0.0;-5.114937144346187
D183E;0.45;-3.210598322220904
D183G;0.41;-7.3001641711562115
D183N;0.68;-4.7321528727698015
D183V;0.0;-7.131265334426644
D183Y;0.09;-5.987231168073777
V184A;0.9;-1.1678456330046174
V184D;0.22;-6.573553112213631
V184F;0.35;-4.597212583314104
V184G;0.0;-5.161545778923028
V184I;0.76;-0.6350522810898838
V184L;0.48;-4.2997923131115385
I185F;0.44;-6.051680826523807
I185M;0.89;-7.839310309253051
I185N;0.0;-7.718720578548527
I185S;0.0;-8.326556312575121
I185T;0.16;-7.282791311430628
I185V;0.31;-5.3056088604644165
W186C;0.26;-6.394458408949048
W186G;0.45;-1.112790137770844
W186L;0.46;-3.651093532310824
W186R;0.24;-4.558898534903619
W186S;0.48;-2.014951243463201
D187E;0.78;-5.7090476394078
D187G;0.56;-3.774895021044358
D187H;0.0;-5.713120064960093
D187N;0.6;-4.765322098333853
D187V;0.45;-5.8937324801809154
D187Y;0.12;-5.279884450559621
L188F;0.23;-5.8308577548741605
L188H;0.0;-7.400117307256551
L188I;0.68;-4.247475348871377
L188P;0.11;-6.655234393125284
L188R;0.0;-7.4972704402171075
K189E;0.36;-3.2374093578764587
K189M;0.68;-5.487012638253874
K189N;0.59;-4.165477602951797
K189R;0.99;-1.7086891276849199
K189T;0.61;-3.876537800693768
D190E;0.94;-0.8461499894197004
D190G;0.89;-3.526306188214221
D190N;0.95;-1.8814103752938536
D190V;0.46;-5.563736349766259
D190Y;0.49;-4.895541846897687
N191D;0.61;-3.219177728861723
N191I;0.88;-2.5218405793575585
N191K;0.74;-1.7331890055875192
N191S;1.11;-0.3144755113144129
N191T;0.96;-0.022766091097764733
N191Y;0.86;-4.150182577753185
P192A;1.12;1.5307669734465892
P192L;0.19;-3.4718505219789217
P192Q;0.61;-4.330209873733112
P192R;0.0;-3.4127552733989432
P192S;0.89;-2.886284652369796
P192T;0.16;-3.646483214368345
F214C;0.34;-5.482584207551553
F214I;0.39;-5.060993030827376
F214L;0.55;-2.243945090725901
F214S;0.42;-4.647775479592383
F214V;0.09;-4.056677650987695
F214Y;0.91;-2.2908029852842446
I215K;0.74;-2.6879111893031222
I215L;0.75;-2.426008859169088
I215M;0.97;-3.9047679729119413
I215T;0.81;0.3557674331677845
I215V;0.88;-1.7045031102170467
G216A;0.57;-5.759197818217218
G216E;0.48;-6.0966462246578885
G216R;0.0;-6.1416805782646415
G216V;0.0;-7.691532855729747
S217A;0.0;-2.5353098095074533
S217L;0.46;-5.1913066362030795
S217P;0.87;-3.741760676042759
S217T;0.91;-2.4110403423983366
Y218C;0.48;-7.178537344632788
Y218F;0.89;-1.687032557772909
Y218H;0.5;-6.169740519602783
Y218N;0.0;-6.965539700941008
S219A;0.0;-6.5604065950465165
S219L;0.0;-7.448341600436834
S219P;0.21;-8.222790025996801
S219T;0.47;-7.12840036142734
T220A;0.76;-4.689666527599911
T220I;0.37;-5.8597150124332975
T220K;0.0;-3.0256330247575534
T220P;1.17;-1.0635010521291406
T220R;0.9;-3.2425206383486516
T220S;1.14;-1.6230042539245917
I221F;0.34;-7.734471809875687
I221L;0.94;-6.4943473962921425
I221M;1.01;-2.8275204337114705
I221N;0.32;-6.456145667631063
I221S;0.0;-6.877386053070951
I221T;0.45;-6.344076187973768
I221V;0.69;-6.061946505549713
F222C;0.0;-8.786305055837147
F222I;0.0;-7.509873065908322
F222L;0.03;-7.702741778281053
F222S;0.12;-6.499099698688951
F222V;0.0;-7.421471269823088
F222Y;0.94;-2.5898523253854364
M223I;0.19;-7.092228194655036
M223K;0.34;-5.781733953233925
M223L;0.68;-5.6070857439126485
M223T;0.49;-5.698681130161276
M223V;0.38;-7.2154772210051314
S224C;0.05;-8.295328705775319
S224G;0.51;-6.06242425608434
S224I;0.0;-6.126966956042452
S224N;0.0;-4.8747130017436575
S224R;0.0;-6.926670763816218
S224T;0.65;-5.87352205884963
R225G;0.1;-7.4779157501398
R225I;0.0;-6.570264652655169
R225K;0.0;-5.256642041484156
R225S;0.0;-6.652996594777505
N226D;0.28;-7.189975483750459
N226H;0.0;-8.606933854862291
N226I;0.0;-7.76074794086162
N226K;0.0;-7.549023971438147
N226S;0.32;-7.384813130716793
N226T;0.0;-7.957218885698238
N226Y;0.0;-8.879567831841996
R227C;0.0;-9.216932393079333
R227G;0.0;-7.679560431628487
R227H;0.01;-7.097506038699066
R227L;0.0;-7.910556911901949
R227P;0.0;-8.504733791654871
R227S;0.0;-7.457359185733368
V228A;0.41;-4.894068985944613
V228D;0.0;-4.847133628947631
V228F;0.0;-6.437032171448664
V228G;0.0;-6.381364213462803
V228I;0.43;-4.499931570986519
V228L;0.04;-5.4790918998769484
R229G;0.37;-6.528393971064362
R229I;0.0;-6.246876271761721
R229K;0.59;-2.197846730290621
R229S;0.14;-5.9645589879364715
R229T;0.0;-5.7976799906173255
Q230E;0.51;-4.167345676731202
Q230H;0.79;-2.9523226288729347
Q230K;0.63;-1.9578548406552727
Q230L;0.76;-3.018522857422795
Q230P;0.42;-2.137414430231729
Q230R;0.84;-4.043237400554062
W231C;0.01;-8.574202796846293
W231G;0.0;-7.97915326788825
W231L;0.0;-5.726734225065229
W231R;0.04;-6.860483550699429
W231S;0.0;-7.778673700109722
N232D;1.01;1.680874663630675
N232H;0.88;-1.5335629155961217
N232I;0.41;-3.417116282078496
N232K;0.55;-3.623383576348715
N232S;0.72;-3.0467328409358743
N232T;0.72;-1.9888067619758656
N232Y;0.72;-3.618589055899065
E233A;0.4;-5.621649171291209
E233D;0.8;-4.780852106290695
E233G;0.45;-4.831539286933548
E233K;0.32;-3.9003123392976704
E233V;0.34;-6.014176704961527
P234A;0.85;-3.394914472970413
P234L;0.62;-5.378571371038562
P234Q;0.27;-0.28798481512785656
P234R;0.14;-4.359443657493102
P234S;0.49;-4.188461907247984
P234T;0.34;-4.836032167513622
A235E;0.0;-5.35103445468917
A235G;0.42;-2.4515098934432444
A235P;0.0;-4.609445804039524
A235S;0.63;-1.7211180650162987
A235T;0.08;-5.600683946956223
A235V;0.0;-5.849071641868023
F236C;0.45;-8.827405245625414
F236I;0.0;-7.408085941016908
F236L;0.33;-6.621252239892782
F236S;0.27;-6.364408142042521
F236V;0.18;-6.465692371479236
F236Y;0.66;-3.8556484042055668
T237A;0.73;-5.120153732933659
T237I;0.0;-5.476081851418712
T237K;0.0;-4.3391988958464935
T237P;0.0;-7.4022075531829605
T237R;0.0;-5.222024353104644
T237S;0.17;-4.687019897130085
V238A;0.32;-5.180221191054443
V238D;0.0;-5.083175318737631
V238F;0.0;-5.487129629636911
V238G;0.0;-4.241953217075206
V238I;0.88;-1.0491108731657732
V238L;0.11;-3.987551540813001
Q239E;0.0;-6.85615218309249
Q239H;0.3;-8.068288820097223
Q239K;0.0;-6.63636672514258
Q239L;0.93;-5.941568891901626
Q239P;0.0;-8.659540727283684
Q239R;0.22;-7.763432512030704
A240E;0.0;-8.712794032035163
A240G;0.4;-8.49644017098035
A240S;0.55;-8.510730493871959
A240T;0.05;-8.182272719157481
A240V;0.0;-8.920506454211138
S241A;0.0;-6.034884600391706
S241C;0.0;-8.119850589923773
S241F;0.0;-5.3512455553727705
S241P;0.12;-7.540187706109464
S241T;1.04;-4.6113282758678915
S241Y;0.01;-5.8653549379241685
G242A;1.04;-3.466801216010936
G242E;0.09;-6.342658551577188
G242R;0.0;-7.287300352534658
G242V;0.28;-5.861090489284834
R243G;0.0;-6.863740639397293
R243L;0.0;-5.645070911676158
R243P;0.0;-7.634437311398869
R243Q;0.36;-7.139965903945267
Q244E;0.0;-7.07055904759909
Q244H;1.12;-3.888488245371264
Q244K;0.0;-6.532074129832837
Q244L;0.14;-7.9800746852270095
Q244P;0.0;-7.51098926675695
Q244R;0.48;-7.401185602910117
C245F;0.0;-4.8625632756447885
C245G;0.0;-5.407425858305942
C245R;0.09;-3.621542341410532
C245S;0.57;-5.412616305253323
C245W;0.0;-6.7951190826061065
C245Y;0.0;-4.95886138046626
Q246E;0.0;-6.8996438374670115
Q246H;0.05;-7.085921953781508
Q246K;0.0;-4.584584165830165
Q246L;0.0;-6.254368725210951
Q246P;0.0;-2.8685970141559665
Q246R;0.12;-6.4516175856406335
L247F;0.45;-6.219902124576037
L247I;0.78;-1.8329061558761168
L247S;0.05;-5.303826303133974
L247V;0.0;-5.7816091034437695
H248D;0.0;-8.689041524878121
H248L;0.0;-7.96140378889686
H248N;0.0;-7.210659869815572
H248P;0.0;-7.789479230894357
H248Q;0.0;-8.39397114406529
H248R;0.15;-7.920892653768532
H248Y;0.0;-6.492032352674869
P249A;0.0;-5.685203856599402
P249H;0.0;-6.674790829079938
P249L;0.0;-5.063797781942412
P249R;0.0;-6.333789655676809
P249S;0.17;-5.769292570039397
P249T;0.0;-5.76825844519044
Q250H;0.36;-5.453768356874208
Q250K;0.75;-3.198301586016896
Q250L;0.21;-5.433187759714202
Q250P;0.0;-5.52783834299771
Q250R;0.37;-7.361262566082589
A251D;0.0;-6.113284006656612
A251G;0.04;-3.8421256324654682
A251S;0.44;-3.3740151139063532
A251T;0.03;-5.68929099824163
A251V;0.3;-5.961410184550914
P252H;0.31;-5.720209942459405
P252L;0.3;-3.8582261879182624
P252R;0.0;-6.623723980772411
P252S;0.28;-4.793241281548035
P252T;0.0;-5.259043963573276
V253A;0.78;-2.7905867957524606
V253E;0.53;-2.6016692008124664
V253G;1.04;-4.4823711081116935
V253I;0.91;-1.7570109111547936
V253L;0.66;-2.8971274905925384
M254I;0.0;-7.9114015897212076
M254K;0.0;-8.818055213117988
M254L;0.33;-7.2173473675247815
M254R;0.0;-7.566082545352402
M254T;0.24;-7.528745864154189
M254V;0.2;-7.994750876503531
L255F;0.9;-4.7359571658817
L255I;0.91;-1.3546628017393232
L255S;0.7;-4.4863280145327735
L255V;0.99;-1.7339755756693194
K256E;0.7;-7.4218649107788215
K256I;0.21;-5.544692539609969
K256N;0.61;-7.0704032158100745
K256Q;0.52;-5.589616600387672
K256R;0.95;-6.6123343840881725
K256T;0.38;-5.499497978948057
V257A;0.53;-2.9144746376587136
V257D;0.53;-5.828442390718919
V257F;0.0;-4.541003655253006
V257G;0.0;-5.229554775436554
V257I;0.51;-1.2901436581196322
V257L;0.13;-2.3974414096483088
S258C;0.46;-2.9394287434897706
S258G;0.83;0.8616832700154191
S258I;0.0;-3.7765291687701388
S258N;0.83;-2.238806784544068
S258R;0.57;-3.1533978044662945
S258T;0.78;-1.8964467453170075
K259E;0.89;-2.2241188737134507
K259I;0.35;-4.808682886330644
K259N;0.65;-3.815741489612265
K259R;0.85;-3.71557153709
K259T;0.66;-2.3137247175036464
N260D;0.92;-1.1908773422183003
N260H;0.0;-6.2552692902390845
N260I;0.53;-6.989024250724468
N260K;0.2;-6.89235078994534
N260S;0.63;-6.150991445647378
N260T;0.81;-6.464321326711798
N260Y;0.41;-7.928191675817287
L261F;0.28;-2.8948234393465095
L261I;0.21;-1.6889152506773826
L261S;0.63;-3.255538436773349
N262D;0.0;-2.5725622659556397
N262H;1.28;0.3873001212195959
N262I;0.0;-2.603945537135587
N262K;0.13;-1.7418213108285272
N262S;1.03;-1.874493844836252
N262T;0.98;-1.9519911386450983
N262Y;1.36;-0.8365043926023645
K263E;0.89;-2.756725638057105
K263I;0.48;-0.22580340268905275
K263N;0.37;-4.84627686937165
K263R;0.59;-3.3660798679920845
K263T;0.5;-4.753363080730196
F264C;0.0;-8.51760072959587
F264I;0.0;-8.293410267709987
F264L;0.14;-5.626204113406856
F264S;0.16;-7.41122316737892
F264V;0.0;-7.444050171980053
F264Y;0.06;-8.762507699240814
V265A;0.74;-1.5654894096344378
V265D;0.26;-2.9034817687934265
V265F;0.0;-5.090743376167666
V265G;0.0;-6.773414254497767
V265I;0.56;-3.7732022347918246
E266D;0.98;-4.394941448157623
E266G;0.79;-4.380673861771356
E266K;0.7;-1.6496232133358717
E266V;0.61;-3.3733514443156314
G267E;0.73;-2.3860278745523833
G267R;0.7;-6.580829767164687
G267V;0.0;-5.263369795837207
K268E;0.75;-4.520118659693253
K268I;0.23;-5.697314463661313
K268N;0.66;-3.442657450370461
K268Q;0.76;-2.8359445531023084
K268R;0.89;-5.193479828139972
K268T;0.72;-4.164832619924709
E269D;0.55;-5.338564281334129
E269G;0.54;-3.843066443816952
E269K;0.62;-3.7089627245409247
E269Q;0.0;-5.662069681417505
E269V;0.68;-6.546514405651124
H270D;0.88;-1.9396235147723928
H270L;0.4;-4.2833579038851886
H270N;0.01;-1.8531479095108807
H270P;0.0;-4.816830408393798
H270Q;0.77;-2.9098252165558733
H270R;0.71;-3.757888834877576
H270Y;0.98;-1.3446155639685458
L271F;0.26;-5.640918328921543
L271I;0.26;-6.332233920692487
L271S;0.4;-6.397679657355184
L271V;0.75;-6.6242284195323
Y272C;0.12;-7.922307966182416
Y272F;0.15;-6.933717607596918
Y272H;0.33;-6.044020077057213
Y272N;0.0;-5.279248753668071
R273C;0.0;-9.170742437412628
R273G;0.0;-7.878982881455157
R273H;0.24;-6.545530385055827
R273L;0.0;-8.372338267756277
R273P;0.0;-8.051085906503431
R273S;0.0;-8.05481647853776
R274G;0.16;-7.562001370610233
R274I;0.0;-8.055514629522804
R274K;0.05;-6.772064691336709
R274S;0.0;-7.3069443924177895
R274T;0.0;-6.999840827760637
L275I;0.02;-5.136690850635205
L275P;0.08;-6.954899604388629
L275Q;0.0;-9.066861237865396
L275R;0.0;-9.4703912519808
L275V;0.0;-5.701963748360868
T276A;0.22;-6.721878068099612
T276K;0.0;-7.432404551429499
T276M;0.01;-6.587345664640452
T276P;0.0;-8.722083015789392
T276R;0.0;-6.851429378846659
T276S;0.75;-0.8289118440952734
V277A;0.45;-4.840696001687321
V277D;0.0;-6.476080863321839
V277F;0.0;-6.4373493561897694
V277G;0.0;-7.435255074946326
V277I;0.92;-2.7260373640328908
V277L;0.51;-5.497166307053249
R278L;0.01;-4.9327507023945145
R278Q;0.08;-6.034750900158542
R278W;0.01;-7.966774560714838
E279D;0.14;-8.172183367460093
E279G;0.14;-9.41403234592144
E279K;0.0;-10.015576777091157
E279Q;0.0;-8.044958669554036
E279V;0.0;-9.614318017932872
C280F;0.0;-6.086389018442787
C280G;0.0;-5.035148292727172
C280R;0.06;-6.48746987512277
C280S;0.22;-4.614126526139444
C280W;0.0;-7.026942818747558
C280Y;0.06;-5.169458443357144
A281E;0.0;-8.458199855997691
A281G;0.21;-6.8171113931446135
A281S;0.0;-5.6613973536539115
A281T;0.01;-8.966532618668454
A281V;0.04;-8.601120312878038
R282G;0.0;-9.19153055555944
R282L;0.04;-6.484449788466009
R282Q;0.39;-8.313169452754664
V283A;0.4;-5.609786581058871
V283E;0.0;-8.218700421013638
V283G;0.0;-6.748111353095737
V283L;1.09;-1.9267631849506868
V283M;0.31;-5.6646376412245445
Q284E;0.0;-9.909783641939155
Q284H;0.05;-8.006207337020896
Q284K;0.0;-10.319664131398897
Q284L;0.01;-8.756112876988482
Q284P;0.0;-10.165706048770517
Q284R;0.07;-10.508981240929645
G285E;0.3;-7.512474679073421
G285R;0.0;-7.376567618483023
G285V;0.0;-8.45411990885259
F286C;0.0;-8.89306967647417
F286I;0.0;-6.46712425097212
F286L;0.09;-6.624652138998499
F286S;0.16;-9.567777846779789
F286V;0.0;-6.451948830450419
F286Y;0.04;-6.323263487232907
P287A;0.0;-7.964072061445678
P287L;0.2;-9.180088572346904
P287Q;0.34;-7.952445788219392
P287R;0.0;-7.018691305636367
P287S;0.78;-5.723349253307332
P287T;0.48;-7.238792951173763
D288A;0.19;-5.905541777188772
D288E;0.44;-4.2339957180738566
D288G;0.24;-8.323982873713247
D288H;0.0;-7.341774196655023
D288N;0.66;-5.270860073102085
D288V;0.0;-8.123161479161354
D288Y;0.0;-8.09325604946207
D289E;0.89;-3.0088225073263857
D289G;0.51;-4.0794633967448135
D289N;0.91;-1.5060826774420093
D289V;0.33;-6.965434690582242
D289Y;0.0;-4.918314152731455
F290C;0.09;-8.093640898885496
F290I;0.04;-6.355295524990653
F290L;0.29;-5.377342325587961
F290S;0.1;-8.402841275888933
F290V;0.28;-7.061865485331509
F290Y;0.82;-4.460483498376561
I291F;0.7;-2.2908368027128745
I291M;0.9;-3.1159377264557406
I291N;0.78;-2.243234370151185
I291S;0.95;-2.2895301491589635
I291T;0.71;-1.1961836309928913
I291V;1.04;-0.6044850201578811
F292C;0.0;-8.139249317343456
F292I;0.66;-5.049842497373902
F292L;0.7;-4.188277128585469
F292S;0.16;-7.760366182290454
F292V;0.32;-6.220048602477617
F292Y;0.04;-6.436497063612478
H293D;1.09;-1.9019567809937143
H293L;0.17;-1.5934473923534824
H293N;0.55;-1.7878685953091915
H293Q;0.78;-1.619602945231236
H293R;0.75;-3.6040757664359266
H293Y;1.02;1.761987744082944
E295D;1.02;-0.004643672327802051
E295G;0.79;-3.4119728890000265
E295K;0.81;-1.2816586365588591
E295V;0.99;-2.548000483686337
S296C;0.93;-4.93826977044955
S296G;0.88;-3.472441204459756
S296I;0.41;-5.0763222500827405
S296N;1.02;0.4199665772321168
S296R;1.02;-1.1548044722039776
S296T;0.59;-3.4929732728705867
L297F;0.0;-6.091774154745507
L297M;0.64;-4.175820979726268
L297S;0.29;-5.343255921019591
L297V;0.45;-0.7548293318250217
L297W;0.0;-7.402528736391106
N298D;0.81;-1.9777630693133688
N298H;0.9;-4.288630572184047
N298I;0.63;-3.1107358713579742
N298K;0.59;-3.4342928742407817
N298S;0.84;-2.8194894474872854
N298T;0.97;-2.4020238971570507
N298Y;0.51;-5.504034828036311
D299E;0.76;-3.2688970192903066
D299G;0.28;-5.8223352839122535
D299N;0.89;-1.6638670695347173
D299V;0.65;-3.847742109763203
D299Y;0.0;-3.588107994321035
G300A;0.89;-2.2525764306192286
G300C;0.1;-6.616500294672733
G300D;0.0;-8.858767479679955
G300R;0.0;-7.862323694105727
G300S;0.17;-5.436060523905327
G300V;0.1;-6.248767787619728
Y301C;0.1;-7.732300573203246
Y301D;0.0;-8.17624298087685
Y301F;0.0;-3.452601469150977
Y301H;0.32;-5.597507585887797
Y301N;0.0;-6.858470628154464
K302E;0.04;-6.731793558472417
K302I;0.28;-7.656822305943932
K302N;0.36;-8.07989439618541
K302R;0.89;-3.9063824333716175
K302T;0.45;-4.729524744368973
M303I;0.29;-7.792177089562756
M303K;0.0;-9.148668645633734
M303L;0.26;-6.532275373552692
M303T;0.13;-7.573682209578693
M303V;0.27;-6.753661945265776
I304F;0.0;-6.826252850565653
I304L;0.13;-4.995377758328687
I304M;0.0;-6.288579639978707
I304N;0.0;-8.859040265400836
I304T;0.59;-6.65778520006279
I304V;0.94;-1.3827401026501323
G305A;0.0;-5.762813881161492
G305C;0.0;-6.8919475991806385
G305D;0.0;-8.927900588316335
G305S;0.03;-6.50128286473955
G305V;0.0;-8.326084870193425
N306D;0.19;-5.399241517909331
N306I;0.0;-12.524868508227428
N306K;0.0;-8.472529332979775
N306S;0.17;-7.176138793042356
N306T;0.0;-9.775790981533136
N306Y;0.0;-10.053798714202003
A307D;0.0;-13.308862030184855
A307G;0.69;-5.748976374961785
A307P;0.0;-10.20260246934049
A307S;0.51;-5.117430802534727
A307T;0.06;-7.848173911266713
A307V;0.18;-8.691254039695195
V308A;0.49;-9.680495475084172
V308E;0.0;-14.539815119797368
V308G;0.0;-11.940664161498717
V308L;0.0;-8.099702603372862
V308M;0.2;-8.942728868030828
P309A;0.0;-3.0306984320195625
P309H;0.04;-7.046081955122645
P309L;0.0;-7.997873859661922
P309R;0.0;-8.931896063651946
P309S;0.44;-6.041855236515403
P309T;0.0;-5.956469559474499
V310A;0.28;-6.144652586532175
V310E;0.0;-8.837661223689793
V310G;0.0;-8.385979648630382
V310I;1.05;-3.3746687291422863
V310L;0.53;-6.830220353280311
N311D;0.6;-2.8919029656753987
N311I;0.79;-2.966646507273253
N311K;0.83;-2.4092563635385886
N311S;0.93;-3.6449509840531387
N311T;0.6;-3.092987021678709
N311Y;0.55;-3.584180842917704
L312F;0.38;-3.7310764202557034
L312I;0.39;-4.434927896189039
L312S;0.03;-8.262233135363202
L312V;0.51;-4.920003300627286
A313E;0.0;-9.474746191932354
A313G;0.48;-3.7270253782662617
A313P;0.0;-7.984430172142312
A313S;0.61;-2.786684353664896
A313T;0.29;-7.072227605607623
A313V;0.35;-6.350278650486871
Y314C;0.8;-6.02348713504034
Y314F;0.94;-3.7804045865705116
Y314H;0.75;-5.20300505504747
Y314N;0.59;-4.637559092669108
E315A;0.26;-1.1537011330510722
E315D;0.77;-5.208977813770616
E315G;0.53;-4.847413756067908
E315K;0.51;-3.7595082692314463
E315V;0.73;-3.0258761965233134
I316K;0.0;-10.331443563776704
I316L;0.89;-1.833909386790765
I316M;0.87;-3.2502378472636337
I316T;0.4;-6.2988533691022885
I316V;0.88;-1.476826609687123
A317D;0.0;-9.446984883921688
A317G;0.96;-4.07583996602807
A317P;0.0;-12.794305224670325
A317S;0.51;-5.336298221609468
A317T;0.0;-6.550088333315216
A317V;0.0;-5.034834788144508
K318E;0.78;-2.6480690813477854
K318M;0.79;-2.141627791919745
K318N;0.78;-2.5077837999633634
K318R;1.04;-2.149702005117433
K318T;0.89;-3.2626226637949003
T319A;0.54;0.4022823578270618
T319I;0.33;-1.3808451261447772
T319K;0.13;0.4846271537935536
T319P;0.0;-1.581337785697542
T319R;0.38;-0.7828912369107002
T319S;0.92;3.717170912765141
I320K;0.0;-12.997252579818225
I320L;0.64;-3.319107402392546
I320M;0.55;-4.285164207463822
I320T;0.27;-7.3805044566688585
I320V;0.8;-3.9553748454272863
K321E;0.79;-5.383841027971356
K321I;0.69;-3.5188694714113358
K321N;0.67;-3.531130358210248
K321Q;0.8;-5.2206772838471815
K321R;0.9;-3.3173370898330177
K321T;0.72;-4.7000172946136445
S322A;0.71;-1.2963286546510062
S322C;0.91;-3.0422876319338457
S322F;0.83;-2.966884353765636
S322P;0.6;-3.2316812035624025
S322T;0.98;-2.2441467404059954
S322Y;0.93;-3.2854535548322015
A323E;0.0;-3.1915713853959464
A323G;0.7;-4.702060825591616
A323P;0.48;-6.056735717799256
A323S;0.67;-0.8811079974402674
A323T;0.77;0.2425061249814462
A323V;0.81;-1.4365946058824193
