# Data from Melamed, D.; Young, D. L.; Gamble, C. E.; Miller, C. R.; Fields, S. Deep Mutational Scanning of an RRM Domain of the Saccharomyces cerevisiae Poly(A)-binding Protein. RNA 2013, 19, 1537-1551.
# y represents the experimental measure "linear"
# dE is the difference in statistical energy between the variant and the wild type (EVmutation)
variant;y;dE
N127A;0.062650042;-10.510179303120822
N127C;0.024995925;-11.382658117567185
N127E;0.027818045;-9.152377685066313
N127D;0.092973688;-12.36765909823589
N127G;0.062339233;-12.868413046788195
N127F;0.040344299;-13.785963355097921
N127I;0.059962776;-11.697641206905244
N127H;0.047049254000000006;-10.942389515694229
N127K;0.106342179;-5.469769396353513
N127L;0.029995109;-12.376562578137966
N127Q;0.135272062;-8.332636866543908
N127P;0.042361514;-14.21032821427798
N127S;0.090002529;-6.096325988532044
N127R;0.07300397;-8.932191622909158
N127T;0.044739787;-6.701852678321303
N127V;0.022768565;-11.751148774783358
N127Y;0.042368631;-12.167439975084562
I128A;0.413213877;-6.4171751372050485
I128C;0.809561882;-3.875503179326188
I128G;0.034152847;-13.201880501044798
I128F;0.055125025;-7.029799713200191
I128H;0.167680994;-10.870511217566671
I128K;0.025665458;-12.745462809973107
I128M;0.819935615;-6.243235799454851
I128L;0.956552144;-0.8225550342467614
I128N;0.421403732;-10.919897858635524
I128P;0.032117667999999995;-12.982592286150975
I128S;0.104905837;-9.41914384730626
I128R;0.024334657000000003;-13.137606810627403
I128T;0.8269778409999999;-7.725777483719868
I128V;0.90688375;-0.2961692097014748
I128Y;0.082129466;-8.274257752753329
F129A;0.047908855;-6.728533357234085
F129C;0.056152415;-4.444141629239311
F129G;0.040109739;-7.274986639851703
F129I;0.153378856;-3.3977079330943525
F129H;0.185828287;-4.057938432844821
F129M;0.021292825;-5.223698740359397
F129L;0.096322196;-4.249145100358874
F129N;0.100860748;-5.7097255104163205
F129S;0.061435844;-5.579548518173397
F129R;0.051102779;-4.692639389773831
F129T;0.13853163;-5.026164162438364
F129W;0.045387337;-7.892877961858176
F129V;0.058542172;-4.8460884855594495
F129Y;1.0397662559999998;0.37146270857192576
I130A;0.7178020409999999;-4.279325942683498
I130C;0.781004736;-7.17436056304723
I130D;0.032851787;-12.621649985921636
I130G;0.065703573;-8.772717534349795
I130F;0.461896214;-5.322538959037047
I130H;0.071227325;-10.399160697612388
I130K;0.106464123;-11.371559466118924
I130M;0.927107068;-5.585177806846333
I130L;1.024281564;-3.83840021135984
I130N;0.103044032;-10.01613486604765
I130P;0.08942986300000001;-9.901891120418439
I130S;0.126146252;-8.674132091167849
I130R;0.035198343;-10.878010735974383
I130T;0.689047215;-4.620218357478733
I130V;0.858048625;0.12662648322293535
I130Y;0.085171298;-8.704089209968515
K131A;0.335507607;-5.038741148542614
K131C;0.281065285;-10.172283338964917
K131E;0.100301621;-7.753515362041072
K131D;0.025896679;-7.681074962951242
K131G;0.313585235;-4.2000988249783395
K131I;0.061160241;-9.64612232532818
K131H;0.216409582;-8.66745063647977
K131M;0.062306421;-9.577238679397851
K131L;0.054954275;-10.302576269663405
K131N;0.14387878199999998;-7.276640623458661
K131Q;0.114325622;-6.3623963796999305
K131P;0.014836291;-10.019681223435327
K131S;0.329209482;-4.145077415974812
K131R;0.8540501979999999;-5.028570806760398
K131T;0.059495756;-6.447193037718535
K131W;0.158917179;-10.270084579708056
K131V;0.042585649;-9.752512079299775
K131Y;0.158855678;-8.495266703888774
N132A;1.029255513;-8.225939523668785
N132C;0.8254193329999999;-7.863387343248178
N132E;0.587541567;-9.042231979816279
N132D;0.5985244679999999;-6.658419589519327
N132G;0.86042151;-4.021975082818243
N132F;0.808959012;-7.698695180013602
N132I;0.299041464;-10.02613224149536
N132H;0.922015851;-5.607757353347552
N132K;1.024934487;-5.8299376008289965
N132M;0.753460769;-11.387786081999366
N132L;0.7306100440000001;-10.164927111945874
N132Q;0.8709065159999999;-6.9931752448974285
N132P;0.7580481490000001;-9.003730159260158
N132S;0.938513912;-4.042518613168795
N132R;1.094081819;-5.101135917742795
N132T;0.640878512;-9.112184983569023
N132V;0.448707328;-9.827412544873367
N132Y;0.8174629459999999;-8.323552501860831
L133A;0.390502368;-8.104642141493969
L133C;0.590368291;-7.9021286375500495
L133E;0.051484143;-12.159245491377076
L133F;0.924148958;-5.1948966903146365
L133I;1.03835111;-3.4755084941862147
L133K;0.057490626;-10.68807745038066
L133M;0.946810993;-6.351740315032657
L133Q;0.070396685;-10.01049544219859
L133P;0.046457072;-9.12433093728032
L133S;0.098464609;-8.25761222175788
L133R;0.023307011;-10.344032260589303
L133T;0.4513726870000001;-9.315384835703297
L133W;0.056352735;-10.778602481354026
L133V;0.962821986;-4.84942660050001
L133Y;0.082129466;-7.883982993662357
H134A;0.838181095;-1.4885271301027387
H134C;0.976194112;-6.865302542224526
H134E;0.818849121;-1.224476642208174
H134D;1.064959529;0.8362725521437824
H134G;0.890065722;-2.3562472460325807
H134F;0.7936965020000001;-7.0865117213106705
H134I;0.99352733;-4.415778578957543
H134K;0.79034223;-1.8322092983871696
H134M;0.628248082;-6.935724640410626
H134L;1.03217468;-4.7601110625546434
H134N;1.101929197;-1.5452713468112051
H134Q;0.9006182220000001;-4.78042003705923
H134P;1.040896517;-1.7184653900330886
H134S;0.8675439220000001;-0.8975805075606331
H134R;0.8294940740000001;-6.362191356020047
H134T;0.901523962;-2.1091273797210306
H134V;1.051100483;-4.117514038225637
H134Y;0.799517398;-5.450491322146263
P135A;1.02701377;-1.7536104281898588
P135C;1.012823145;-4.538290468743072
P135D;0.969880033;-1.209308593068272
P135G;0.782346669;-2.9369133578729816
P135F;1.03413017;-1.5816302442690358
P135I;0.933977412;-2.8136103400029238
P135H;0.990642162;-3.1773016044171527
P135L;1.047671732;-1.5101290096493472
P135N;0.941100683;-4.417825609911233
P135Q;1.153664496;-2.3260091715637827
P135S;1.024196828;-2.145579197909683
P135R;1.0401474590000002;-2.565907016047277
P135T;1.059721172;-1.8231269560637884
P135V;1.112721801;-1.3397726149996745
P135Y;0.8853189109999999;-2.7702372518833727
D136A;0.972866638;-1.083271033130586
D136C;0.984371877;-6.0485137349460265
D136E;0.8534717629999999;-0.5350605717103463
D136G;0.813717785;-2.594479040184524
D136F;1.003417299;-5.055186092155053
D136I;0.8552324590000001;-6.358655133168213
D136H;1.088617273;-4.767272971570493
D136K;0.636503364;-4.128512206953018
D136L;1.107347861;-4.935970323160291
D136N;0.8812763029999999;-1.2869654309470206
D136Q;0.884471175;-3.8250396879448085
D136P;0.245553184;-6.854583397100214
D136S;0.93986799;-0.2980057747918181
D136R;0.734217638;-5.913463198841783
D136T;0.78311556;-3.17900456044299
D136V;0.905118948;-4.9684680872014715
D136Y;0.944138144;-6.0746178075205535
I137A;0.387930671;-5.530144118304862
I137C;0.538329846;-6.517078602970287
I137D;0.060516449000000014;-7.11608794843778
I137G;0.029331952;-10.069886558223516
I137F;0.585169946;-4.183440579450689
I137H;0.234221071;-9.489322416950015
I137K;0.102121507;-9.587951121618973
I137M;0.584683917;-5.254510639468208
I137L;0.8010018240000001;-3.581566375883994
I137N;0.165554164;-9.836306552053431
I137P;0.058555268;-8.118456176831387
I137S;0.205772789;-6.942312973638764
I137R;0.049803556;-9.29868899541907
I137T;0.431186569;-2.561029288452118
I137V;0.770355557;-1.599009047728032
I137Y;0.440582371;-7.011725070769899
D138A;0.58302597;-7.427974431891926
D138C;0.858526688;-7.679090618912597
D138E;0.7545859570000001;-5.353526861581487
D138G;0.7382839040000001;-5.043691376340576
D138F;0.386337009;-10.284038669837171
D138I;0.565481571;-7.7031674564350405
D138H;0.913983673;-6.297952440043446
D138K;0.441152562;-7.021197173220571
D138L;0.605789658;-8.01354542869376
D138N;0.934821971;-4.2881000569905146
D138Q;0.625732948;-6.27809828898171
D138P;0.871342306;-8.521812146587763
D138S;0.739296394;-3.572667533007916
D138R;0.530682705;-8.401787088776473
D138T;0.624096105;-2.8457813667482696
D138V;0.524002923;-6.819378654763567
D138Y;0.420693789;-8.783331867598463
N139A;0.8862247740000001;-2.426958068972453
N139C;0.705984892;-4.331387756858022
N139E;0.399739512;0.4128053276799619
N139D;0.8577086909999999;0.05393484816886485
N139G;0.932490199;-1.3102130170445891
N139F;0.324606938;-4.636911315144972
N139I;0.610538282;-3.1218551807105537
N139H;0.883681273;0.04117327998392284
N139K;0.376005045;-2.3783440802944824
N139M;0.8242948259999999;-5.677718114689924
N139L;0.597216059;-4.177392514422536
N139Q;0.861258043;-1.6874048333847895
N139P;0.7404996490000001;-2.8689365010941406
N139S;0.8845856329999999;-1.755634720670059
N139R;0.236474112;-3.721882643410936
N139T;0.855969815;-2.0462765924166892
N139V;0.812501358;-4.054309988161549
N139Y;0.472952659;-4.421715339878574
K140A;0.6898875170000001;-3.393900888680946
K140E;0.31664321100000004;-2.2209817265684246
K140D;0.206325245;-2.00463427323848
K140G;0.7715847229999999;-4.7615294142160565
K140I;0.55185413;-5.092253313632681
K140H;0.8149770120000001;-4.5748898901510975
K140M;0.656502579;-6.746693116147071
K140L;0.6833791440000001;-2.8981875008903444
K140N;0.599387918;-3.399643201148137
K140Q;0.68855667;-3.264031305909157
K140P;0.766541685;-6.425368770142086
K140S;0.641612356;-3.566899972618557
K140R;1.046506186;-2.908780991099775
K140T;0.552503623;-3.940185885177925
K140W;0.774086387;-6.970233960542827
K140V;0.636673053;-3.196976553881541
K140Y;0.6166135460000001;-4.572060205508024
A141C;1.510538027;-3.8955664178356533
A141E;0.463959441;-2.5499717413913454
A141D;0.658949394;-3.10081122815609
A141G;0.780726033;-2.410206638509408
A141F;0.551117039;-2.874368319986388
A141I;0.704723808;-2.546586473530624
A141H;0.56905976;-5.1533956724451855
A141L;0.876523753;-2.051559470361098
A141N;0.763009235;-5.062693715095519
A141P;0.29623595;-5.9033068981952965
A141S;1.063916034;-2.1553252355661243
A141R;0.452682098;-4.582885233685374
A141T;1.0520432709999998;-0.5776021191850305
A141V;0.8286123879999999;-1.9698966694995759
A141Y;0.610235699;-4.372452610055916
L142A;0.7235662359999999;-8.710831975797191
L142C;0.966161916;-9.924793139332905
L142G;0.032237734;-11.227031936869023
L142F;1.054158376;-4.600065664853902
L142I;0.8042288000000001;-4.20850192499347
L142K;0.078396309;-12.160080769099295
L142M;0.964769752;-5.220892480574547
L142Q;0.335900289;-10.328723845770584
L142P;0.08623594;-8.921308727762153
L142S;0.093146364;-9.752276489889482
L142R;0.037331576;-10.198715700418688
L142T;0.544107714;-10.186427840730175
L142W;0.050678887;-10.551644202583702
L142V;0.839189264;-5.067730509559624
L142Y;0.263092697;-9.865939873270689
Y143A;0.894298633;-3.05994979548268
Y143C;0.727607702;-5.491589630488306
Y143E;0.380179949;-2.7880641514639137
Y143D;0.7216376090000001;-5.108081078855322
Y143G;0.537349573;-3.437058510258794
Y143F;1.004412883;-1.4780189548619092
Y143I;0.6830989559999999;-4.24705432339988
Y143H;1.003854744;-0.3759670176077634
Y143K;0.911113319;-2.5009907908970486
Y143L;0.881613546;-3.1539083253592253
Y143N;1.036783632;-2.802299441304058
Y143Q;0.81081005;-2.7763916584663093
Y143P;0.097291829;-6.8069371718447655
Y143S;0.848158596;-3.048629925586283
Y143R;1.011734604;-2.9644392971822526
Y143T;0.475129144;-3.3923063473775983
Y143W;0.7475208000000001;-5.724548296682769
Y143V;0.591982688;-4.5064293360337615
D144A;0.955474543;-4.330662438645959
D144C;0.961318671;-7.216074372641742
D144E;1.056912048;-2.060333962086588
D144G;0.8761540520000001;-5.867458670167253
D144F;0.8714642459999999;-8.146147586172447
D144I;0.922875845;-7.417970124864952
D144H;0.971402937;-6.011005126289092
D144K;0.975308756;-4.131556955398992
D144L;0.81366515;-5.792048635776155
D144N;0.974213448;-3.7576832948252563
D144Q;1.005051958;-3.8405788212548937
D144P;0.127014175;-9.050862556905487
D144S;1.163182441;-5.216880061198027
D144R;0.853146155;-5.099177848780529
D144T;1.142394383;-5.349613863509148
D144V;0.970700926;-7.554214401898206
D144Y;0.8868773959999999;-6.4741700703743845
T145A;1.042326875;-2.914699668297544
T145C;0.930382656;-6.492227303329855
T145D;0.22254436;-8.389373338315638
T145G;0.708788545;-7.6141535001806915
T145F;0.548420068;-5.812377005175223
T145I;0.625987605;-2.8349211825989187
T145H;0.589369315;-6.883269208483398
T145K;0.5814146370000001;-2.1032015092205256
T145M;0.86111501;-2.475698329159058
T145L;0.503284945;-2.2484532879607286
T145N;0.556583587;-5.2159487477038065
T145P;0.153468732;-7.859321109106531
T145S;1.071077191;-4.007888746215031
T145R;0.440078341;-3.623929150693584
T145V;0.7228028459999999;-3.666447007592069
T145Y;0.399052583;-7.473264785250648
F146A;0.8458811909999999;-7.741372351374594
F146C;0.94752414;-5.696151603828183
F146D;0.0615971;-11.235719191965472
F146G;0.79223008;-11.17360849818215
F146I;0.94300666;-6.123120618169197
F146H;0.206966255;-11.151112229796126
F146M;1.03791802;-6.173095096368343
F146L;1.039454452;-5.3018870272208005
F146N;0.238807217;-10.604955940158105
F146P;0.159696184;-9.19701286093914
F146S;0.6848646490000001;-8.810505660600029
F146R;0.125760745;-10.392676275107078
F146T;0.7178020409999999;-6.485845568764488
F146W;0.5636335920000001;-10.219265445601195
F146V;0.864084052;-6.155166815267877
F146Y;0.689853849;-7.694437036989258
S147A;0.865589756;-1.4943649111082775
S147C;0.845823207;-3.6149443575413898
S147D;0.811952923;-5.034732298576273
S147G;0.9655477;-2.0660555711656343
S147F;0.8441216770000001;-4.825544355204329
S147I;0.844393575;-2.589565645408584
S147H;0.919243261;-7.359472365264082
S147L;1.126165998;-3.4716741816373533
S147N;0.99209488;-5.279901842819528
S147P;0.075353175;-7.966513877385296
S147R;0.892617621;-2.9635451073700096
S147T;1.026427831;-4.130336634989361
S147W;0.805151279;-8.201134664806888
S147V;0.87350099;-3.416405587515328
S147Y;0.819478629;-5.9705855555366725
V148A;0.816810377;-0.3227660103002563
V148E;0.883449633;-1.8514760020188987
V148D;0.60885311;-3.4673444052459668
V148G;0.610404245;-2.5346080688759685
V148F;0.7456890820000001;-4.782862181775271
V148I;1.06870542;-2.7172313707706053
V148K;0.604988569;-0.8323072092607617
V148M;1.019467233;-4.110521859081929
V148L;1.056643212;-2.8150947674876083
V148Q;0.676788387;-1.8134556155418975
V148P;0.5661066779999999;-1.8080041448120028
V148S;0.763320922;-2.406293830194045
V148R;0.515696649;-2.5507378383626933
V148T;0.8653852190000001;-1.1577980358852074
V148W;0.572615801;-4.943787970114498
F149A;0.15570378;-7.573404180351645
F149C;0.362425353;-6.467142041306943
F149D;0.017965821;-10.104004395427182
F149G;0.049077364000000005;-10.205948706017807
F149I;0.717010059;-6.662924262112937
F149H;0.389878961;-4.790946293389425
F149M;1.027017015;-8.966201683972029
F149L;0.776265487;-8.414192818338051
F149N;0.174971472;-7.649645705590956
F149P;0.057490626;-9.165048362134256
F149S;0.107162606;-8.343121793586759
F149R;0.129192419;-7.7923183508683005
F149T;0.084723028;-7.762279751710594
F149W;0.950587585;-9.657827652757987
F149V;0.39866903;-7.214408926432951
F149Y;0.556732409;-1.7975963650387712
G150A;0.61725798;-8.04952048859559
G150C;0.30304445;-7.606255537160906
G150E;0.052699741;-7.915002868860028
G150D;0.110568142;-6.981146339210683
G150F;0.021491823;-9.539993989048526
G150I;0.043553505;-9.071117781451905
G150H;0.01493263;-9.122149676841218
G150L;0.083840497;-9.551494241342882
G150N;0.17057658399999998;-7.1159059803467235
G150P;0.010266183;-7.061524890712462
G150S;0.656831779;-6.846250799833799
G150R;0.043596584;-6.5514295495231645
G150T;0.083244346;-7.424569372436963
G150W;0.07734165;-9.605918969144113
G150V;0.045810772;-8.410753683303483
G150Y;0.016425893;-10.004119220073337
D151A;0.985499615;-0.3236820072052069
D151C;0.779644302;-3.6937258098041634
D151E;0.974267953;1.2334865371230992
D151G;0.939305973;-3.0891851946944366
D151F;1.026198483;-4.418002652819268
D151I;0.787920781;-0.7905797568382695
D151H;0.928274298;-1.1557265657465905
D151K;0.8868700840000001;2.393201472354121
D151L;0.7689025359999999;-1.86901488120202
D151N;0.978529947;2.027101990301162
D151Q;1.167344463;-0.5436632552882656
D151P;0.721221344;0.6846888035070151
D151S;0.953835101;-0.2745515159331262
D151R;0.7143407620000001;0.8029962476575747
D151T;0.7948476040000001;1.8326046486618
D151V;0.972492756;-0.8459263333352283
D151Y;0.90186952;-2.5409797719912603
I152A;0.166685406;-6.871992259519176
I152C;0.299788321;-7.508380332728847
I152D;0.016961958;-8.478736488614231
I152G;0.101065002;-10.111010401509704
I152F;0.055499654;-5.698940815134847
I152H;0.031915264;-8.796346803195776
I152K;0.028110795;-8.630611820728518
I152M;0.24905574;-6.896663354476915
I152L;0.591959775;-4.889621763140895
I152N;0.046778139;-9.819607766054103
I152P;0.135961886;-8.002749499981293
I152S;0.045343821;-8.400924520334229
I152R;0.032340801;-8.700468183844349
I152T;0.29395153;-5.2178756904322645
I152V;0.8170040470000001;-1.4714447751175612
I152Y;0.04883678;-6.216539568034933
L153A;0.505038708;-2.7115813568234444
L153C;0.499949213;-7.154892721911893
L153E;0.135758958;-5.015042240804178
L153G;0.438085846;-6.879431394190759
L153F;0.772661842;-6.93133717821911
L153I;0.415810295;-1.496467441087589
L153K;0.650093798;-2.989394799456932
L153M;0.972176869;-3.644264654256403
L153Q;0.723858235;-4.790184923214838
L153P;0.226452702;-6.915626971080201
L153S;0.824983633;-3.3221858283504844
L153R;0.806419965;-3.1094375486718486
L153T;0.67022054;-2.0461980251420755
L153W;0.803164604;-8.873661298770458
L153V;0.5128785920000001;-2.15569830473396
L153Y;0.7001048329999999;-5.500087776686996
S154A;0.257897555;-6.398560725618154
S154C;0.404591627;-6.701548271346838
S154D;0.028875715;-5.914061425588442
S154G;0.127053146;-5.359334150329231
S154F;0.070660163;-6.264259111834691
S154I;0.101802703;-7.460712716216221
S154H;0.022458889;-7.0176051682792595
S154L;0.07725642;-5.7991673996439195
S154P;0.049251684;-8.572622339008376
S154R;0.2115314;-4.980407527764328
S154T;0.200400876;-3.9806940825656056
S154W;0.109150202;-5.539283504069316
S154V;0.072404778;-7.205998945282773
S154Y;0.067566871;-5.766832747729494
S155A;0.786918337;1.4154658067654964
S155C;0.924188721;3.843461913755164
S155E;0.3887115470000001;-4.5784134465502575
S155D;0.25504816;-4.065633035323117
S155G;0.8169674309999999;-3.1758420210098848
S155F;0.307386642;-3.4388360321754594
S155I;0.306362715;-0.7262551320018247
S155H;0.56307644;-3.0982674203114584
S155K;0.070102892;-4.636137359659188
S155M;0.331326502;-3.276622794859577
S155L;0.7368991490000001;-0.5999048949452117
S155N;0.694240428;-4.811935444711708
S155P;0.378545245;-0.44441274891141797
S155R;0.17994334399999998;-2.8827048442326486
S155T;0.533335269;-2.1069624033989385
S155W;0.6556900139999999;-5.016217158990912
S155V;0.501689579;0.6232460579194594
S155Y;0.614475213;-3.6049794178688903
K156A;0.375917056;-6.770458136685193
K156E;0.058984989;-5.370202279318619
K156D;0.036792203;-7.2297454038634905
K156G;0.052729566;-7.540801145602018
K156I;0.679441262;-5.991864999290557
K156H;0.27177372;-5.423601508256979
K156M;0.443346243;-7.751745091023621
K156L;0.689604907;-7.973341828037518
K156N;0.204442564;-6.19173057936132
K156Q;0.312454193;-4.37046395521611
K156P;0.015957632;-8.709340134635568
K156S;0.252459564;-6.046217301627622
K156R;0.674010415;-4.223825565386505
K156T;0.355056914;-6.417594541795553
K156W;0.369106964;-9.536932309158146
K156V;0.447057943;-6.0438271494349465
K156Y;0.215384431;-4.80290800621151
I157A;0.602426679;-4.42164370045066
I157C;1.10459777;-6.214895359240472
I157D;0.036383401;-7.593404960993213
I157G;0.062730001;-7.112374049844219
I157F;0.273047529;-5.953767735045402
I157H;0.492406928;-5.61299815386883
I157K;0.346071068;-7.441789339878597
I157M;0.999693578;-6.458356264512986
I157L;0.95752698;-2.051278540398925
I157N;0.289647474;-6.269633242860436
I157P;0.06530354;-4.425110691910959
I157S;0.397814363;-5.1588880103081465
I157R;0.499582681;-4.5313477981835595
I157T;0.762126235;-3.619901372119784
I157V;0.947624659;0.8421770794084296
I157Y;0.071522925;-4.496577719401103
A158C;1.1008311000000002;-6.231227001873777
A158E;0.550044038;-3.783578656890313
A158D;0.487228761;-7.417913733748718
A158G;0.814387559;-5.614425331586971
A158F;0.24344124600000006;-6.4977159636328
A158I;0.5156702470000001;-2.4546848868485545
A158H;0.514612065;-6.717907555634157
A158L;0.153929772;-3.6405776138417423
A158N;0.764357159;-5.8599279855843625
A158P;0.909068129;-3.992969961138442
A158S;0.873176233;-3.4606130975298584
A158R;0.7086301890000001;-5.6078745413105935
A158T;0.650884395;-5.027898947591893
A158V;0.953042213;-1.9129505362407144
A158Y;0.051607661;-5.316136124311014
T159A;0.992654158;-5.222648599257808
T159C;1.05515571;-1.9241922694054665
T159D;0.853797138;-6.199126029270701
T159G;0.945198401;-6.225082097676933
T159F;0.8028262140000001;-3.610697262934991
T159I;0.945462092;-3.608762766802101
T159H;0.420813759;-5.885826015248313
T159K;0.510204011;-2.8119164820673177
T159M;1.219970421;-2.6853529695508773
T159L;1.001949061;-1.9305355631368
T159N;0.896891167;-4.979867843314423
T159P;0.910218364;-6.436047978451826
T159S;0.990831397;-2.9474656462989515
T159R;0.821232596;-2.483898801365285
T159V;1.036926922;-1.5123937170574209
T159Y;1.106177215;-1.7938014232058777
D160A;1.025337891;-4.833152215986047
D160C;1.046561443;-8.97112167335581
D160E;0.944627341;-4.300601665046997
D160G;1.024528557;-6.51086805248633
D160F;0.977707948;-4.045185665367171
D160I;0.881039942;-6.42040002241265
D160H;0.992290341;-3.663508403464221
D160K;0.964204708;-4.2114772639470175
D160L;1.009591749;-6.117949103936553
D160N;1.0064090959999998;-3.186303170747124
D160Q;0.911472908;-6.065028381650336
D160P;0.308915667;-6.781115796766244
D160S;1.071382818;-5.409274645731784
D160R;0.914596507;-4.776705011841841
D160T;1.029846726;-4.8935553615447125
D160V;0.870921701;-7.0018940389854825
D160Y;1.009465022;-3.3079387068282813
E161A;1.052363798;-2.5142679030541335
E161D;0.993208092;-1.3923835575114936
E161G;1.028314888;-4.064381701638922
E161I;1.03483935;-4.975878752069548
E161H;1.033061024;-5.163766659912653
E161K;1.050292222;-4.074128667067272
E161L;0.91219128;-4.469010405009612
E161N;1.172448368;-4.322746209858451
E161Q;1.034312066;-3.8923037655185913
E161P;0.952355475;-3.5303462499286984
E161S;0.87054347;-2.677853066008538
E161R;1.058685622;-2.8323922434356064
E161T;1.205067593;-3.9643622034345753
E161V;1.045318696;-3.6037861241493374
E161Y;1.033936888;-6.1998416666756375
N162A;0.995565693;-1.5770707405899884
N162C;0.930140613;-3.4793165604933165
N162E;1.069397165;-1.9495805564220063
N162D;0.989847862;-0.5359326968318783
N162G;0.999849181;-2.080818730581086
N162F;1.054076389;-4.4936318587861015
N162I;0.927742375;-5.5514035072992565
N162H;1.02679722;-1.2936431455309505
N162K;1.029582958;-1.9067622825386932
N162M;1.109808137;-3.367680436873343
N162L;1.022490273;-4.77240235748468
N162Q;0.95049673;-2.3550682834465992
N162P;0.601473337;-4.078347273578402
N162S;0.97850183;-0.296369461924769
N162R;0.956866247;-2.170203248679172
N162T;0.986947454;-0.8529476406401955
N162V;1.009006688;-3.700207444548141
N162Y;0.914194103;-3.1306632977793925
G163A;0.980699132;-4.147772230287956
G163C;0.8110602509999999;-6.030095672722383
G163E;0.8991671179999999;-3.846522064901365
G163D;0.914647645;-5.225292384180649
G163I;0.990883365;-6.293860110941751
G163K;0.798985583;-4.470524764175933
G163L;1.24768601;-6.629970594563929
G163Q;0.93694096;-5.512652524419536
G163P;0.120352216;-5.738802327796294
G163S;0.907074665;-3.9165771730695274
G163R;1.048650991;-5.371231342163809
G163T;0.7354091640000001;-7.038191745428777
G163W;0.7751033629999999;-7.633458745222014
G163V;0.7953898890000001;-7.023884578164142
K164A;0.718307633;-2.7128189613576983
K164E;0.927805075;-1.7116371188894846
K164D;0.886599116;-2.670686718425713
K164G;1.011658151;-4.293176428880543
K164F;1.109250023;-3.629664229112677
K164I;0.942820692;-1.9701172267086804
K164H;0.777560865;-2.922676844755188
K164M;1.03805748;-3.9778526916634287
K164L;0.830377137;-3.397934840293601
K164N;0.958185783;-0.590894699736964
K164Q;0.936046115;-0.8034265730530024
K164P;0.451145834;-5.8253508917987356
K164S;0.927686214;-2.9518029611790557
K164R;0.950060586;-1.3405406743404455
K164T;0.942795106;-2.590327295241877
K164V;0.7997317559999999;-2.0103551827487536
K164Y;0.804570763;-3.4493997808749555
S165A;0.927940267;-4.658840965217678
S165C;0.654068404;-3.804499715100974
S165D;0.321296201;-9.81700985506177
S165G;0.7218928720000001;-5.801930444082244
S165F;0.86120174;-5.881395801785402
S165I;0.45479251;-6.102523265639321
S165H;1.0043334590000002;-6.2825262874830505
S165L;0.82349261;-6.695500834670384
S165N;1.106661773;-7.78416096419096
S165P;0.912190993;-4.67773944826331
S165R;0.65505094;-6.563337631523608
S165T;0.891848648;-6.348138297209517
S165W;0.523700466;-8.270740878186189
S165V;0.8365380370000001;-6.772726420778781
S165Y;0.74468591;-7.0028954001609245
K166A;0.502166729;-7.059461817152624
K166E;0.440687382;-8.324533068924211
K166D;0.335198924;-9.264414894627407
K166G;0.394763968;-7.735466131824068
K166I;0.480997571;-7.275068328221097
K166H;0.595108338;-7.408984887530097
K166M;0.7028640359999999;-7.0538436128990725
K166L;0.740202334;-3.9281463391380393
K166N;0.506050927;-5.803436978138052
K166Q;0.654938649;-7.165773928747512
K166P;0.167840093;-7.118184116465273
K166S;0.470956104;-6.286114282789639
K166R;1.039985649;-0.9415818731067702
K166T;0.14217970800000002;-4.225803731940688
K166W;0.325380007;-9.166757129511096
K166V;0.658552595;-7.854035953176208
K166Y;0.680785084;-7.860016453312711
G167A;0.957030772;-8.041513327276334
G167C;1.121656878;-4.921485407045111
G167E;0.8502226279999999;-6.336394457845018
G167D;0.339047675;-6.22019666939741
G167F;0.716460807;-8.019248205469921
G167I;0.099408199;-8.371750164718831
G167H;1.055237522;-6.246999018680072
G167L;1.102047936;-7.997532534762286
G167N;1.061182522;-3.9617782824207097
G167P;0.7811730170000001;-7.236383760580792
G167S;1.031980323;-4.350195022998378
G167R;1.139924376;-4.697848842071835
G167T;0.8419659890000001;-5.937399095389992
G167W;0.494095566;-8.755995428742608
G167V;0.18227928;-6.736590959364547
G167Y;0.7864894990000001;-9.319892730331047
F168A;0.249690005;-6.71787940809736
F168C;0.236891436;-4.758543075062335
F168D;0.031915264;-7.948859940283
F168I;0.232343721;-2.523031597142108
F168H;0.804125887;-3.5638019695179537
F168M;0.665550014;-7.024580619763582
F168L;0.094666101;-6.078973683528602
F168N;0.050885875;-6.419253855012357
F168P;0.014437857;-8.233128694817424
F168S;0.208596807;-3.946335938700941
F168R;0.228146737;-6.13981116010109
F168T;0.113281651;-4.594946339959278
F168W;0.15067873;-6.97153919422999
F168V;0.294287439;-3.656205220555421
F168Y;0.8702848390000001;0.7827262806240469
G169A;1.0442620459999998;-4.276517128135311
G169C;0.65024841;-10.8595445335377
G169E;0.037672642;-9.638953562127426
G169D;0.038082465;-11.481396805480474
G169K;0.013475334;-14.427478403784336
G169M;0.062460774;-10.616976086661452
G169L;0.023713576;-10.844825790030882
G169Q;0.011369813;-12.723834335571153
G169P;0.043941305;-13.473205124260858
G169S;0.455809943;-8.902984938584268
G169R;0.034884791;-10.081055684713649
G169T;0.02181259;-12.098334394628182
G169W;0.049860563;-11.871053319075147
G169V;0.04447894;-10.233865970978512
F170A;0.164348695;-6.7324447312857965
F170C;0.12604222699999998;-6.572776573477312
F170G;0.012766106;-7.5664183447370315
F170I;0.042800271;-4.749844538164325
F170H;0.635970013;-6.123691541608423
F170M;0.315486696;-6.2501336936838925
F170L;0.049255932;-3.772877056590005
F170N;0.292366613;-7.293901330209337
F170S;0.061896926;-4.90575045440346
F170R;0.028536001;-6.765755974221975
F170T;0.07875195;-5.012182597478387
F170W;0.7448570240000001;-6.111188782379031
F170V;0.04101328;-5.165706216357648
F170Y;0.9494581;-0.30298005836084485
V171A;0.8755201220000001;-5.045532407122664
V171C;0.794765609;-8.747776447446087
V171E;0.057502501;-9.698452802171232
V171D;0.032661687;-9.775658427184679
V171G;0.397099684;-7.307754556764848
V171F;0.088764501;-9.852992706000805
V171I;0.8170267920000001;-2.2030804770765826
V171M;0.322826338;-7.624542055826168
V171L;0.459979377;-5.399990407167934
V171N;0.05775143;-10.252129381289707
V171P;0.074983711;-10.796601810143331
V171S;0.399924781;-8.485469702165574
V171T;0.667736862;-8.929105052768136
V171Y;0.030758914;-8.630056687165053
H172A;0.277624343;-6.117102765594609
H172C;0.257256369;-6.204579996119718
H172E;0.090958502;-3.528989497513976
H172D;0.182747675;-4.306475713849069
H172G;0.194044804;-7.808154923142864
H172F;0.097580002;-6.916522943647577
H172I;0.055126365;-5.74631091626361
H172K;0.242556005;-6.192816785303877
H172L;0.279770495;-5.874464201508089
H172N;0.298646226;-2.4683879852527757
H172Q;0.73270601;-1.8448023935779931
H172P;0.025456222;-9.626543741673233
H172S;0.248253629;-4.01251022471115
H172R;0.149581205;-4.567424672335619
H172T;0.06591195799999999;-5.443801398621873
H172V;0.04890242;-5.406223768834026
H172Y;0.13007954300000002;-5.613072504638693
F173A;0.038298317000000005;-10.149706971831618
F173C;0.203148822;-7.9007043569581565
F173D;0.020213;-11.041461300697849
F173G;0.009474844;-10.056122599169614
F173I;0.33299337;-6.829284797888249
F173H;0.15592886;-10.003936356399207
F173M;0.547360897;-5.880244893953204
F173L;0.7395204679999999;-5.9986281814053655
F173N;0.019250477;-9.530431883176787
F173P;0.014102093;-9.316211224810104
F173S;0.038612014;-8.439491187455133
F173R;0.038942478;-10.045901591467556
F173T;0.024255601;-7.886031757108867
F173W;0.312611;-9.624242096062517
F173V;0.152823052;-6.3726293628387785
F173Y;0.96824545;-1.570785521529615
E174A;0.986194248;-1.2333465020928998
E174D;0.913007681;-2.2363771111413366
E174G;0.989115565;-2.9417091660434376
E174I;0.93572252;-4.28244247706607
E174H;0.8844930190000001;-4.934747771010733
E174K;1.053700209;-1.4198800712038064
E174L;0.867557989;-4.1305900264924285
E174N;1.08178288;-2.6100196515908465
E174Q;1.007713577;-2.9029857058776543
E174P;0.6196686260000001;-3.511199007742107
E174S;0.8974572190000001;-2.406696457997896
E174R;0.865188608;-2.656800197903067
E174T;1.021969302;-2.3608163981116377
E174V;0.951073498;-2.7871392514207405
E174Y;0.937303269;-3.4561069076880813
E175A;1.005272604;-2.3286293864002796
E175D;1.0114834659999998;-0.2485021304091788
E175G;0.880462718;-4.601614443141443
E175I;0.919805076;-3.4120644326540064
E175H;0.994479621;-3.1247138706021365
E175K;1.038989061;-0.1754270618184819
E175L;0.867536077;-4.023503238124248
E175N;0.985717686;0.3388496466068318
E175Q;1.028297419;-2.1109526730360813
E175P;0.843753688;-5.153906461164297
E175S;0.965447953;-0.2565474199000164
E175R;1.016035026;-1.1683414494837052
E175T;0.811840428;-0.15593564839218746
E175V;1.026708753;-2.9380936434245086
E175Y;0.933160761;-3.6862726814797497
E176A;0.897948709;-1.6287204907748674
E176D;0.924992675;-2.7245323426323007
E176G;0.902172873;-2.9736603110795836
E176F;0.419724681;-3.652180680423044
E176I;0.835341592;-3.732441982370801
E176H;0.717560565;-1.4780358675634488
E176K;0.906989159;-2.7191819765721448
E176L;0.94950938;-4.026427358272485
E176N;0.936801121;-3.2757442645961423
E176Q;0.876837103;-2.23667294124607
E176P;0.988697739;-1.1654799029929563
E176S;0.77681857;-2.1069219544297084
E176R;1.00281634;-3.3712872447213167
E176T;0.93003221;-4.415298351668753
E176V;0.968400431;-3.5720940970350057
E176Y;0.689464008;-3.61987679451704
G177A;1.045686049;0.5450696122134104
G177C;0.957656588;-2.70753184822388
G177E;0.965640707;2.2963568470440805
G177D;1.0154040359999998;1.2320402254117653
G177F;1.126075866;-2.337945746898185
G177I;1.142658116;-1.5060942975396756
G177H;0.971818675;-0.5872592248488218
G177L;0.8405348570000001;-2.9740950064733624
G177N;0.951644001;0.6691323148552328
G177P;0.8769683559999999;-2.9895070969359954
G177S;0.94939709;0.9394202299881728
G177R;0.960332901;0.1772538879304193
G177T;0.858351513;-0.029929108626674864
G177W;0.91353342;-3.7590971037207055
G177V;1.039998499;-0.7949378988123499
G177Y;0.862694585;-2.27436637331266
A178C;0.97705806;-5.22328862431459
A178E;0.911374429;-4.9060580760706225
A178D;0.993007503;-3.2558617174508977
A178G;0.95101882;-3.3019091228488837
A178F;0.986604836;-7.077833849471062
A178I;1.129310248;-7.14434335345868
A178H;1.061903443;-4.437700484879316
A178L;0.894915938;-7.875944548519327
A178N;0.827720415;-4.8313076144550005
A178Q;0.798684735;-2.9435183974856045
A178P;0.924839134;-5.712077767588197
A178S;1.016407216;-0.7438373669865541
A178R;0.899918172;-7.426939730998129
A178T;0.982946977;-5.097264438169077
A178V;1.0244896140000002;-3.523511035833508
A178Y;0.946710419;-6.242552636365873
A179C;0.667790118;-4.639395481557585
A179E;0.485330641;-8.744098256633151
A179D;0.589099698;-8.670824254397303
A179G;0.955147086;-2.789103113114834
A179F;0.921177443;-6.7692133365781055
A179I;0.406538144;-4.430464173376095
A179H;0.57446121;-7.702868387103081
A179L;0.63322325;-5.177049138583243
A179N;0.223637089;-6.540560393594205
A179P;0.368011134;-6.000028267502785
A179S;0.964776256;-3.0201985699823126
A179R;0.6495789479999999;-7.815768722910434
A179T;0.632446651;-3.354165037861094
A179V;0.6244161970000001;-3.7029027920216318
A179Y;0.708215258;-6.5850252523086965
K180A;0.825992415;-2.660207313485444
K180E;0.998266373;-1.821251634450164
K180D;0.901048808;-2.23426421469776
K180G;0.8939606240000001;-4.5969317336857785
K180I;0.967442824;-3.790977147647936
K180H;0.872907487;-2.4277399847633205
K180M;0.942127619;-2.3991866306751035
K180L;0.964763413;-2.5160741079016593
K180N;0.948953542;-1.1788380183279514
K180Q;1.012571795;-0.7619714672327973
K180P;0.638189924;-6.6479677790775895
K180S;0.921122873;-2.8448090627207416
K180R;1.001866279;-0.4479006825131364
K180T;0.988981057;-1.7772926720790565
K180W;1.020306339;-5.352077174640726
K180V;0.992267103;-4.002224547351943
K180Y;0.901095418;-3.61675712763099
E181A;0.867824446;1.815885954303667
E181D;1.025900382;1.5740566526073962
E181G;0.86888267;-1.2766029177582825
E181F;0.420519614;-2.5359268276952207
E181I;0.7710083990000001;-1.0517907326575369
E181H;0.8857879559999999;-1.3130050651961938
E181K;0.79810541;2.116777990522678
E181L;0.945093468;-0.9913263914640992
E181N;0.8893961420000001;0.03556549770291895
E181Q;0.901113459;0.03495298675261438
E181P;0.619066579;-5.138415331741272
E181S;0.773149367;0.8743072718498297
E181R;0.617774016;1.3862638176651672
E181T;0.934902623;0.43542702903505415
E181V;0.8808370109999999;-1.1802691949415018
E181Y;0.911556806;-5.339665916049854
A182C;0.854751825;-4.688302301365184
A182E;0.088422603;-9.490946983511094
A182D;0.074935477;-8.161425744488952
A182G;0.697171277;-8.884134525724221
A182F;0.338035594;-8.466736985195894
A182I;0.8227557670000001;-7.825525355467107
A182H;0.024014099;-9.701748802151997
A182L;0.7734487729999999;-8.035472931631375
A182N;0.056125975;-10.157997822680043
A182P;0.091569885;-9.27149770577671
A182S;0.917549262;-4.3130026923608975
A182R;0.066774381;-9.641888414567804
A182T;0.91624181;-4.70575285499217
A182V;1.010176792;-4.326913532044273
A182Y;0.07890016799999999;-10.325479594175704
I183A;0.8780958870000001;-4.5276953721404425
I183C;1.025858095;-4.797137391193246
I183D;0.294973179;-8.566598022727701
I183G;0.6904362829999999;-7.556514640244131
I183F;0.766240116;-5.817774075178022
I183H;0.950202249;-6.0903583974795765
I183K;1.008202305;-4.404401508531009
I183M;0.96639938;-3.17848292367853
I183L;0.922618922;-3.6000465409815665
I183N;0.717395337;-7.5676307204630575
I183Q;0.993020502;-6.681477511556295
I183P;0.130064385;-6.990523229898827
I183S;0.755204745;-7.465875690126268
I183R;0.934328072;-4.371568234077131
I183T;0.95100536;-5.494844543885846
I183V;1.024614326;-1.258654974772071
I183Y;0.803558133;-7.824153096786176
D184A;0.920251617;-1.3240874434122816
D184C;0.870197167;-5.609885487734573
D184E;1.064362616;0.33839228595024906
D184G;0.8869585209999999;-3.147494641991216
D184F;0.8749585990000001;-4.944648221251555
D184I;0.804472306;-3.0721202671411447
D184H;0.8940101979999999;-3.5269218162866314
D184K;0.833938855;0.19635723868850616
D184L;1.178789754;-3.9169938013656074
D184N;0.869828385;-1.6892989813932218
D184Q;1.035312265;-1.7697352427057922
D184P;0.673059926;-6.274929728475399
D184S;0.8944794090000001;-1.7132375360815786
D184R;1.178738395;-1.2068351781927051
D184T;0.8831941259999999;-1.2431911727180704
D184V;0.89532811;-2.57041861792095
D184Y;0.90858969;-3.2506172907887967
A185C;0.985819453;-2.0714172067237087
A185E;0.993225532;-1.2657963921665214
A185D;0.823479553;-0.9865599847980776
A185G;0.818152949;-1.5562364660727326
A185F;0.758282508;-3.2610819010005803
A185I;1.112554455;-3.864061261119786
A185H;0.494886053;-2.14331697113812
A185L;0.86344347;-2.754511019653364
A185N;0.943646015;0.9267151313251816
A185P;0.077938088;-5.615642504766583
A185S;0.939967582;-0.34820737841073424
A185R;0.560930885;1.5259849928843323
A185T;1.028322362;-0.58344660239527
A185V;0.960047607;-2.9103451197152026
A185Y;0.760847429;-4.4112602443783535
L186A;0.645219625;-2.779217149131
L186C;0.917884755;-4.253230303293094
L186E;0.392787653;-3.665474179841112
L186G;0.479377333;-3.1547596799209714
L186F;0.590106004;-2.642636949662119
L186I;1.094817912;-1.0763863855972886
L186K;0.609795733;-3.144843738991767
L186M;0.692146915;0.2000779639929533
L186Q;0.411377884;-5.309794704662637
L186P;0.221923395;-6.983846873103175
L186S;0.7190689690000001;-3.860007802024484
L186R;0.6093044679999999;-3.0202860139543186
L186T;0.753716955;-1.9376839445903895
L186W;0.57760906;-6.105789563385769
L186V;1.042199053;-0.27251180936582386
L186Y;0.505133773;-2.8435532448347662
N187A;1.4081955590000002;-5.541262114420533
N187C;0.974205714;-6.6107715002726755
N187E;0.96757416;-6.555567232193424
N187D;0.962531812;-2.4250051530543715
N187G;0.958689329;-6.190146299864863
N187F;0.924012367;-7.084378947161895
N187I;0.769871911;-6.733303979737683
N187H;0.992637585;-3.7847551871091127
N187K;1.034804345;-4.225254265824333
N187M;1.171809215;-7.1130315179470935
N187L;0.96846812;-8.050624270690605
N187Q;1.000988138;-4.2376147273462275
N187P;0.464477724;-6.637730063172058
N187S;1.039508749;-3.186864426126704
N187R;1.027414547;-6.5862613830249765
N187T;1.0405576;-4.254714480950497
N187V;0.81084922;-6.5577216687379405
N187Y;0.955870023;-5.1380874782335
G188A;0.8270143529999999;-5.871992722095456
G188C;0.810427711;-5.906934336991982
G188E;0.949142115;-5.143797085504048
G188D;0.7731618159999999;-5.1454164849128565
G188F;0.574623075;-7.661939970217644
G188I;0.129914782;-8.416605682694353
G188H;0.863766081;-6.319704503752291
G188L;0.592232492;-4.867373592220247
G188N;0.829428563;-2.8610965376719832
G188P;0.192219046;-7.176554030738771
G188S;0.937625076;-5.389001064701007
G188R;1.279470658;-4.716674513823818
G188T;0.863398621;-7.464335721451789
G188W;0.347385768;-9.370759152370738
G188V;0.35235113700000004;-7.864066349458881
G188Y;0.540353386;-6.500993815017863
M189A;0.778353075;-1.1562684155069292
M189E;0.716211855;-3.5643429324263707
M189G;0.8016296470000001;-4.6799277881655135
M189F;0.871993096;-3.0027537036221474
M189I;0.923263263;-2.9592921261209995
M189K;0.7612941559999999;-1.3386230999603868
M189L;1.04303602;-3.3707434769603424
M189N;0.80054805;-4.228123553330079
M189Q;0.890765183;-1.6102107076440006
M189P;0.270893736;-9.603595413034784
M189S;0.617171502;0.12167811440303923
M189R;0.6969161559999999;-3.360625146597158
M189T;0.7809119929999999;-0.5116983033949509
M189W;0.860378775;-6.195303576983862
M189V;0.940465321;-3.24170033808332
L190A;1.089639727;-3.9222549351979983
L190E;0.991558888;-0.4495072288555093
L190G;0.736799305;-5.784789262805134
L190F;1.020502945;-4.7784605843480685
L190I;0.995115482;-1.8325770659139382
L190H;0.909375494;-5.672480814799202
L190K;0.798423642;-2.4080458930693567
L190M;0.98449501;-3.0216001207008962
L190Q;0.930791897;-2.9793877804186195
L190P;0.954500969;-4.2540949089452615
L190S;0.7921130940000001;-2.1064957629423593
L190R;0.932539433;-3.698968563461676
L190T;1.143818115;-2.0171950695221312
L190W;0.7848030559999999;-6.363160857232288
L190V;1.021934262;-2.4143810042878613
L191A;0.8530180479999999;-4.333971324842423
L191C;1.021809582;-5.68505595298484
L191E;0.7963050740000001;-8.204804392735241
L191G;0.578387847;-8.154688506998355
L191F;1.02186369;-3.2632969780825083
L191I;1.155247436;-1.5739914809819309
L191H;0.583242422;-5.806252348978888
L191K;0.644121407;-7.228318265639245
L191M;1.023319734;-3.180047355126589
L191Q;0.64116662;-6.116152755799702
L191P;0.5208813489999999;-9.154224888654426
L191S;0.917796963;-6.5743538470123895
L191R;0.825313557;-8.280289371265098
L191T;0.809682619;-6.2407402214594185
L191W;0.646856373;-5.323043709155172
L191V;1.030155189;-2.515566177549772
L191Y;0.831808743;-5.245336687017699
N192A;0.989202983;-0.8904308168857824
N192C;1.028335879;-3.2363614668138325
N192E;1.229206413;-1.9790923140826635
N192D;0.995612316;-0.8271441326942295
N192G;0.920909087;-1.3405555037315935
N192F;0.781487383;-2.8026089172708453
N192I;0.937524048;-5.4930432403925815
N192H;0.771378206;-1.357526361825876
N192K;0.925284516;-1.4680470477323981
N192M;0.703740782;-2.5000803370494395
N192L;0.803772765;-1.480406830785796
N192Q;0.988747982;-3.1015761109301816
N192P;0.167194545;-4.889217879506759
N192S;0.968018551;-2.3082469685468823
N192R;0.866139172;-1.3143133840058001
N192T;1.00384307;-4.6918529456015685
N192W;0.5510952020000001;-6.0109849732834855
N192V;1.13128918;-4.1614801918622115
N192Y;0.69238734;-2.284265635767952
G193A;0.994089168;-4.378161751665175
G193C;0.933225191;-6.1038978872820735
G193E;0.782166483;-1.3077657031826675
G193D;1.022131157;-0.3652859663125128
G193F;0.8145282090000001;-8.4860739284195
G193I;0.448511108;-8.414867278886959
G193H;1.206708458;-3.761999804060906
G193L;0.968613516;-5.419710997492075
G193N;1.013348646;-2.1080198123818263
G193P;0.203456659;-8.57144498359412
G193S;1.048120097;-3.5900098429992795
G193R;0.997456334;-4.372880229493603
G193T;0.789845536;-5.4913369454443455
G193W;0.645337128;-8.521005594724556
G193V;0.645759188;-6.955599398273987
G193Y;0.637007453;-5.363625703845173
Q194A;1.091049501;-4.109093812498031
Q194C;2.868778599;-3.381184815625602
Q194E;1.078387558;-1.3145869157160632
Q194D;1.020224754;-6.5650507341488265
Q194G;1.018160262;-4.429892990447115
Q194I;0.940740064;-4.914340146759058
Q194H;1.106452862;-1.68491614839877
Q194K;1.048921589;0.9499059076188132
Q194L;1.068201167;-3.2966377296834253
Q194N;1.171251225;-1.7243984222295694
Q194P;0.387851124;-6.498317801568192
Q194S;1.153527183;-2.384671080566477
Q194R;1.128068907;-0.11582752474350855
Q194T;1.06879892;-3.1721412056940608
Q194V;0.973517143;-5.044078802166041
Q194Y;1.016358362;-4.636295697710012
E195A;0.963037742;-0.4755610043357592
E195D;0.986846317;-3.371270793315489
E195G;0.982113709;-5.466087155393325
E195F;0.734518192;-4.356946904445067
E195I;0.998389223;-1.603401176515035
E195H;1.073649351;-1.5997542238328606
E195K;1.072498521;1.297859333746601
E195L;0.922013168;-1.8570301756262781
E195N;0.982742093;-0.26976386003661895
E195Q;0.976396087;-0.1677801274581725
E195P;0.891029452;0.3073132155113853
E195S;1.053873928;-1.4677589361090213
E195R;0.959095343;-1.0907865210901946
E195T;1.177805262;-0.7971978175773984
E195V;0.939699592;-1.1185755801852793
E195Y;0.950719637;-4.213762541068719
I196A;0.8411032690000001;-4.077934744069353
I196C;0.8252328809999999;-7.4885597663233066
I196D;0.098324393;-12.106904595893864
I196G;0.036021148;-8.69399776251521
I196F;0.813812083;-4.8079470532247806
I196H;0.152393594;-9.081199432141148
I196K;0.038926079;-9.237154314178042
I196M;1.050810932;-1.913675234769471
I196L;1.106330975;-0.9536372462753206
I196N;0.08799265699999999;-8.304593813198153
I196P;0.269063372;-7.500106263381895
I196S;0.278667843;-6.4003688307711855
I196R;0.07021443;-7.487959140620659
I196T;0.830127581;-5.043005842773709
I196V;1.0499936559999998;0.9624994075275026
I196Y;0.308585751;-7.343372479022946
Y197A;0.839083323;-5.031384475529193
Y197C;0.6709654629999999;-4.1645248206332335
Y197E;0.153338644;-5.1473009013570845
Y197D;0.258099142;-4.7408649991848515
Y197G;0.5221334679999999;-5.467391121084802
Y197F;0.896740007;-0.1151915155351162
Y197I;0.790602093;-5.064969801460394
Y197H;0.675273848;-4.070561047265073
Y197K;0.7183906390000001;-3.8442423236556347
Y197L;0.630036085;-5.485560185275972
Y197N;0.523818869;-4.64718488464132
Y197Q;0.61331057;-4.269275136757642
Y197P;0.040416073;-8.59721254161559
Y197S;0.527856762;-1.7093738822732119
Y197R;0.8198248309999999;-3.8758675027638674
Y197T;0.596723963;-2.6254344175104047
Y197W;0.483217325;-7.85119784946437
Y197V;0.7066310790000001;-2.8264379032771103
