# Data from Qi, H. et al. A Quantitative High-Resolution Genetic Profile Rapidly Identifies Sequence Determinants of Hepatitis C Viral Fitness and Drug Sensitivity. PLOS Pathog. 2014, 10, e1004064.
# y represents the experimental measure "fitness"
# dE is the difference in statistical energy between the variant and the wild type (EVmutation)
variant;y;dE
D1994D;0.0;0.0
D1994A;-1.0;-7.642030751305697
D1994C;-1.0;-7.642030751305697
D1994E;-1.0;-7.625111313959451
D1994F;-1.0;-7.642030751305697
D1994G;-1.0;-7.642030751305697
D1994H;-1.0;-7.642030751305697
D1994I;-1.0;-7.642030751305697
D1994K;-1.0;-7.642030751305697
D1994L;-1.0;-7.642030751305697
D1994M;-1.0;-7.642030751305697
D1994N;-0.907379585;-7.613585632952208
D1994P;-1.0;-7.642030751305697
D1994Q;-1.0;-7.642030751305697
D1994R;-1.0;-7.642030751305697
D1994S;-0.984784139;-7.642030751305697
D1994T;-1.0;-7.642030751305697
D1994V;-1.0;-7.642030751305697
D1994W;-1.0;-7.642030751305697
D1994Y;-1.0;-7.642030751305697
F1995A;-0.929302556;-7.066251386115027
F1995C;-0.953761446;-3.229412106098607
F1995D;-1.0;-7.066251386115027
F1995E;-1.0;-7.066251386115027
F1995G;-0.968419374;-7.066251386115027
F1995H;-1.0;-7.066251386115027
F1995I;-0.9020223;-7.058111184552673
F1995K;-1.0;-7.066251386115027
F1995L;-0.705816853;-3.2705986217060854
F1995M;-0.810422596;-7.066251386115027
F1995N;-1.0;-7.066251386115027
F1995P;-1.0;-7.066251386115027
F1995Q;-1.0;-7.066251386115027
F1995R;-1.0;-7.066251386115027
F1995S;-0.962633998;-7.021231920909258
F1995T;-0.925268038;-7.066251386115027
F1995V;-0.911686334;-3.4861658408190124
F1995W;-0.348261251;-7.066251386115027
F1995Y;-0.81424731;-7.0379261476073225
K1996A;-0.745980214;-4.9671505728729235
K1996C;-0.8012216109999999;-6.219938304167044
K1996D;-1.0;-6.226134756641387
K1996E;-1.0;-6.09696217266537
K1996F;-0.747670132;-3.010906185547356
K1996G;-0.669199451;-5.969561533414434
K1996H;-1.0;-6.226134756641387
K1996I;-0.7223614070000001;-2.689813132572453
K1996L;-0.7667308509999999;-3.380836715208716
K1996M;-0.7507197390000001;-3.3681263530743313
K1996N;-1.0;-6.1913254102946675
K1996P;-1.0;-6.226134756641387
K1996Q;-0.937621396;-5.943798292321844
K1996R;-0.22724334;-3.3767211208833032
K1996S;-0.777082305;-4.59406391888524
K1996T;-0.806776638;-5.165664838678823
K1996V;-0.78475365;-3.044154890347272
K1996W;-0.720471627;-2.7414484466717117
K1996Y;-0.464169105;-3.1828262782655656
N1997A;0.247817899;-1.5964472223859048
N1997C;0.102700472;-5.218372434776028
N1997D;-0.655736037;-2.0267925351508893
N1997E;-0.569042102;-5.323733499907405
N1997F;-0.34402459700000004;-5.755471921261687
N1997G;0.13078789400000002;-5.658158685249872
N1997H;-0.23580424;-5.731031882597108
N1997I;-0.34641142700000005;-5.178261234791762
N1997K;-0.934737473;-5.755471921261687
N1997L;-0.1141348;-5.343521496050896
N1997M;-0.000468605;-5.489079304868028
N1997P;-1.0;-5.338460940155073
N1997Q;0.168026216;-5.739398941792843
N1997R;-0.941320723;-2.4853061883477494
N1997S;0.06730512799999999;-1.6102990844228768
N1997T;-0.010003151;-0.35291126905940473
N1997V;-0.534045895;-3.0194475590687944
N1997W;0.039676085;-5.755471921261687
N1997Y;-0.519282754;-5.755471921261687
W1998A;-0.8599125440000001;-4.421296033950056
W1998C;-0.913273702;-7.7429156341609096
W1998D;-1.0;-7.795500478234771
W1998E;-1.0;-7.795500478234771
W1998F;-0.421621864;-3.849482112214901
W1998G;-0.980303203;-7.784393093252675
W1998H;-1.0;-7.795500478234771
W1998I;-0.912867808;-7.795500478234771
W1998K;-1.0;-7.795500478234771
W1998L;-0.8410460190000001;-7.775219118426322
W1998M;-0.790974018;-7.795500478234771
W1998N;-1.0;-7.795500478234771
W1998P;-1.0;-7.795500478234771
W1998Q;-1.0;-7.795500478234771
W1998R;-0.979709691;-4.9260697119934775
W1998S;-0.976580659;-7.787823624965767
W1998T;-1.0;-7.795500478234771
W1998V;-0.955048105;-7.795500478234771
W1998Y;-0.581636892;-3.3545872400864027
L1999A;-0.617142497;-3.2134539270191453
L1999C;-0.588664054;-7.505881155736461
L1999D;-1.0;-7.505881155736461
L1999E;-1.0;-7.505881155736461
L1999F;-0.8283184290000001;-7.468479503395201
L1999G;-0.933983035;-7.505881155736461
L1999H;-1.0;-7.486797611430121
L1999I;-0.163553085;-3.612387938715983
L1999K;-1.0;-7.505881155736461
L1999M;-0.216417452;-3.677036307228264
L1999N;-1.0;-7.505881155736461
L1999P;-1.0;-7.125422781792621
L1999Q;-1.0;-7.502018194547419
L1999R;-1.0;-7.5021795169082
L1999S;-0.980682551;-7.505881155736461
L1999T;-0.756949057;-7.502293529621512
L1999V;-0.373221958;-2.822319023427553
L1999W;-0.873517798;-7.505881155736461
L1999Y;-1.0;-7.505881155736461
T2000A;0.062657595;-0.9268446515488904
T2000C;-0.268836401;-4.269736071892112
T2000D;-1.0;-4.269736071892112
T2000E;-1.0;-3.1710478421555313
T2000F;0.110379728;-4.229932970320989
T2000G;0.164418202;-1.4119250911753625
T2000H;-0.798536928;-1.9418416760599941
T2000I;-0.404723379;-0.2246582004445372
T2000K;-0.549722197;1.046519615163561
T2000L;-0.456437727;-1.5797439188754652
T2000M;-0.291239152;-4.269736071892112
T2000N;-1.0;-4.254615544516128
T2000P;-0.933080364;-4.2442144795777486
T2000Q;-0.5523382139999999;-0.4039645867123909
T2000R;-0.70330794;-0.6729702801094389
T2000S;-0.107830087;0.7946179098507855
T2000V;-0.359219343;-0.9582807820115704
T2000W;-0.316952674;-4.266796069316116
T2000Y;-0.359229061;-0.7959511290391674
S2001A;0.193340981;-0.4240761558739905
S2001C;-0.637739342;-6.222944017090184
S2001D;-1.0;-3.979444546159357
S2001E;-1.0;-6.314647980569133
S2001F;-0.6781491359999999;-6.314647980569133
S2001G;0.294902171;-2.8479433504107874
S2001H;-0.890821216;-6.314647980569133
S2001I;-0.8394383959999999;-6.1876485632737985
S2001K;-1.0;-6.314647980569133
S2001L;-0.985224421;-6.314647980569133
S2001M;-0.494388871;-6.314647980569133
S2001N;-1.0;-2.0827932828105986
S2001P;-0.936194255;-6.291798773518168
S2001Q;-1.0;-3.2618243688484654
S2001R;-0.86719845;-3.351424915104872
S2001T;-0.567162817;-2.3523674634925555
S2001V;-0.425222984;-6.02008504791263
S2001W;-0.896921431;-6.314647980569133
S2001Y;-0.628627442;-6.311946954815539
K2002A;-0.732721727;-3.5646040569627075
K2002C;-0.405090952;-4.071372955804692
K2002D;-1.0;-6.994514104195333
K2002E;-1.0;-6.923897375433171
K2002F;-0.842095347;-4.091304832749302
K2002G;-1.0;-6.99621420701169
K2002H;-1.0;-3.9745763289975
K2002I;-0.67876532;-3.752937818790088
K2002L;-0.584254882;-6.996313614424253
K2002M;-0.767064339;-6.9887862295618115
K2002N;-1.0;-6.94805479734805
K2002P;-1.0;-7.0001346777107765
K2002Q;-0.923115859;-6.9075478499230485
K2002R;-0.8918529209999999;-3.320691175009415
K2002S;-0.930662409;-5.638532063156163
K2002T;-1.0;-4.789347599828034
K2002V;-0.741079948;-6.072733329645415
K2002W;-1.0;-2.4966071787057444
K2002Y;-0.926807825;-4.171236923109973
L2003A;-0.671428782;-2.7685287767671984
L2003C;-0.263811147;-3.905914093425963
L2003D;-1.0;-6.775601600880691
L2003E;-1.0;-6.775601600880691
L2003F;-0.437094334;-3.2246522530913357
L2003G;-1.0;-6.775601600880691
L2003H;-1.0;-3.9425462776271165
L2003I;-0.4399274420000001;-1.6860602057422511
L2003K;-1.0;-6.775601600880691
L2003M;-0.408924453;-6.740586122170043
L2003N;-1.0;-3.9132988334749834
L2003P;-1.0;-6.48557845178766
L2003Q;-1.0;-6.775601600880691
L2003R;-1.0;-6.769490831293298
L2003S;-1.0;-3.5900432190974243
L2003T;-1.0;-2.9435404177056625
L2003V;-0.5570316160000001;-2.4956612692767517
L2003W;-1.0;-6.775601600880691
L2003Y;-1.0;-6.775601600880691
F2004A;-0.541674336;-0.4155533906250639
F2004C;0.39569774;-2.8701574039423576
F2004D;-1.0;-4.563588106052522
F2004E;-1.0;-4.445377336596948
F2004G;-0.865542068;-4.484709774622388
F2004H;-1.0;-4.563588106052522
F2004I;0.428795727;-1.7539951255675987
F2004K;-0.927689287;-0.2730455925920978
F2004L;0.052707542;1.4099496213893872
F2004M;0.21703717100000006;0.5103051312325988
F2004N;-1.0;-4.563588106052522
F2004P;-1.0;-0.7547606877924409
F2004Q;-1.0;-1.7548005004937297
F2004R;-0.965092149;-1.1141790800611489
F2004S;-0.6595514889999999;-1.5209215422510167
F2004T;-0.195001034;-1.7083754788036458
F2004V;0.5047597420000001;-0.3165975009032991
F2004W;-1.0;-4.563588106052522
F2004Y;-0.370836483;-4.563588106052522
P2005A;-1.0;-3.289661729431828
P2005C;-1.0;-4.753594569725465
P2005D;-1.0;-3.1461411225172924
P2005E;-0.808644349;-4.74948126926938
P2005F;-0.975546275;-3.81970396633551
P2005G;-0.958318785;-7.4347688557787714
P2005H;-1.0;-7.4347688557787714
P2005I;-1.0;-4.098142056682264
P2005K;-1.0;-4.7444298579248425
P2005L;-1.0;-5.265237041385262
P2005M;-1.0;-4.719562460282759
P2005N;-1.0;-3.9353199781762673
P2005Q;-1.0;-4.72654509644417
P2005R;-1.0;-4.823311590298545
P2005S;-1.0;-3.960966975908377
P2005T;-1.0;-3.697759789429256
P2005V;-1.0;-3.698150682917913
P2005W;-1.0;-7.4347688557787714
P2005Y;-1.0;-7.4347688557787714
K2006A;-0.425675735;-0.4654011839375016
K2006C;0.381253139;-4.790767123480691
K2006D;-0.964729487;-2.560105765987828
K2006E;-0.861714353;-2.593978776021686
K2006F;-0.81208735;-2.5490467286654166
K2006G;-0.216361605;-5.092629874066006
K2006H;0.308770995;-1.134117956411501
K2006I;-0.571600998;-1.996674028116104
K2006L;-0.566303781;-0.8830593116363161
K2006M;-0.349105086;-5.149547559812163
K2006N;-0.296145763;-1.445660652512743
K2006P;-1.0;-2.5018195921657025
K2006Q;-0.66181135;-1.044863306255138
K2006R;-0.028943381;0.09363041674805572
K2006S;-0.337486939;-0.7790350374634727
K2006T;-0.512415391;-1.0638200568864704
K2006V;-0.309802696;-1.4733244043090965
K2006W;-0.803336893;-5.173871563987177
K2006Y;-0.097881896;-3.3346079674774955
L2007A;-1.0;-3.5716184419125057
L2007C;-1.0;-4.302238662610762
L2007D;-1.0;-6.9407565421679465
L2007E;-1.0;-3.6756740704877298
L2007F;-0.633409722;-3.1010970264906064
L2007G;-1.0;-6.9407565421679465
L2007H;-1.0;-6.9407565421679465
L2007I;0.132450011;-2.1519580569583923
L2007K;-1.0;-6.9407565421679465
L2007M;-0.156342149;-1.4753585809958167
L2007N;-1.0;-6.9407565421679465
L2007P;-1.0;-4.031384204150527
L2007Q;-1.0;-6.937491301490809
L2007R;-1.0;-6.9407565421679465
L2007S;-1.0;-3.364120901562273
L2007T;-1.0;-4.138002760359086
L2007V;-0.5962485160000001;-2.5060591254698465
L2007W;-1.0;-4.075257007760229
L2007Y;-1.0;-4.0233026984205935
P2008A;-1.0;-5.231681237230077
P2008C;-1.0;-8.47502751637171
P2008D;-1.0;-8.47502751637171
P2008E;-1.0;-8.47502751637171
P2008F;-1.0;-8.47502751637171
P2008G;-1.0;-8.467538924740209
P2008H;-1.0;-8.471076673633888
P2008I;-1.0;-5.704350003263245
P2008K;-1.0;-8.47502751637171
P2008L;-1.0;-4.1547386844613365
P2008M;-1.0;-8.47502751637171
P2008N;-1.0;-8.47502751637171
P2008Q;-1.0;-8.45355500159792
P2008R;-1.0;-8.448245432125987
P2008S;-1.0;-5.2919325531693175
P2008T;-1.0;-8.471038405307581
P2008V;-1.0;-4.387512034583779
P2008W;-1.0;-8.47502751637171
P2008Y;-1.0;-8.47502751637171
G2009A;-0.978863029;-3.0301630166686664
G2009C;-1.0;-7.859630023308001
G2009D;-1.0;-7.859630023308001
G2009E;-1.0;-5.004867436509811
G2009F;-0.955437262;-7.859630023308001
G2009H;-1.0;-7.859630023308001
G2009I;-1.0;-4.986017068440559
G2009K;-1.0;-2.7632560566930806
G2009L;-0.8260434990000001;-7.859630023308001
G2009M;-0.8449229429999999;-7.859630023308001
G2009N;-1.0;-4.6071172216761616
G2009P;-1.0;-4.975738735127378
G2009Q;-1.0;-3.935442742047599
G2009R;-1.0;-3.635286784294294
G2009S;-1.0;-3.053090008554136
G2009T;-1.0;-4.214658608150785
G2009V;-1.0;-7.859630023308001
G2009W;-0.9709459;-7.859630023308001
G2009Y;-1.0;-7.859630023308001
L2010A;-0.6996729690000001;-3.0766838445706526
L2010C;-0.200776598;-2.3356583920685807
L2010D;-1.0;-6.492100673808637
L2010E;-1.0;-6.500619206361989
L2010F;-0.588243401;-2.344632863838342
L2010G;-1.0;-6.500619206361989
L2010H;-1.0;-6.4729713880219615
L2010I;0.184295699;-0.08786807443539146
L2010K;-1.0;-6.500619206361989
L2010M;-0.425610214;-2.276110390390386
L2010N;-1.0;-6.500619206361989
L2010P;-1.0;-6.433441275666951
L2010Q;-1.0;-6.500619206361989
L2010R;-1.0;-6.500619206361989
L2010S;-1.0;-6.500619206361989
L2010T;-1.0;-6.491446120178352
L2010V;0.360919929;-0.5031781370053068
L2010W;-1.0;-3.4648810619255532
L2010Y;-1.0;-6.500619206361989
P2011A;-0.400235794;-8.613127461113889
P2011C;-0.671726362;-8.621861417447235
P2011D;-1.0;-8.621861417447235
P2011E;-1.0;-8.621861417447235
P2011F;-0.716432702;-8.621861417447235
P2011G;-0.901178537;-4.594325296842727
P2011H;-0.968145347;-8.621861417447235
P2011I;-0.91328223;-8.621861417447235
P2011K;-1.0;-8.621861417447235
P2011L;-0.93505241;-8.602801189681372
P2011M;-0.7088301229999999;-8.621861417447235
P2011N;-1.0;-8.621861417447235
P2011Q;-1.0;-8.621861417447235
P2011R;-1.0;-8.613447000062251
P2011S;-0.762329465;-8.616937519326259
P2011T;-1.0;-8.603176924855376
P2011V;-0.953810738;-8.621861417447235
P2011W;-0.423199681;-8.621861417447235
P2011Y;-0.5648831329999999;-8.621861417447235
F2012A;-1.0;-7.313360414848375
F2012C;-1.0;-7.311173181406957
F2012D;-1.0;-7.313360414848375
F2012E;-1.0;-7.313360414848375
F2012G;-0.951192488;-7.313360414848375
F2012H;-1.0;-7.313360414848375
F2012I;0.047548468;-2.008876171136308
F2012K;-1.0;-7.313360414848375
F2012L;-0.0549798;-1.9787392356956843
F2012M;-0.154289287;-2.4670828268135665
F2012N;-1.0;-7.313360414848375
F2012P;-1.0;-6.988183168972683
F2012Q;-1.0;-7.313360414848375
F2012R;-1.0;-7.313360414848375
F2012S;-1.0;-7.1103758388524065
F2012T;-1.0;-7.313360414848375
F2012V;-0.096181975;-2.9110565009468696
F2012W;-0.101278708;-3.3502286248840387
F2012Y;-0.24109531;-2.62604685529368
I2013A;-0.860352983;-1.909724146724329
I2013C;-1.0;-6.49124198881691
I2013D;-1.0;-6.49124198881691
I2013E;-1.0;-6.4799000017192165
I2013F;-0.14056918;-1.7129308931616831
I2013G;-1.0;-6.4844461586408215
I2013H;-1.0;-6.49124198881691
I2013K;-1.0;-3.552087097268668
I2013L;-0.104611703;-0.5933636270783609
I2013M;-0.667753577;-2.8225472554186126
I2013N;-1.0;-6.49124198881691
I2013P;-1.0;-6.246197694336843
I2013Q;-1.0;-6.49124198881691
I2013R;-1.0;-6.49124198881691
I2013S;-1.0;-6.46378965584654
I2013T;-1.0;-6.4276041126784085
I2013V;-0.175329365;-0.9579484638088616
I2013W;-0.534862327;-2.64572014111036
I2013Y;-0.543146048;-1.8343093100556869
S2014A;-0.698279975;-4.524621545802802
S2014C;-0.261108513;-8.237536329982959
S2014D;-1.0;-5.2340505702304645
S2014E;-1.0;-8.24310523553345
S2014F;-0.706055786;-8.237239399417149
S2014G;-0.286515513;-3.4980086774157826
S2014H;-0.698237727;-4.749412373290396
S2014I;-1.0;-8.24310523553345
S2014K;-1.0;-5.31013228406664
S2014L;-1.0;-8.233637802476776
S2014M;-0.414910653;-8.24310523553345
S2014N;-0.7093873140000001;-4.44680003169924
S2014P;-1.0;-8.15141853388451
S2014Q;-0.454449793;-5.143438642095133
S2014R;-1.0;-4.926646458450705
S2014T;-0.28989351;-3.753187696929672
S2014V;-0.873146423;-8.24310523553345
S2014W;-0.8337076240000001;-8.240527975064198
S2014Y;-0.871020327;-8.237007594751049
C2015A;-1.0;-8.862458838003251
C2015D;-1.0;-8.862458838003251
C2015E;-1.0;-8.862458838003251
C2015F;-1.0;-8.822127833818511
C2015G;-1.0;-8.853633070204069
C2015H;-1.0;-8.862458838003251
C2015I;-1.0;-8.862458838003251
C2015K;-1.0;-8.862458838003251
C2015L;-1.0;-8.862458838003251
C2015M;-1.0;-8.862458838003251
C2015N;-1.0;-8.862458838003251
C2015P;-1.0;-8.862458838003251
C2015Q;-1.0;-8.862458838003251
C2015R;-1.0;-8.388304341122419
C2015S;-1.0;-8.844865465839119
C2015T;-1.0;-8.862458838003251
C2015V;-1.0;-8.862458838003251
C2015W;-1.0;-8.720878449856173
C2015Y;-1.0;-8.83470902123139
Q2016A;-0.958718153;-8.044742138001766
Q2016C;-1.0;-8.044742138001766
Q2016D;-1.0;-2.7508225531782955
Q2016E;-1.0;-4.130141694477061
Q2016F;-1.0;-8.044742138001766
Q2016G;-1.0;-4.296165962237866
Q2016H;-1.0;-7.362358955839228
Q2016I;-1.0;-8.044742138001766
Q2016K;-1.0;-8.0133400111349
Q2016L;-1.0;-8.033962387670499
Q2016M;-1.0;-8.044742138001766
Q2016N;-1.0;-8.044742138001766
Q2016P;-1.0;-4.9077240144542875
Q2016R;-1.0;-5.150268359662731
Q2016S;-0.9696804;-2.9102756276261066
Q2016T;-1.0;-3.8334558134665713
Q2016V;-0.9791275;-4.473206529954041
Q2016W;-1.0;-8.044742138001766
Q2016Y;-1.0;-8.044742138001766
K2017A;-0.037466264;-2.517957890725484
K2017C;-1.0;-6.79772696103737
K2017D;-0.952461756;-6.8331668093928775
K2017E;-0.765610166;-3.595782715419773
K2017F;-0.86214689;-6.8331668093928775
K2017G;-0.832029676;-6.828294019544956
K2017H;-0.595730027;-3.932653444921016
K2017I;-0.325968653;-4.0683237169942
K2017L;-0.315572783;-3.8688773983449214
K2017M;-0.37668975;-6.8331668093928775
K2017N;-0.25969305600000003;-4.0827655042812685
K2017P;-0.352455865;-2.258154578350513
K2017Q;-0.339465351;-4.074936635719496
K2017R;0.036856425;-1.053428109647939
K2017S;0.008867016;-3.287906426670816
K2017T;-0.165679887;-2.6012982652755454
K2017V;-0.238209375;-2.70946943751187
K2017W;-0.339913817;-6.8331668093928775
K2017Y;-0.218352379;-5.8389630790043165
G2018A;-1.0;-4.278685919707641
G2018C;-1.0;-4.810043057717849
G2018D;-1.0;-8.512003588744392
G2018E;-1.0;-8.498071655488275
G2018F;-1.0;-8.512003588744392
G2018H;-1.0;-8.512003588744392
G2018I;-1.0;-8.512003588744392
G2018K;-1.0;-8.512003588744392
G2018L;-1.0;-5.319800419762032
G2018M;-1.0;-8.512003588744392
G2018N;-1.0;-8.512003588744392
G2018P;-1.0;-3.265843974390009
G2018Q;-1.0;-8.512003588744392
G2018R;-1.0;-8.495316701256968
G2018S;-1.0;-5.34165994153591
G2018T;-1.0;-4.781305153941503
G2018V;-1.0;-8.508598534453995
G2018W;-1.0;-8.512003588744392
G2018Y;-1.0;-8.512003588744392
Y2019A;-1.0;-8.350714762532789
Y2019C;-1.0;-8.180845046830484
Y2019D;-1.0;-8.350714762532789
Y2019E;-1.0;-8.350714762532789
Y2019F;0.143014834;-3.6602831896161656
Y2019G;-1.0;-7.659634056674803
Y2019H;-1.0;-8.258436077819397
Y2019I;-1.0;-8.350714762532789
Y2019K;-1.0;-8.350714762532789
Y2019L;-1.0;-8.350714762532789
Y2019M;-1.0;-8.350714762532789
Y2019N;-1.0;-8.343577224764202
Y2019P;-1.0;-8.343557113862857
Y2019Q;-1.0;-8.350714762532789
Y2019R;-1.0;-8.350714762532789
Y2019S;-1.0;-8.343284626115747
Y2019T;-1.0;-4.60465756044141
Y2019V;-1.0;-8.350714762532789
Y2019W;-0.933998754;-3.391261526732705
K2020A;-0.106778514;-2.8025818500755117
K2020C;-0.19998894;-3.99322695544106
K2020D;-1.0;-3.7453997559377967
K2020E;-0.944538718;-6.5539868859978005
K2020F;-0.539424821;-7.069887117850612
K2020G;-0.463604522;-2.647595004120376
K2020H;-0.106307114;-4.282329751062207
K2020I;-0.523811912;-7.069887117850612
K2020L;-0.582416472;-7.069887117850612
K2020M;-0.353028971;-5.96640424528232
K2020N;-0.441675474;-4.136020267178537
K2020P;-1.0;-7.059021439154549
K2020Q;-0.274618803;-6.658130366487968
K2020R;-0.020703233;-0.9581596628995612
K2020S;-0.13041525199999998;-2.1765939545002766
K2020T;-0.148689992;-2.5249221994599798
K2020V;-0.232883362;-7.069887117850612
K2020W;-0.415164219;-7.062929002213424
K2020Y;-0.14437004;-7.069887117850612
G2021A;-1.0;-4.5510650699725375
G2021C;-1.0;-8.683149938407496
G2021D;-1.0;-8.674676723831228
G2021E;-1.0;-8.661436567629607
G2021F;-1.0;-8.683149938407496
G2021H;-1.0;-8.683149938407496
G2021I;-1.0;-8.683149938407496
G2021K;-1.0;-8.683149938407496
G2021L;-1.0;-8.683149938407496
G2021M;-1.0;-8.683149938407496
G2021N;-1.0;-8.683149938407496
G2021P;-1.0;-8.677663258043822
G2021Q;-1.0;-8.683149938407496
G2021R;-1.0;-4.987597194703994
G2021S;-1.0;-8.67443305653569
G2021T;-1.0;-8.683149938407496
G2021V;-1.0;-8.674927059356833
G2021W;-1.0;-8.683149938407496
G2021Y;-1.0;-8.683149938407496
V2022A;-0.057009075;-2.8083246390742715
V2022C;0.062415991;-6.6058052142789165
V2022D;-0.369264463;-3.1104072675807406
V2022E;-0.365721853;-1.8125223756651396
V2022F;-0.376379353;-6.41341322577
V2022G;-0.141631931;-3.157470018573804
V2022H;-0.339894014;-3.9194864179007713
V2022I;-0.032329054;-5.284448673480256
V2022K;-0.85465874;-3.1835572202980984
V2022L;-0.33559427;-2.661875043922919
V2022M;0.114181969;-6.380870652879821
V2022N;-0.048658744;-6.6058052142789165
V2022P;-0.35906602200000004;-1.6702589211636223
V2022Q;0.0065533990000000006;-3.881211028645339
V2022R;-0.416445566;-2.7675637059437577
V2022S;-0.100889007;-3.4342289130217982
V2022T;-0.014247413;-2.8316197997337436
V2022W;-0.55356385;-6.600687989556718
V2022Y;-0.404393982;-3.5529390855808742
W2023A;-1.0;-8.258812293998972
W2023C;-1.0;-8.225252042017246
W2023D;-1.0;-8.258812293998972
W2023E;-1.0;-8.258812293998972
W2023F;-1.0;-4.431626551289809
W2023G;-1.0;-8.251217446821329
W2023H;-1.0;-8.258812293998972
W2023I;-1.0;-4.278217896207933
W2023K;-1.0;-8.258812293998972
W2023L;-1.0;-3.9106605461420263
W2023M;-1.0;-8.258812293998972
W2023N;-1.0;-8.258812293998972
W2023P;-1.0;-8.254177047190979
W2023Q;-1.0;-8.258812293998972
W2023R;-1.0;-4.523362586856821
W2023S;-1.0;-8.251713314807375
W2023T;-1.0;-8.258812293998972
W2023V;-1.0;-4.835308709938545
W2023Y;-1.0;-8.258812293998972
A2024C;0.416986576;-4.191518736492753
A2024D;0.047093417;-2.5567613762395918
A2024E;-0.32495572300000003;-1.963954801263753
A2024F;0.05360002;-5.9072160938058005
A2024G;-0.057841748;-5.9848053764862925
A2024H;0.017754386;-2.7382531498442404
A2024I;0.168034591;-2.6393583515891805
A2024K;-0.65608475;-1.3270329944934929
A2024L;0.128287032;-1.8613386845681816
A2024M;-0.07134416;-2.6753069239202887
A2024N;-0.003011721;-3.339672706046258
A2024P;-1.0;-5.990952001764526
A2024Q;0.050284068;-2.5050385111244395
A2024R;-0.447942155;0.18502323975553736
A2024S;-0.046146379;-2.281531672473648
A2024T;-0.023553264;-2.063453659706284
A2024V;0.36624209;-1.8852142497780733
A2024W;-0.118341288;-5.998839570937888
A2024Y;0.0726707;-3.392018692837155
G2025A;-1.0;-4.924994670531304
G2025C;-1.0;-5.031641180452425
G2025D;-1.0;-8.352436180736731
G2025E;-1.0;-8.170266544892456
G2025F;-1.0;-8.36518337340317
G2025H;-0.976470971;-8.36518337340317
G2025I;-1.0;-8.36518337340317
G2025K;-1.0;-8.343667036966735
G2025L;-1.0;-5.0502436415699785
G2025M;-1.0;-8.36518337340317
G2025N;-0.735976911;-6.586306300043361
G2025P;-1.0;-8.350643546507628
G2025Q;-1.0;-8.36518337340317
G2025R;-1.0;-8.293474774701053
G2025S;-0.986975311;-8.329223873825072
G2025T;-1.0;-4.400795969486353
G2025V;-1.0;-8.014669741127818
G2025W;-1.0;-8.36518337340317
G2025Y;-1.0;-8.36518337340317
T2026A;0.022703179;-2.578440600452268
T2026C;0.222021291;-3.352957343652633
T2026D;-0.088109224;0.3931479325519831
T2026E;-0.052097091;-1.8002566510976976
T2026F;-0.647617156;-6.2535382327337175
T2026G;0.060910695;-6.209601859807549
T2026H;-0.077187366;-2.9415928885855465
T2026I;-0.291210326;-6.2535382327337175
T2026K;0.2152441;-3.605481991106899
T2026L;-0.711678083;-6.2535382327337175
T2026M;-0.027785132;-6.2535382327337175
T2026N;0.093504857;-2.6792041239377795
T2026P;-1.0;-6.2535382327337175
T2026Q;-0.467136815;-6.2535382327337175
T2026R;-0.124767236;-2.5415662288132808
T2026S;0.1138275;-1.4176799489350742
T2026V;0.01153745;-2.6158133452690886
T2026W;-0.65044443;-6.2535382327337175
T2026Y;-0.6162613779999999;-6.237021425684361
G2027A;-1.0;-4.386325643714372
G2027C;-1.0;-8.481609985014758
G2027D;-1.0;-8.519726256677586
G2027E;-1.0;-8.565549920810554
G2027F;-1.0;-8.565549920810554
G2027H;-1.0;-8.565549920810554
G2027I;-1.0;-8.565549920810554
G2027K;-1.0;-8.565549920810554
G2027L;-1.0;-8.565549920810554
G2027M;-1.0;-8.565549920810554
G2027N;-1.0;-8.565549920810554
G2027P;-1.0;-8.565549920810554
G2027Q;-1.0;-8.565549920810554
G2027R;-1.0;-8.565549920810554
G2027S;-1.0;-8.543697926435527
G2027T;-1.0;-8.565549920810554
G2027V;-1.0;-8.560914351620113
G2027W;-1.0;-8.565549920810554
G2027Y;-1.0;-8.565549920810554
I2028A;-0.910384273;-3.608774364722194
I2028C;-0.395794328;-6.8777307837890485
I2028D;-1.0;-6.8777307837890485
I2028E;-0.946796544;-3.1028008103312463
I2028F;-0.361455374;-5.824477119367657
I2028G;-0.946027814;-6.862711466847942
I2028H;-0.911928395;-3.0346857391705266
I2028K;-1.0;-4.0286870007257685
I2028L;-0.449566614;-2.849730025074677
I2028M;-0.126830673;-2.5953501934127416
I2028N;-1.0;-6.872117818908008
I2028P;-0.873311035;-4.146220221009572
I2028Q;-0.907671563;-3.0654325395007618
I2028R;-0.953543771;-6.8777307837890485
I2028S;-0.890294151;-2.5018451410869598
I2028T;-0.561968785;-2.578463691606885
I2028V;-0.233574548;-0.9923935894330498
I2028W;-1.0;-6.8777307837890485
I2028Y;-1.0;-6.8777307837890485
M2029A;-1.0;-3.0461570362276693
M2029C;-0.536294148;-2.9618124205771887
M2029D;-1.0;-6.986707824775294
M2029E;-1.0;-6.986707824775294
M2029F;-1.0;-6.986707824775294
M2029G;-1.0;-4.0183996964806274
M2029H;-1.0;-6.986707824775294
M2029I;-0.7760349740000001;-2.252710723583732
M2029K;-1.0;-6.980140767192098
M2029L;-0.963831458;-2.226799361033045
M2029N;-0.908172451;-3.67368367128438
M2029P;-1.0;-6.986707824775294
M2029Q;-1.0;-6.986707824775294
M2029R;-1.0;-6.986707824775294
M2029S;-1.0;-6.885153113002616
M2029T;-1.0;-5.089543047080952
M2029V;-0.143486651;-1.6247525018443412
M2029W;-1.0;-6.986707824775294
M2029Y;-1.0;-6.9138591385290065
T2030A;-0.436384579;-6.377167075537728
T2030C;-0.181096563;-4.420792916076606
T2030D;-1.0;-6.414042839125613
T2030E;-0.793032712;-2.316499884953373
T2030F;0.08298058400000001;-6.412099996015968
T2030G;-0.784200782;-6.414042839125613
T2030H;0.150451318;-1.3349299409674131
T2030I;-0.101615162;-3.088129228373873
T2030K;-0.815974065;-2.6623553070239723
T2030L;-0.082020425;-2.9318697414419153
T2030M;-0.233528118;-3.7001164956382127
T2030N;0.049549124000000014;-2.261349813896232
T2030P;-1.0;-6.358853026680663
T2030Q;-0.078043242;-2.172792847191886
T2030R;-0.6080740379999999;-2.6184025444417784
T2030S;-0.34549534600000004;-1.6255135232786415
T2030V;-0.25339289;-2.424796433217125
T2030W;-0.833757648;-6.390897553404102
T2030Y;-0.280273591;-3.5818703885888685
T2031A;-0.375372257;-2.8892342968865705
T2031C;-1.0;-8.070767341146393
T2031D;-1.0;-8.074824228707941
T2031E;-1.0;-8.074824228707941
T2031F;-1.0;-8.074824228707941
T2031G;-0.009513327;-4.788361552928109
T2031H;-1.0;-8.074824228707941
T2031I;-1.0;-8.056716027483162
T2031K;-1.0;-8.074824228707941
T2031L;-1.0;-8.074824228707941
T2031M;-1.0;-8.074824228707941
T2031N;-1.0;-7.936835275030718
T2031P;-1.0;-4.39285393935279
T2031Q;-1.0;-8.074824228707941
T2031R;-1.0;-7.937138422125372
T2031S;-0.223894104;-2.9226116533682216
T2031V;-1.0;-3.262692436313955
T2031W;-1.0;-8.074824228707941
T2031Y;-1.0;-8.074824228707941
R2032A;-0.297594401;-6.628193589573129
R2032C;-0.213571881;-7.071312625364499
R2032D;-1.0;-3.8146243988012434
R2032E;-1.0;-7.075542411291281
R2032F;0.04995484;-7.075542411291281
R2032G;-1.0;-7.072783723284375
R2032H;-0.018911204;-4.174752138293115
R2032I;-0.309796172;-3.2072255317470986
R2032K;-1.0;-2.7247140515246433
R2032L;-0.5751898520000001;-3.289208301641338
R2032M;-0.597338113;-4.069487094093347
R2032N;-0.762068275;-4.253020437055966
R2032P;-1.0;-5.948408358763117
R2032Q;-1.0;-6.9603101884092675
R2032S;-0.160787375;-6.770121009727234
R2032T;-0.008565489;-1.0962343465071172
R2032V;-0.336240466;-2.7823234965326265
R2032W;-0.925545021;-7.075542411291281
R2032Y;0.202289273;-7.075542411291281
C2033A;-1.0;-8.520497164301787
C2033D;-1.0;-8.520497164301787
C2033E;-1.0;-8.520497164301787
C2033F;-1.0;-8.520497164301787
C2033G;-1.0;-8.511320999341706
C2033H;-1.0;-8.520497164301787
C2033I;-1.0;-8.520497164301787
C2033K;-1.0;-8.520497164301787
C2033L;-1.0;-8.520497164301787
C2033M;-1.0;-8.520497164301787
C2033N;-1.0;-8.520497164301787
C2033P;-1.0;-8.520497164301787
C2033Q;-1.0;-8.520497164301787
C2033R;-1.0;-8.074924671844201
C2033S;-1.0;-8.460604694368158
C2033T;-1.0;-8.520497164301787
C2033V;-1.0;-8.520497164301787
C2033W;-1.0;-4.378044783668884
C2033Y;-1.0;-8.498022031361188
P2034A;-0.385256223;-2.9102594920550477
P2034C;-0.72226403;-7.147821166274299
P2034D;-0.865685983;-4.014162900333758
P2034E;-1.0;-3.6313954843208194
P2034F;-0.726073257;-4.35482199164835
P2034G;0.572371566;-2.0286445185774937
P2034H;-0.453381622;-2.791091460327152
P2034I;-1.0;-7.166374809427907
P2034K;-0.7107914790000001;-4.441167580647743
P2034L;-0.559616;-3.560807012487203
P2034M;-0.394520013;-7.166374809427907
P2034N;-0.575254891;-3.3762356133083813
P2034Q;-0.67;-4.378958870052884
P2034R;-0.5654960689999999;-4.4115706750162635
P2034S;-0.382464182;-3.565998548605421
P2034T;-0.514666336;-2.481675323913805
P2034V;-0.930738603;-7.166374809427907
P2034W;-0.7944947659999999;-7.166374809427907
P2034Y;-0.804668695;-7.120352928015564
C2035A;-1.0;-8.502021003766004
C2035D;-1.0;-8.502021003766004
C2035E;-1.0;-8.502021003766004
C2035F;-1.0;-8.502021003766004
C2035G;-1.0;-8.496836305143232
C2035H;-1.0;-8.502021003766004
C2035I;-1.0;-8.502021003766004
C2035K;-1.0;-8.502021003766004
C2035L;-1.0;-8.502021003766004
C2035M;-1.0;-8.502021003766004
C2035N;-1.0;-8.502021003766004
C2035P;-1.0;-8.448874732822787
C2035Q;-1.0;-8.502021003766004
C2035R;-1.0;-7.926708201852307
C2035S;-1.0;-8.502021003766004
C2035T;-1.0;-8.502021003766004
C2035V;-1.0;-8.502021003766004
C2035W;-1.0;-4.3612813859508615
C2035Y;-1.0;-8.494533959128603
G2036A;-1.0;-9.040567731572764
G2036C;-1.0;-9.065062132812727
G2036D;-1.0;-9.065062132812727
G2036E;-1.0;-8.954508347779097
G2036F;-1.0;-9.065062132812727
G2036H;-1.0;-9.065062132812727
G2036I;-1.0;-9.065062132812727
G2036K;-1.0;-9.055288615865834
G2036L;-1.0;-9.055539154436476
G2036M;-1.0;-9.065062132812727
G2036N;-1.0;-9.065062132812727
G2036P;-1.0;-9.065062132812727
G2036Q;-1.0;-9.065062132812727
G2036R;-1.0;-9.001393569395761
G2036S;-0.947039157;-9.065062132812727
G2036T;-1.0;-9.065062132812727
G2036V;-1.0;-9.056130675010307
G2036W;-1.0;-9.065062132812727
G2036Y;-1.0;-9.065062132812727
A2037C;-1.0;-3.2517740213370416
A2037D;-1.0;-4.216280952299711
A2037E;-1.0;-5.0948474055330735
A2037F;-1.0;-7.764955270556129
A2037G;-0.080565396;-4.859943245493922
A2037H;-1.0;-4.4981731339357784
A2037I;-1.0;-7.764955270556129
A2037K;-1.0;-3.8669995606469456
A2037L;-1.0;-5.067594455715152
A2037M;-1.0;-7.759436207360522
A2037N;-1.0;-3.999267413106281
A2037P;-1.0;-7.759709367186588
A2037Q;-1.0;-4.969791955991242
A2037R;-1.0;-3.348405492521123
A2037S;-0.087460563;-4.42253697704291
A2037T;-1.0;-3.697991043591173
A2037V;-0.975180522;-4.857043553303812
A2037W;-1.0;-7.764955270556129
A2037Y;-1.0;-7.764955270556129
N2038A;-0.347785783;-1.2724363601591904
N2038C;-0.740973777;-5.140583449132464
N2038D;0.23472326;-1.2972625634574797
N2038E;0.011345393999999998;0.04376625051008887
N2038F;-0.82675679;-2.519762739781981
N2038G;-0.223607012;-2.4422863897889333
N2038H;-0.557996055;-4.6315374095747766
N2038I;-0.356744525;-1.5212969740969131
N2038K;-1.0;-1.485280640044948
N2038L;-0.515027501;-1.971860259087407
N2038M;-0.16598871;-2.409021265732008
N2038P;-0.369529197;-4.935057745369704
N2038Q;-0.187494932;-0.02483148360624909
N2038R;-0.8645548740000001;-2.0726928309595682
N2038S;-0.207800876;-0.9781413106975378
N2038T;-0.159662165;-1.4222884023911317
N2038V;-0.235051427;-0.7732426845177542
N2038W;-0.912567791;-5.155665414498799
N2038Y;-1.0;-5.07865083890465
I2039A;-1.0;-4.455705444786872
I2039C;-1.0;-7.41055785252729
I2039D;-1.0;-7.41055785252729
I2039E;-1.0;-7.41055785252729
I2039F;-1.0;-4.605488543777028
I2039G;-1.0;-3.700346350175096
I2039H;-1.0;-4.029316974396353
I2039K;-1.0;-7.41055785252729
I2039L;-0.12722307800000002;-1.8442028001882136
I2039M;-0.559448839;-7.156649450905206
I2039N;-1.0;-3.95658123260364
I2039P;-1.0;-7.41055785252729
I2039Q;-1.0;-3.3523324090056117
I2039R;-1.0;-7.408621798557307
I2039S;-1.0;-3.6513004666194315
I2039T;-1.0;-3.897334369044984
I2039V;-0.110459924;-2.64991652424942
I2039W;-1.0;-7.41055785252729
I2039Y;-1.0;-4.566214886959641
S2040A;-0.398573434;-0.9967184755296329
S2040C;-0.871031167;-6.155270989002929
S2040D;-1.0;-6.155270989002929
S2040E;-1.0;-6.155270989002929
S2040F;-1.0;-6.155270989002929
S2040G;-0.29800228100000004;-6.155270989002929
S2040H;-1.0;-3.286991470580688
S2040I;-1.0;-2.0212507869582623
S2040K;-1.0;-6.155270989002929
S2040L;-0.983227083;-2.5505464342422783
S2040M;-1.0;-3.3416195182362567
S2040N;-0.643514943;-2.7260238497692626
S2040P;-1.0;-4.97495910242651
S2040Q;-0.6602632820000001;-6.155270989002929
S2040R;-1.0;-3.3587510155339264
S2040T;-1.0;0.4262337726540864
S2040V;-1.0;-1.2217309385887347
S2040W;-1.0;-6.155270989002929
S2040Y;-1.0;-6.155270989002929
G2041A;-0.368613944;-3.720174843416317
G2041C;-1.0;-7.972026547142378
G2041D;-1.0;-7.955200007219446
G2041E;-1.0;-7.960041106412972
G2041F;-1.0;-3.4369701559189707
G2041H;-1.0;-7.972026547142378
G2041I;-1.0;-6.888223679485236
G2041K;-1.0;-7.972026547142378
G2041L;-1.0;-4.079301498830319
G2041M;-1.0;-7.972026547142378
G2041N;-1.0;-7.972026547142378
G2041P;-1.0;-7.972026547142378
G2041Q;-1.0;-7.972026547142378
G2041R;-1.0;-7.958921239793653
G2041S;-1.0;-7.846515616714535
G2041T;-1.0;-7.972026547142378
G2041V;-1.0;-3.883216319722123
G2041W;-1.0;-2.937948745689937
G2041Y;-1.0;-3.0263563555199653
N2042A;-0.15460322;-2.3568223516886064
N2042C;-0.012101502;-5.145370663189169
N2042D;-0.45297104;-1.139390977576113
N2042E;-1.0;-2.086354202747316
N2042F;0.078658202;-2.776188629702119
N2042G;-0.866518067;-5.446982234097959
N2042H;-0.250150718;1.1573734554440307
N2042I;0.45672492;-5.444429322886208
N2042K;0.079008014;-2.775688742160128
N2042L;0.125369704;-2.7857738363854887
N2042M;0.78209452;-2.2144204168689607
N2042P;-1.0;-5.446982234097959
N2042Q;-0.393736981;-1.9671291929371364
N2042R;-0.516705048;-2.6329866560590744
N2042S;-0.018335535;-0.7058879337964754
N2042T;-0.5493904239999999;-0.8762397800273902
N2042V;0.139652793;-1.7600358733725443
N2042W;-0.445046605;-5.446982234097959
N2042Y;0.27094263;-2.7724677387122942
V2043A;-0.905669448;-4.436833863466745
V2043C;-0.221951987;-4.2513581007369785
V2043D;-1.0;-7.813132450128705
V2043E;-1.0;-7.819136196031195
V2043F;-1.0;-3.7735034195357
V2043G;-1.0;-7.819136196031195
V2043H;-1.0;-7.819136196031195
V2043I;-0.333914012;-2.0944259355019312
V2043K;-1.0;-4.669006357900797
V2043L;-1.0;-4.280245122266933
V2043M;-1.0;-7.819136196031195
V2043N;-1.0;-7.769504158903601
V2043P;-1.0;-7.819136196031195
V2043Q;-1.0;-4.336658618965885
V2043R;-1.0;-7.819136196031195
V2043S;-1.0;-7.819136196031195
V2043T;-1.0;-7.819136196031195
V2043W;-1.0;-7.819136196031195
V2043Y;-1.0;-7.819136196031195
R2044A;-0.660096195;-2.89213173330063
R2044C;-0.631843913;-6.126586456603945
R2044D;-0.921086807;-2.6368155143863987
R2044E;-1.0;-1.6329063769080676
R2044F;-0.8353834109999999;-5.5223779186180755
R2044G;-0.8539106890000001;-6.123728229863445
R2044H;-0.523460531;-2.7404165005646064
R2044I;-0.485065655;-2.9292436531686685
R2044K;0.421395422;0.14569402890629135
R2044L;-0.33765742600000004;-2.5015675724716857
R2044M;-0.199640405;-5.948347734107301
R2044N;-0.615156797;-2.201124678482301
R2044P;-1.0;-3.4776592977577816
R2044Q;-0.444974211;-2.8032260142063024
R2044S;-0.6815692879999999;-2.3289741407497786
R2044T;-0.801266136;-3.645229186760844
R2044V;-0.25510455600000004;-1.879239917267114
R2044W;-0.522421394;-3.434536475317145
R2044Y;-0.7154941770000001;-2.865072319604224
L2045A;-0.336496635;-0.8465634669119027
L2045C;0.17010973399999998;-1.1170976507419257
L2045D;-0.905382902;0.234658278466668
L2045E;-0.705725632;0.32302602667186875
L2045F;-0.205493114;-2.0171245287083366
L2045G;-0.340933574;-0.3678999319672585
L2045H;-0.08816028599999999;-0.5648406547261402
L2045I;-0.168286419;-1.6185474413530299
L2045K;-0.816690991;-3.777075561580205
L2045M;-0.040590733;-0.6099470180743083
L2045N;0.269128211;2.154570628743386
L2045P;-0.952346493;-1.1571239331387917
L2045Q;0.072955351;-4.274690704826753
L2045R;-0.185530955;-1.6251174556018668
L2045S;-0.289728026;-0.7576979988371022
L2045T;-0.044537297;-1.4658957680544518
L2045V;0.100607881;-4.274690704826753
L2045W;-0.414806138;-4.274690704826753
L2045Y;-0.25821945;-1.1499962767557008
G2046A;-0.718490038;-8.009734295366343
G2046C;-0.941849151;-8.016437999371192
G2046D;-0.949334001;-7.894298730994251
G2046E;-0.8422311309999999;-4.454143858321913
G2046F;-1.0;-8.016437999371192
G2046H;-0.864460918;-8.016437999371192
G2046I;-1.0;-8.016437999371192
G2046K;-1.0;-8.009237236257832
G2046L;-1.0;-4.694966199964256
G2046M;-1.0;-8.016437999371192
G2046N;-0.2884952;-5.605965504419147
G2046P;-1.0;-4.888368389580137
G2046Q;-0.6538808229999999;-8.016437999371192
G2046R;-0.972690639;-4.820637745735438
G2046S;-0.477108286;-4.090570043259504
G2046T;-1.0;-4.853723753079977
G2046V;-1.0;-8.013202157052092
G2046W;-1.0;-8.016437999371192
G2046Y;-1.0;-8.016437999371192
S2047A;-0.16166356;-3.1099470897606807
S2047C;-0.399553343;-6.2445602761445125
S2047D;-0.938275933;-3.7855511786838187
S2047E;-0.941766613;-2.9103305891767377
S2047F;-0.303844855;-3.0969044936900896
S2047G;-0.292614059;-2.9858132318395287
S2047H;-0.487092375;-3.1252369972789893
S2047I;-0.535581992;-2.8888065261680818
S2047K;-0.484541187;-1.7786342516046716
S2047L;-0.467856066;-2.9566750049853
S2047M;-0.5342062470000001;-6.2469382671333715
S2047N;-0.443907227;-2.8148291112593142
S2047P;-0.979370553;-5.999908613518528
S2047Q;-0.748535526;-2.175694874676992
S2047R;-0.17605301399999998;-2.0239840735011967
S2047T;-0.02267768;-0.4392610060313018
S2047V;-0.439934156;-1.9843616588586883
S2047W;-0.718373736;-3.1554973162565148
S2047Y;-0.432012823;-3.891327634702975
M2048A;-0.622408545;-2.1758461564022578
M2048C;0.112651488;-4.433984736475394
M2048D;-1.0;-3.660246264684247
M2048E;-1.0;-7.1367573797729165
M2048F;-1.0;-7.1367573797729165
M2048G;-1.0;-4.377815034327796
M2048H;-1.0;-7.1367573797729165
M2048I;-0.000336212;-3.7891507455233295
M2048K;-1.0;-4.39809735090239
M2048L;0.330643839;-2.9133105023065577
M2048N;-0.934318717;-7.1367573797729165
M2048P;-1.0;-3.4165130023902752
M2048Q;-1.0;-7.1367573797729165
M2048R;-1.0;-4.349858337009209
M2048S;-1.0;-4.489088117814389
M2048T;-0.982748812;-4.385395519333542
M2048V;-0.931960375;-2.7253385790390894
M2048W;-1.0;-7.1367573797729165
M2048Y;-1.0;-4.393619476322783
R2049A;-0.447665895;-7.074755387276127
R2049C;-0.814293788;-7.074755387276127
R2049D;-1.0;-4.417100449936697
R2049E;-1.0;-3.5384355741261966
R2049F;-0.641832336;-3.799252101278398
R2049G;-0.656683153;-6.558213359438014
R2049H;-0.576463682;-2.850677783713764
R2049I;-1.0;-3.405125030549243
R2049K;-0.136637085;-1.4729065151768737
R2049L;-0.605164005;-7.070295800920576
R2049M;-0.322727534;-4.365005455125356
R2049N;-0.8607519579999999;-4.526226989699354
R2049P;-1.0;-3.4619653741247016
R2049Q;-0.7431188590000001;-2.6849236151902005
R2049S;-0.647677787;-4.087802333855507
R2049T;-0.947379194;-2.2451818368317618
R2049V;-0.958217825;-2.975437663786579
R2049W;-0.95242083;-7.060184590308381
R2049Y;-0.749895497;-7.074755387276127
I2050A;-0.903082894;-3.1711537996088737
I2050C;-0.657343026;-6.952079533050893
I2050D;-1.0;-3.702796504665457
I2050E;-1.0;-6.952079533050893
I2050F;-1.0;-3.882337231530983
I2050G;-1.0;-4.390501988425966
I2050H;-1.0;-2.701625125519058
I2050K;-1.0;-4.398681292004767
I2050L;0.66114434;-1.932337488840858
I2050M;0.186361006;-4.28435555879696
I2050N;-1.0;-3.794285582764133
I2050P;-1.0;-4.2898315573620485
I2050Q;-0.47911798;-4.2386060007920605
I2050R;-1.0;-3.837224353959755
I2050S;-0.7875148259999999;-4.335474829971645
I2050T;-0.181200872;-3.259415994376468
I2050V;-0.33843088;-2.006186476042785
I2050W;-1.0;-6.952079533050893
I2050Y;-1.0;-3.562497215818439
T2051A;-0.153087644;-0.5070547350624109
T2051C;0.064953915;-1.809188876650296
T2051D;-0.97023595;-5.613326941958803
T2051E;-0.283557298;-2.9718286089300823
T2051F;-0.404861449;-5.452879212261906
T2051G;-0.671974402;-1.99334742379142
T2051I;-0.13453779300000002;-4.49478045431033
T2051K;-0.8666955559999999;-1.6496774817351252
T2051L;-0.159036165;-2.087893653195352
T2051M;-0.228365999;-5.602354254900092
T2051N;-0.271641772;-2.9219932058176714
T2051P;-1.0;-5.613326941958803
T2051R;-0.586067937;-2.9604349449273286
T2051S;-0.142115902;-0.7438673493161332
T2051V;-0.24638150600000006;-0.08350157842505722
T2051W;-0.333611308;-2.6755409903234977
T2051Y;-0.020414356;-1.6558458072831854
G2052A;-0.8716952579999999;-3.5459035938838497
G2052C;-1.0;-4.8265824195041205
G2052D;-1.0;-4.952702297799989
G2052E;-1.0;-5.002238776505691
G2052F;-1.0;-7.727609950790793
G2052H;-1.0;-4.986834617186105
G2052I;-1.0;-5.853319262815943
G2052K;-1.0;-4.795071143977111
G2052L;-1.0;-7.8428040645048895
G2052M;-1.0;-7.8428040645048895
G2052N;-1.0;-7.8428040645048895
G2052P;-1.0;-7.8428040645048895
G2052Q;-1.0;-7.8428040645048895
G2052R;-1.0;-4.982506132684649
G2052S;-1.0;-3.090030036692042
G2052T;-1.0;-3.6040947253786726
G2052V;-1.0;-3.39422502121306
G2052W;-0.981437128;-7.8399703154846065
G2052Y;-1.0;-7.8428040645048895
P2053A;-0.367728636;-3.856468572874292
P2053C;-1.0;-7.43988804336641
P2053D;-0.839380522;-5.839137189930625
P2053E;-1.0;-7.43988804336641
P2053F;-1.0;-7.43988804336641
P2053G;-0.993545947;-3.0895072145794984
P2053H;-1.0;-4.8498632957052905
P2053I;-1.0;-7.43988804336641
P2053K;-1.0;-3.952140706562204
P2053L;-1.0;-7.419528589019023
P2053M;-1.0;-7.43988804336641
P2053N;-0.938033412;-4.699649735543061
P2053Q;-1.0;-7.43988804336641
P2053R;-0.975834231;-3.6332141111197416
P2053S;-0.293906016;-1.6675140757870397
P2053T;-0.936222423;-3.462263539434616
P2053V;-1.0;-4.4977666734775985
P2053W;-1.0;-7.43988804336641
P2053Y;-1.0;-7.43988804336641
K2054A;-0.516847719;-3.3450100834743357
K2054C;-0.926016818;-4.608655807519426
K2054D;-1.0;-7.273379398825909
K2054E;-1.0;-7.260551813698612
K2054F;-0.888648922;-4.174723273012205
K2054G;-0.393125241;-6.1971104100957755
K2054H;-0.543666901;-7.268680058153678
K2054I;-0.920275596;-4.691171443737403
K2054L;-0.904668781;-3.992247115427745
K2054M;-0.618096372;-4.632696264830884
K2054N;-0.69136307;-2.8421761925710602
K2054P;-0.584318937;-4.5706378890618
K2054Q;-0.341769788;-4.610509275422372
K2054R;-0.105237024;-1.364888213353879
K2054S;-0.275039598;-4.1166840550868065
K2054T;-0.53527599;-4.730269686282553
K2054V;-0.798115273;-3.9347649856790663
K2054W;-0.73599994;-3.5365035941795213
K2054Y;-0.8221674309999999;-3.895633847292629
T2055A;-0.186424683;-3.899773265657132
T2055C;-0.400875461;-4.332404010405298
T2055D;-1.0;-7.78578024478702
T2055E;-1.0;-7.78578024478702
T2055F;-0.479442684;-3.2729087753687054
T2055G;-0.233983309;-7.78578024478702
T2055H;-0.146232429;-7.78578024478702
T2055I;-0.51141589;-5.007804182561814
T2055K;-0.47730517;-3.371921644895337
T2055L;-0.337421709;-2.5017366914757986
T2055M;-0.26838802;-4.696639537069132
T2055N;-0.6375484;-7.780771237237786
T2055P;-1.0;-7.782509336737803
T2055Q;-0.604308805;-7.78578024478702
T2055R;-0.048099146;-4.412883435317781
T2055S;-0.135540147;-3.6568586257053535
T2055V;-0.494270419;-7.7803648451458685
T2055W;-0.12451454;-3.6939745339332153
T2055Y;-0.458519634;-7.78578024478702
C2056A;-1.0;-8.600141042170662
C2056D;-1.0;-8.600141042170662
C2056E;-1.0;-8.600141042170662
C2056F;-1.0;-8.594904374884209
C2056G;-1.0;-4.420909933687653
C2056H;-1.0;-8.600141042170662
C2056I;-1.0;-8.600141042170662
C2056K;-1.0;-8.600141042170662
C2056L;-1.0;-8.600141042170662
C2056M;-1.0;-8.600141042170662
C2056N;-1.0;-8.600141042170662
C2056P;-1.0;-8.600141042170662
C2056Q;-1.0;-8.600141042170662
C2056R;-0.978748589;-8.164327524907094
C2056S;-1.0;-8.594038429783723
C2056T;-1.0;-4.993294593237807
C2056V;-1.0;-8.600141042170662
C2056W;-1.0;-8.585696201140763
C2056Y;-0.95262292;-8.57974751839302
M2057A;-0.127072101;0.3276642748969607
M2057C;0.022016569;-0.27240532217547303
M2057D;-1.0;-4.3807139258769885
M2057E;-1.0;-4.3807139258769885
M2057F;-0.077533184;-4.0392933578295915
M2057G;-0.7048148470000001;-1.5878953820501918
M2057H;-0.837984594;-4.3807139258769885
M2057I;-0.08148034;-1.7810770810901886
M2057K;-0.77032895;-1.280084685946349
M2057L;-0.18371363;-1.438038308366231
M2057N;-0.583749369;-4.200807202971191
M2057P;-1.0;-4.3807139258769885
M2057Q;-1.0;-4.3807139258769885
M2057R;-0.558673467;1.4105402959394269
M2057S;-0.02545913;1.1012277168047149
M2057T;-0.139374633;-1.108852027420653
M2057V;-0.219472241;-1.6399006567662582
M2057W;-0.138982331;-0.5890773590072058
M2057Y;-0.190674827;-1.6304921970004216
N2058A;-1.0;-3.1911585431917047
N2058C;-0.946532375;-3.952592488927621
N2058D;-0.975335219;-7.770759891900981
N2058E;-1.0;-7.82286424756012
N2058F;-1.0;-7.82286424756012
N2058G;-1.0;-3.9532691084277762
N2058H;-0.851223411;-2.9783739306985813
N2058I;-1.0;-7.82286424756012
N2058K;-1.0;-7.82286424756012
N2058L;-1.0;-7.82286424756012
N2058M;-1.0;-7.82286424756012
N2058P;-1.0;-7.82286424756012
N2058Q;-1.0;-4.379004958693258
N2058R;-1.0;-3.979503794598713
N2058S;-0.986004534;-2.6470395105679927
N2058T;-1.0;-7.819007545693238
N2058V;-1.0;-7.82286424756012
N2058W;-1.0;-7.82286424756012
N2058Y;-1.0;-7.82286424756012
T2059A;-0.290498148;-1.1559113833127412
T2059C;-0.7918338629999999;-5.133733250112528
T2059D;-1.0;-5.133733250112528
T2059E;-1.0;-5.133733250112528
T2059F;-0.598931501;-1.7554210559819694
T2059G;-0.95610814;-1.8780799567821305
T2059H;-0.932122096;-2.1431970204639583
T2059I;0.355687235;-2.6248375180393846
T2059K;-1.0;-2.5357494764384683
T2059L;0.468227622;-1.4389119976904112
T2059M;0.3440873;-0.06910801763933705
T2059N;-1.0;-5.133733250112528
T2059P;-1.0;-5.133733250112528
T2059Q;-0.963946742;-5.133733250112528
T2059R;-0.938999371;-1.6035804084740448
T2059S;-0.063735684;-1.170833962190045
T2059V;0.162496999;-1.6621471466487492
T2059W;-0.803588723;-0.8026012303662355
T2059Y;-0.644776818;-0.2926045255508143
W2060A;-1.0;-4.907044205145212
W2060C;-1.0;-7.896222883850896
W2060D;-1.0;-7.9334760417232255
W2060E;-1.0;-7.9334760417232255
W2060F;-0.723597629;-3.176221886940766
W2060G;-1.0;-4.645132745034061
W2060H;-1.0;-7.9334760417232255
W2060I;-1.0;-3.671453310395009
W2060K;-1.0;-7.9334760417232255
W2060L;-0.949360433;-3.033115407510195
W2060M;-1.0;-7.9334760417232255
W2060N;-1.0;-7.9334760417232255
W2060P;-1.0;-7.9334760417232255
W2060Q;-1.0;-7.9334760417232255
W2060R;-0.960425465;-7.873850104662778
W2060S;-1.0;-7.850018838137657
W2060T;-1.0;-7.9334760417232255
W2060V;-1.0;-4.212495277519338
W2060Y;-0.4725610870000001;-4.145292058965424
Q2061A;0.084476581;-0.9785644703079016
Q2061C;-0.17795073600000005;-1.8812341830343942
Q2061D;-0.775715431;-5.022148037769512
Q2061E;-0.56074969;-5.091583432154948
Q2061F;0.113742255;-1.3523568337986944
Q2061G;0.015683281;-1.2798013929568697
Q2061H;0.198823864;-0.24105935319676064
Q2061I;-0.06959243400000001;-5.091583432154948
Q2061K;-0.486310721;-1.8136100301635447
Q2061L;-0.097115172;-0.4859843597514555
Q2061M;0.017773099;-1.439797718310729
Q2061N;0.030386983;-3.792853735996687
Q2061P;-1.0;-5.091583432154948
Q2061R;-0.179371721;-0.26474894100101665
Q2061S;-0.010968539;-0.4507852548267692
Q2061T;0.083354316;-0.6749617185560055
Q2061V;-0.09483274;-5.091583432154948
Q2061W;-0.075434088;-3.858938834135188
Q2061Y;-0.184797043;-2.624325983830204
G2062A;-0.342258214;-7.852282418291452
G2062C;-0.7209437740000001;-7.864725238805478
G2062D;-0.984718212;-4.244003540836275
G2062E;-1.0;-7.375379227158419
G2062F;-1.0;-7.864725238805478
G2062H;-0.695044405;-4.12477540076361
G2062I;-1.0;-7.864725238805478
G2062K;-0.938124629;-3.914015376882162
G2062L;-0.996283305;-4.95196719764499
G2062M;-0.972528766;-7.864725238805478
G2062N;-0.399962984;-3.310493587341625
G2062P;-1.0;-7.864725238805478
G2062Q;-0.976899348;-7.864725238805478
G2062R;-0.942356253;-2.8299145636556204
G2062S;-0.4533935220000001;-3.861290616041515
G2062T;-0.976155152;-7.864725238805478
G2062V;-1.0;-4.998596324789106
G2062W;-1.0;-4.937710734579014
G2062Y;-0.969000088;-7.864725238805478
T2063A;-0.059041609;-2.6738236531382427
T2063C;-0.416313056;-7.604149418818906
T2063D;-1.0;-4.050401878397679
T2063E;-1.0;-7.604149418818906
T2063F;-1.0;-7.604149418818906
T2063G;-0.358592843;-2.384547569308779
T2063H;-1.0;-7.604149418818906
T2063I;-1.0;-7.590079504450841
T2063K;-0.865014209;-7.604149418818906
T2063L;-1.0;-7.604149418818906
T2063M;-1.0;-7.604149418818906
T2063N;-1.0;-7.604149418818906
T2063P;-1.0;-7.604149418818906
T2063Q;-0.910685182;-7.604149418818906
T2063R;-0.582126359;-2.327999596251175
T2063S;0.027530768;-3.417866444389801
T2063V;-1.0;-7.604149418818906
T2063W;-1.0;-7.604149418818906
T2063Y;-1.0;-7.604149418818906
F2064A;-1.0;-7.534461683006157
F2064C;-1.0;-7.530948146883019
F2064D;-1.0;-7.534461683006157
F2064E;-1.0;-7.534461683006157
F2064G;-1.0;-7.527170035981271
F2064H;-1.0;-7.534461683006157
F2064I;-1.0;-2.5703570665064035
F2064K;-1.0;-7.534461683006157
F2064L;-0.96982425;-3.1084388914605374
F2064M;-1.0;-4.067847294048988
F2064N;-1.0;-7.534461683006157
F2064P;-1.0;-7.5301243695039375
F2064Q;-1.0;-7.534461683006157
F2064R;-1.0;-7.534461683006157
F2064S;-0.989881648;-7.396176496769726
F2064T;-1.0;-7.534461683006157
F2064V;-1.0;-1.7042139805707848
F2064W;-1.0;-7.527366259337215
F2064Y;-1.0;-7.534461683006157
P2065A;-1.0;-8.370878490627888
P2065C;-1.0;-8.402900115826013
P2065D;-1.0;-8.402900115826013
P2065E;-1.0;-8.402900115826013
P2065F;-1.0;-8.399053072088464
P2065G;-1.0;-8.386831960627887
P2065H;-1.0;-8.39613400812982
P2065I;-1.0;-4.950757752143545
P2065K;-1.0;-8.402900115826013
P2065L;-1.0;-4.291901059783413
P2065M;-1.0;-8.402900115826013
P2065N;-1.0;-8.402900115826013
P2065Q;-1.0;-8.402900115826013
P2065R;-1.0;-8.374415309584492
P2065S;-1.0;-8.375302080145504
P2065T;-1.0;-8.39874776115289
P2065V;-1.0;-4.170151053549489
P2065W;-1.0;-8.402900115826013
P2065Y;-1.0;-8.402900115826013
I2066A;-1.0;-8.0445341433242
I2066C;-1.0;-8.047969738805932
I2066D;-1.0;-8.047969738805932
I2066E;-1.0;-8.047969738805932
I2066F;-1.0;-4.7600649029773185
I2066G;-1.0;-8.047969738805932
I2066H;-1.0;-4.3544264244847
I2066K;-1.0;-8.047969738805932
I2066L;-0.495908287;-3.365381390605762
I2066M;-0.678383608;-8.047969738805932
I2066N;-1.0;-8.04075837012033
I2066P;-1.0;-8.047969738805932
I2066Q;-1.0;-8.047969738805932
I2066R;-1.0;-8.047969738805932
I2066S;-1.0;-7.892188380014887
I2066T;-0.979357368;-7.930848452578631
I2066V;0.152003069;-2.641180331920168
I2066W;-1.0;-8.047969738805932
I2066Y;-1.0;-8.047969738805932
N2067A;-1.0;-8.425375191271543
N2067C;-1.0;-8.425375191271543
N2067D;-1.0;-8.249712620063747
N2067E;-1.0;-8.425375191271543
N2067F;-1.0;-8.425375191271543
N2067G;-1.0;-3.733519236615393
N2067H;-1.0;-8.417422368138888
N2067I;-1.0;-8.425375191271543
N2067K;-0.954625343;-8.408653802575373
N2067L;-1.0;-8.425375191271543
N2067M;-1.0;-8.425375191271543
N2067P;-1.0;-8.419353437095197
N2067Q;-1.0;-4.563663790351711
N2067R;-1.0;-8.425375191271543
N2067S;-1.0;-4.336645008668711
N2067T;-1.0;-8.342175916423457
N2067V;-1.0;-8.425375191271543
N2067W;-1.0;-8.425375191271543
N2067Y;-1.0;-8.422315491488463
C2068A;-0.17174790899999998;0.09826180960226337
C2068D;-0.805778993;-5.403803557264837
C2068E;-0.786640916;-1.8023115499236155
C2068F;-0.33907979200000005;-5.403803557264837
C2068G;-0.802497703;-2.5083980146737304
C2068H;-0.7085714470000001;-2.644466390091111
C2068I;-0.468462767;-1.9309384243679235
C2068K;-1.0;-5.4000207182207305
C2068L;-0.37581746;-5.403803557264837
C2068M;-0.20745864100000005;-2.0598465991206467
C2068N;-0.250431862;-1.1129063250846232
C2068P;-0.371954644;-1.367608058877522
C2068Q;-0.650876016;-5.398572961361424
C2068R;-0.929494855;-1.8433201460647977
C2068S;-0.179774164;-0.8507194512640126
C2068T;-0.343208271;-1.1273910079471534
C2068V;-0.7599812440000001;-1.2325494853430428
C2068W;-0.5255045079999999;-5.403803557264837
C2068Y;-0.28842022100000003;-5.403803557264837
Y2069A;-0.822062009;-2.636993222113233
Y2069C;-0.448566802;-6.201898162713405
Y2069D;-1.0;-3.656341352238087
Y2069E;-1.0;-6.3650150201519855
Y2069F;-0.455309185;-6.282733176899001
Y2069G;-0.971108547;-6.3650150201519855
Y2069H;-0.424899633;-2.004421659104992
Y2069I;-1.0;-5.977068659586622
Y2069K;-1.0;-3.5380892922112253
Y2069L;-0.8565775859999999;-2.26818498125067
Y2069M;-0.873922144;-2.735909889510367
Y2069N;-0.558280032;-2.8015194633044302
Y2069P;-1.0;-6.3650150201519855
Y2069Q;-0.884562988;-3.6244666927232174
Y2069R;-0.990490565;-2.967201480874792
Y2069S;-0.764782854;-1.8162566313694697
Y2069T;-0.71680854;-1.2631052306969652
Y2069V;-1.0;-2.819852835787969
Y2069W;-0.175277536;-6.3650150201519855
T2070A;-0.965318004;-7.758281345175874
T2070C;-1.0;-7.802060031006931
T2070D;-1.0;-7.802060031006931
T2070E;-1.0;-7.802060031006931
T2070F;-1.0;-3.776602195866872
T2070G;-1.0;-3.1011848383350302
T2070H;-1.0;-4.362210321647581
T2070I;-1.0;-7.783785853644986
T2070K;-1.0;-7.802060031006931
T2070L;-1.0;-2.9138602440943937
T2070M;-0.94891785;-4.558634557848563
T2070N;-1.0;-7.802060031006931
T2070P;-1.0;-6.561483035540732
T2070Q;-1.0;-7.802060031006931
T2070R;-1.0;-7.802060031006931
T2070S;-0.824789;-4.744411452295026
T2070V;-0.989296796;-7.802060031006931
T2070W;-1.0;-7.802060031006931
T2070Y;-1.0;-4.302523713093252
E2071A;-0.65415593;-2.451241668357397
E2071C;-0.935360954;-2.2413396619667765
E2071D;-0.328818616;-4.801200781837906
E2071F;-0.975436241;-5.218579537060577
E2071G;-0.6062059;-2.4775236874847906
E2071H;-0.872749815;-1.5996672559995204
E2071I;-0.526610538;-3.462509009677888
E2071K;-0.968609665;-1.5182605011214036
E2071L;-0.537068409;-5.218579537060577
E2071M;-0.6822562990000001;-5.158554645373272
E2071N;-0.660929051;-2.4533977285027504
E2071P;-1.0;-5.213745942785863
E2071Q;-0.831523087;-1.9752746575395577
E2071R;-0.92753304;-0.6103858462738572
E2071S;-0.642001802;-1.0325122118811123
E2071T;-0.645840781;1.2106563474662837
E2071V;-0.640001956;-0.6607613500673324
E2071W;-1.0;-5.218579537060577
E2071Y;-0.956533637;-1.864956919744145
G2072A;-1.0;-4.356283381639514
G2072C;-1.0;-7.648904053237858
G2072D;-0.979139971;-7.6233757618874725
G2072E;-1.0;-7.46758456378666
G2072F;-1.0;-7.648904053237858
G2072H;-1.0;-7.648904053237858
G2072I;-1.0;-3.949270080309361
G2072K;-1.0;-4.653683809097856
G2072L;-1.0;-4.826374287484214
G2072M;-1.0;-4.776319883938413
G2072N;-1.0;-7.648904053237858
G2072P;-1.0;-7.645246382618552
G2072Q;-1.0;-7.648904053237858
G2072R;-1.0;-4.352969138737535
G2072S;-1.0;-3.2688332367688417
G2072T;-1.0;-4.76778827936505
G2072V;-1.0;-6.503057719633943
G2072W;-1.0;-3.682737847928365
G2072Y;-1.0;-3.6827632040949534
Q2073A;-0.232096925;1.0430885261775984
Q2073C;-0.393351302;0.9206537346508412
Q2073D;0.192157633;0.5551393261739577
Q2073E;-0.069304908;0.38285604527118267
Q2073F;-0.5912312120000001;-3.0302564489029464
Q2073G;-0.912211729;1.4368803116558408
Q2073H;-0.309510183;-2.91576404896
Q2073I;-0.09896605;-0.4300396698708937
Q2073K;-0.953935387;-0.33547157748762396
Q2073L;-0.207570573;-0.3444021588038595
Q2073M;-0.34926159;-3.0328869376080547
Q2073N;0.09874482;0.12577381197843351
Q2073P;-0.3774620520000001;3.144930490121624
Q2073R;-0.931755413;-3.0301458567591912
Q2073S;-0.17373105100000005;2.200014709498646
Q2073T;-0.302274747;1.1650362588734424
Q2073V;-0.501055424;0.24839845952010364
Q2073W;-0.969342935;-3.0328869376080547
Q2073Y;-0.452256418;-0.3472567816534138
C2074A;0.37189697;-1.6348112538689747
C2074D;-1.0;-6.511912583581762
C2074E;-1.0;-6.511912583581762
C2074F;-1.0;-6.511912583581762
C2074G;-0.7667890620000001;-1.8852049889974296
C2074H;-1.0;-6.511912583581762
C2074I;-1.0;-6.508714122829588
C2074K;-1.0;-6.511912583581762
C2074L;-0.939337378;-6.511912583581762
C2074M;-1.0;-6.511912583581762
C2074N;-1.0;-6.4972489596229925
C2074P;-0.313581237;-1.6539565172279254
C2074Q;-1.0;-6.511912583581762
C2074R;-0.993178085;-3.2191750315832905
C2074S;-0.916952274;-1.7151648454600943
C2074T;-1.0;-3.1475423843367025
C2074V;-1.0;-2.8166120847163256
C2074W;-1.0;-6.502530640835174
C2074Y;-1.0;-6.480802605187818
A2075C;-0.078191723;-3.094535884644756
A2075D;-0.478998933;-0.10336761053622467
A2075E;-0.349724686;0.3377556130362791
A2075F;-0.7663616809999999;-3.094535884644756
A2075G;-0.08306113;0.4103432753836387
A2075H;-0.652894765;-0.3430765198354493
A2075I;-0.398053856;0.25720629759234725
A2075K;-0.418006963;0.2862790098079131
A2075L;-0.326890532;-2.539492378436705
A2075M;-0.103908579;0.2837211783407838
A2075N;-0.500060857;-2.0365922654309543
A2075P;-1.0;-3.0774117953578752
A2075Q;-0.18772015;-0.4296894944782253
A2075R;-0.458620628;1.9136340657787516
A2075S;-0.128394647;0.7055927670226083
A2075T;-0.278506386;2.7736925760109443
A2075V;-0.226734828;2.312636082438985
A2075W;-0.84966097;-3.094535884644756
A2075Y;-0.938798798;-3.094535884644756
P2076A;-0.02705862;-4.280753756611375
P2076C;-1.0;-8.13073104403884
P2076D;-1.0;-8.13073104403884
P2076E;-1.0;-8.13073104403884
P2076F;-1.0;-8.13073104403884
P2076G;-1.0;-8.13073104403884
P2076H;-1.0;-8.115374231294936
P2076I;-1.0;-8.13073104403884
P2076K;-1.0;-8.13073104403884
P2076L;-0.990248801;-3.5568314795091283
P2076M;-1.0;-8.13073104403884
P2076N;-1.0;-8.13073104403884
P2076Q;-1.0;-8.13073104403884
P2076R;-1.0;-8.13073104403884
P2076S;-0.991703727;-8.106241306928041
P2076T;-1.0;-8.13073104403884
P2076V;-0.564190923;-4.135012855462263
P2076W;-1.0;-8.13073104403884
P2076Y;-1.0;-8.13073104403884
K2077A;0.045002597000000005;-1.1983576464408543
K2077C;-0.091004381;-1.416960606329667
K2077E;-0.83558429;-5.293850561352883
K2077F;-0.635910561;-4.256864792673923
K2077G;-1.0;-5.289946107061041
K2077H;-0.120577634;-2.3268088901531883
K2077I;-0.111615793;-2.068167009652825
K2077L;-0.11301428;-1.206186870840611
K2077M;-0.214015439;-5.293850561352883
K2077N;-0.063596846;-2.2747730494593266
K2077P;-1.0;-5.269657474278574
K2077Q;-0.050131664000000006;-1.2196650790865533
K2077R;-0.28572005100000003;-1.0528790710668543
K2077S;-0.040991565;-0.8705911769357044
K2077T;-0.005803826999999999;-2.6728940055327257
K2077V;0.010535461;-1.5787121708563063
K2077W;-1.0;-5.293850561352883
K2077Y;-0.755158012;-4.969801439117873
P2078A;-1.0;-8.901450105475648
P2078C;-1.0;-8.901450105475648
P2078D;-1.0;-8.901450105475648
P2078E;-1.0;-8.901450105475648
P2078F;-1.0;-8.901450105475648
P2078G;-1.0;-8.901450105475648
P2078H;-1.0;-8.901450105475648
P2078I;-0.965343566;-8.901450105475648
P2078K;-1.0;-8.901450105475648
P2078L;-0.964496033;-8.901450105475648
P2078M;-1.0;-8.901450105475648
P2078N;-1.0;-8.901450105475648
P2078Q;-1.0;-8.901450105475648
P2078R;-1.0;-8.901450105475648
P2078S;-0.995740139;-8.901450105475648
P2078T;-1.0;-8.901450105475648
P2078V;-0.6277021389999999;-8.901450105475648
P2078W;-1.0;-8.901450105475648
P2078Y;-1.0;-8.901450105475648
