# Data from Roscoe, B. P.; Thayer, K. M.; Zeldovich, K. B.; Fushman, D.; Bolon, D. N. Analyses of the Effects of All Ubiquitin Point Mutants on Yeast Growth Rate. J. Mol. Bio. 2013, 425, 1363-1377.
# y represents the experimental measure "selection_coefficient"
# dE is the difference in statistical energy between the variant and the wild type (EVmutation)
variant;y;dE
I3I;0.0032;0.0
I3A;-0.19;-9.258257132547444
I3C;-0.03;-10.176377564901486
I3E;-0.99;-12.8577964490687
I3G;-1.04;-12.8577964490687
I3M;0.01;-6.307947369292378
I3L;0.01;-2.835295246215537
I3N;-1.03;-11.412618352042045
I3Q;-0.89;-12.8577964490687
I3S;-0.35;-7.9144259594613695
I3R;-0.33;-12.8577964490687
I3T;-0.12;-7.189678102833568
I3V;0.03;-3.426599631085992
F4A;-0.61;-8.843813737970779
F4C;-0.38;-7.121640653262148
F4D;-0.65;-8.075349969789388
F4G;-0.55;-8.093520818394609
F4I;-0.29;-5.927505420637318
F4H;-0.48;-5.766353355342289
F4M;-0.05;-8.26699566206662
F4L;-0.07;-4.837051355207223
F4N;-0.8;-6.2261866902699685
F4Q;-0.73;-7.0971875432587685
F4P;-0.84;-8.777229091268964
F4S;-0.71;-4.75401161739137
F4T;-0.63;-7.8327768283197665
F4W;-0.34;-7.39557440194767
F4Y;-0.35;-2.619279886363074
V5A;-0.04;-2.8698327143792994
V5C;-0.02;-3.813454860443017
V5D;-1.1;-6.9031369587173685
V5G;-0.9;-5.388426622725092
V5F;-0.15;-5.1310234317788845
V5I;-0.03;-1.1146273931954056
V5M;-0.08;-3.0168464375892654
V5L;-0.05;-3.5462131358217452
V5S;-0.51;-6.008485149475746
V5T;-0.12;-4.760889210505411
V5Y;-0.14;-4.375767944031395
K6A;-0.11;-6.856021665385923
K6C;-0.48;-8.627189330873081
K6E;-0.73;-4.325642311363481
K6G;-0.13;-7.1287211414892235
K6F;-0.61;-7.414449734817027
K6I;-0.33;-5.4751442255219445
K6H;-0.11;-7.681092729617377
K6M;-0.18;-5.248243696638383
K6L;-0.36;-6.203848522854968
K6N;-0.14;-4.812118396803272
K6Q;-0.06;-4.654963962682813
K6P;-1.15;-9.757120129303077
K6S;-0.09;-6.285013854852878
K6R;-0.05;-3.4147843889659266
K6T;-0.11;-6.037258341384586
K6W;-0.89;-8.738852177746594
K6V;-0.11;-6.896828806377016
K6Y;-0.19;-8.591653057723306
T7A;-0.01;-4.656867773504928
T7C;-0.08;-6.408539533498697
T7E;-0.39;-6.375435541733168
T7D;-0.94;-5.685463494854047
T7G;-0.15;-5.564087621169166
T7F;-0.89;-5.548570180544631
T7I;-0.75;-3.77119297425088
T7H;-0.37;-7.197127670049668
T7M;-0.45;-3.9743176252814014
T7L;-0.5;-4.7320887023815885
T7N;-0.08;-4.150175556365866
T7Q;-0.49;-7.388334026327358
T7P;-0.35;-5.670929554093164
T7S;-0.02;-4.2166533754207185
T7R;-0.8;-7.0330484968144455
T7V;-0.49;-5.902891265577638
T7Y;-1.08;-6.463709571165963
L8A;-0.66;-5.330602614441887
L8C;-0.94;-6.228192033944652
L8E;-0.68;-6.4062977810390285
L8G;-0.62;-7.487758248622413
L8F;-0.59;-3.7960767317563295
L8I;-0.07;-4.089385783183388
L8H;-0.86;-5.757136100437492
L8K;-0.81;-7.219878932228313
L8M;-0.34;-4.496887464920292
L8N;-0.54;-6.898987838765607
L8P;-0.87;-4.475127075740601
L8S;-0.65;-5.627963374136017
L8R;-0.62;-5.810062717297113
L8T;-0.91;-6.209433900890873
L8W;-1.11;-7.7865148591808975
L8V;-0.16;-3.755994099890813
L8Y;-0.69;-5.5032392838038495
T9A;-0.02;-3.4063544054370136
T9C;-0.06;-6.930254363323911
T9D;-0.62;-5.2588088220654745
T9G;-0.12;-6.252365153384744
T9F;-0.95;-7.488255450487486
T9I;-0.11;-4.203565128715127
T9H;-0.15;-6.972372409407399
T9K;-1.16;-5.253545652754838
T9M;-0.07;-3.845084708867944
T9L;-0.08;-5.996481499038055
T9N;-0.07;-5.269971782792709
T9Q;-0.04;-5.369233102057478
T9P;-0.21;-5.367894179173163
T9S;-0.04;-4.1417564596740695
T9R;-0.45;-5.9506424583814805
T9W;-1.12;-7.677645603864222
T9V;-0.06;-4.901020680190413
T9Y;-0.92;-5.774310584863996
G10A;-0.47;-4.5595278730615965
G10C;-0.54;-6.21607070567552
G10E;-0.76;-4.515562951331958
G10D;-0.73;-4.0457564040552825
G10H;-0.52;-6.288948834640906
G10K;-1.05;-6.64919749321416
G10L;-0.68;-6.670117637637304
G10N;-0.12;-4.566120913441409
G10Q;-0.38;-4.671422663843258
G10P;-0.96;-6.426485758041962
G10S;-0.5;-3.8030106252990654
G10R;-0.71;-3.780574499862269
G10T;-0.85;-6.065533476881683
K11A;-0.05;-5.336109253343238
K11C;-0.12;-7.683922526730385
K11E;-0.89;-4.2644246035033575
K11D;-0.63;-6.046775988170339
K11G;-0.07;-5.7119008759746075
K11F;-0.47;-7.515118216002519
K11I;-0.33;-5.5982086433341465
K11H;-0.07;-6.8488844789808345
K11M;-0.06;-4.420027437225143
K11L;-0.17;-6.742724087625903
K11N;-0.05;-3.5536006650199847
K11Q;-0.06;-4.786059114832825
K11P;-0.45;-8.126998404111871
K11S;-0.03;-6.35640902608975
K11R;-0.06;-2.9690248450042414
K11T;-0.03;-4.218954200927328
K11W;-1.03;-7.923513728017497
K11V;-0.31;-6.020009167097669
K11Y;-0.68;-6.622635722158519
T12A;-0.41;-4.784416679525748
T12C;-0.08;-7.128817168617388
T12F;-0.92;-7.629738638119306
T12I;-0.54;-3.017169470782392
T12H;-0.2;-5.692275628796778
T12N;-0.33;-4.248204289819114
T12P;-0.56;-6.172091666026972
T12S;-0.01;-4.4897480360232285
T12Y;-0.09;-7.807719780947082
I13A;-0.14;-7.506268137913139
I13C;-0.15;-8.092543849161302
I13E;-0.17;-8.330614749480446
I13D;-0.17;-7.69917798073584
I13G;-0.13;-7.496884796673839
I13H;-0.47;-6.285042167546635
I13K;-0.14;-6.122573016582464
I13M;0.02;-4.7268803258411936
I13L;-0.01;-2.9051262763459818
I13N;-0.06;-7.1253177625112585
I13Q;-0.19;-6.982410533026267
I13P;-0.87;-8.257760956788843
I13S;-0.06;-6.32121937269676
I13R;-0.18;-6.481346289299836
I13T;0.0;-4.920699113856244
I13W;-0.75;-7.6161964984130455
I13V;-0.02;-3.8712475704014646
I13Y;-0.37;-6.2521056154728285
T14A;0.0;-2.3416653835738543
T14C;0.0;-6.285685296781594
T14G;-0.01;-6.238364467892097
T14I;-0.16;-3.4273579160508234
T14K;-0.51;-5.293908535437367
T14L;-0.49;-5.454127164237434
T14P;-0.16;-3.9139977999439
T14S;0.01;-3.304626669181744
T14R;-0.38;-6.39717922595446
T14V;-0.03;-4.57688806267106
L15A;-0.01;-7.641757859848441
L15C;0.01;-6.496682811062782
L15E;-0.21;-9.498425379628316
L15D;-0.91;-9.724498055467848
L15G;-0.96;-9.413438368210336
L15F;0.0;-4.360304276560783
L15I;0.01;-2.283087325802626
L15H;-0.46;-6.605241800483783
L15M;-0.02;-6.048271225299686
L15N;-1.45;-9.547212813806254
L15Q;-0.07;-8.113501862622797
L15P;-0.44;-5.712616843637079
L15S;-0.38;-8.065800991142169
L15R;-0.66;-6.129442907928024
L15T;0.0;-6.976549327373505
L15W;-0.57;-7.117512480355799
L15V;0.02;-3.2391896080807783
L15Y;-0.03;-7.59519236977212
E16A;0.0;-4.296989402280815
E16C;-0.02;-5.5573139740281485
E16D;0.0;-0.6983761778228654
E16G;0.0;-3.420593137167089
E16F;-0.03;-4.567992631940797
E16I;-0.02;-5.7773750545584335
E16H;0.0;-4.029590677482702
E16K;0.02;-3.406317600876718
E16M;0.0;-3.5543583603703155
E16L;0.0;-4.283428841632484
E16N;0.0;-2.74284228939905
E16Q;0.01;-3.2682578244839533
E16P;0.01;-5.1569219580978825
E16S;0.01;-3.8289329279341473
E16R;-0.02;-4.27649340942844
E16T;0.0;-4.350955322397567
E16W;-0.03;-4.84432893038138
E16V;-0.01;-3.1443085721821262
E16Y;-0.03;-3.7766430034662335
V17A;0.02;-3.151725246963906
V17C;0.02;-2.8734660800546408
V17E;-0.48;-7.729876528843306
V17D;-0.95;-7.104885050852318
V17G;-0.01;-5.4066462609916925
V17F;-0.05;-3.8860003188019623
V17I;-0.02;-3.4895857566734776
V17H;-0.03;-7.646369587408117
V17K;-1.34;-8.299574988204768
V17M;0.0;-5.185698999179294
V17L;0.0;-4.056160363717936
V17N;-0.09;-6.869014077608881
V17Q;-0.03;-7.340752838586923
V17P;-0.07;-6.245500985183753
V17S;0.0;-5.879500754526816
V17R;-0.92;-6.9342341287992895
V17T;0.0;-4.33764145981695
V17W;-0.58;-6.545075546193401
V17Y;0.02;-5.698890385174309
E18A;0.02;-4.452430872537661
E18C;0.01;-5.2954530538991085
E18D;0.02;-3.3202077238820493
E18G;0.01;-4.37025270331651
E18F;-0.03;-5.74146147351712
E18I;0.02;-6.003063925076276
E18H;0.02;-4.545774264028296
E18K;0.02;-2.4782447526231413
E18M;0.02;-5.288812861166662
E18L;0.02;-5.274415345658782
E18N;0.02;-4.066053270260454
E18Q;0.02;-3.807625690475106
E18P;-0.01;-6.515770780388267
E18S;0.02;-4.3542243861593315
E18R;0.01;-4.2598107708618045
E18T;0.02;-4.332775114919059
E18W;-0.05;-7.504743863246403
E18V;0.02;-5.561977039324121
E18Y;-0.02;-4.951089033624157
S19A;0.01;-2.8189944368205038
S19C;0.0;-4.866638507635797
S19E;0.0;-4.1526972840947565
S19D;0.0;-5.5020569683401845
S19G;0.0;-3.6098715955740768
S19F;-0.02;-5.250797677726951
S19I;-0.01;-4.464072382397717
S19H;0.01;-4.392750028928276
S19K;-0.02;-4.247343940929569
S19M;-0.01;-6.567816690716428
S19L;0.0;-3.3042976974393237
S19N;0.01;-3.89164528233232
S19Q;0.0;-5.1691924620827185
S19P;0.0;-1.0130470811272971
S19R;-0.01;-3.737984249863075
S19T;0.01;-3.549835267884191
S19W;-0.05;-5.385559416550676
S19V;0.0;-5.824261610454414
S19Y;-0.01;-4.519718104449567
S20A;0.0;-4.233939738420303
S20C;0.03;-3.4879561875713994
S20E;0.0;-4.388964525365736
S20D;0.0;-3.3727463640389037
S20G;0.02;-3.8447432636749
S20F;0.0;-3.2048144798027347
S20I;0.01;-4.9868889797944576
S20H;0.02;-5.7945291778305545
S20K;0.02;-5.5036300969077265
S20M;0.02;-6.120766124571674
S20L;0.02;-2.9338631815044214
S20N;0.01;-3.0088136239646697
S20Q;0.0;-5.5629726889310405
S20P;-0.04;-5.596353521395941
S20R;0.02;-5.400806233054028
S20T;0.02;-3.1064381316973595
S20W;-0.03;-5.282005002140068
S20V;0.01;-6.16505654680077
S20Y;0.01;-5.024377408248256
D21A;0.0;-5.5958687736711
D21C;0.0;-6.055355873570079
D21E;0.0;-2.807598588988185
D21G;-0.07;-6.6085213699843735
D21F;-0.06;-6.305081524449633
D21I;-0.06;-6.267604953405679
D21H;-0.02;-5.5938765021564905
D21K;-0.22;-8.068378291703992
D21M;0.0;-5.801781192334603
D21L;-0.05;-6.162503559986362
D21N;0.03;-3.4506529901700564
D21Q;-0.02;-7.470411210437305
D21P;-1.04;-9.047068886720806
D21S;0.0;-5.297495434380835
D21R;-0.32;-8.088384940783726
D21T;-0.01;-5.589234613929875
D21W;-0.05;-6.66481339049642
D21V;-0.09;-6.626398611610058
D21Y;-0.04;-3.688830947765382
T22A;-0.05;-4.581050721986685
T22C;-0.09;-6.970543903356884
T22E;-0.09;-6.189829866227227
T22D;-0.04;-4.9158635503204104
T22G;-0.07;-6.103677477076419
T22F;-0.12;-4.527658847684505
T22I;-0.05;-3.57715244643623
T22H;-0.06;-6.0628591384447645
T22K;-0.04;-4.743213122827001
T22M;-0.06;-4.005942898860667
T22L;-0.1;-3.7530104643083178
T22N;-0.04;-4.9957871297956435
T22Q;-0.13;-6.268920408852863
T22P;-0.06;-5.843023439461831
T22S;-0.05;-1.8732893495471217
T22R;-0.05;-4.329596936760936
T22W;-0.18;-7.129934483207762
T22V;-0.07;-6.393938517256174
T22Y;-0.09;-5.127362516417634
I23A;-0.04;-6.75997129001189
I23C;-0.03;-8.1551295593963
I23E;-0.69;-8.16944981564302
I23G;-0.25;-7.878612141124903
I23F;-0.08;-6.154639619286172
I23H;-0.66;-8.027371115982533
I23M;-0.01;-6.00606718508061
I23L;0.01;-6.2785851639928305
I23N;-0.66;-7.7450127069605506
I23Q;-0.23;-8.461618659435771
I23P;-0.06;-6.572562150540763
I23S;-0.08;-6.37597140064463
I23R;-0.21;-6.360909362032543
I23T;-0.02;-3.560818318843303
I23W;-1.39;-7.914285147213378
I23V;-0.02;-2.6731160272611305
D24A;-0.04;-4.057830068340992
D24C;-0.02;-5.538856445113198
D24E;-0.02;-0.6427496506366879
D24G;-0.04;-3.3249923823459535
D24F;-0.14;-6.751732526056002
D24I;-0.05;-6.20375214132946
D24H;-0.09;-4.828022036293987
D24K;-0.18;-4.368996497709303
D24M;-0.05;-6.639304274285678
D24L;-0.11;-4.911766852528672
D24N;-0.03;-3.907737368484959
D24Q;-0.09;-4.833785538561641
D24P;-0.09;-7.126662213020609
D24S;-0.03;-4.5360219526919545
D24R;-0.15;-5.161580835469066
D24T;-0.02;-5.6537466833833605
D24W;-0.24;-6.5577031006105235
D24V;-0.03;-6.36885348695796
D24Y;-0.12;-3.7529810150153935
N25A;-0.01;-3.7047829942894173
N25C;-0.02;-5.256579077802599
N25E;0.0;-3.8493497201707214
N25D;0.01;-2.5464692327659577
N25G;-0.02;-5.011955528681939
N25F;-0.07;-6.778299639234318
N25I;-0.03;-3.20328892255202
N25H;-0.02;-4.03504680050537
N25K;-0.02;-3.2809771563042887
N25M;-0.02;-4.529152138158679
N25L;-0.05;-5.897371167870006
N25Q;-0.01;-3.807562773115933
N25P;-1.09;-9.308810134883972
N25S;-0.03;-2.0352527672657743
N25R;-0.01;-4.4790368175599715
N25T;-0.01;-2.48916515475139
N25W;-0.08;-7.293564065359532
N25V;-0.02;-4.516608726087725
N25Y;-0.06;-3.613665438562748
V26A;-0.1;-4.675673877238296
V26C;-0.02;-5.182875977596269
V26F;-0.36;-5.3259357650531465
V26I;-0.02;-1.6726381237385797
V26M;-0.04;-6.3234401661902675
V26L;-0.02;-3.0984200990060344
V26R;-0.61;-8.141087688389232
V26T;-0.05;-5.581451072546769
K27A;-0.16;-6.927913771010934
K27C;-0.16;-7.943136915797367
K27E;-0.78;-5.699445308360738
K27G;-0.12;-7.440539933973922
K27F;-0.32;-7.092616728972644
K27I;-0.57;-6.450893271015958
K27H;-0.18;-8.608047226909548
K27M;-0.31;-4.896258176304401
K27L;-0.84;-7.800518628908322
K27N;-0.8;-6.049490382196383
K27Q;-0.08;-5.751427777402568
K27S;-0.42;-6.893968604621477
K27R;-0.03;-4.038251964811933
K27T;-0.2;-5.921227532962803
K27W;-0.53;-9.13836085353978
K27V;-0.76;-8.2599536211128
K27Y;-0.26;-7.777000761707313
S28A;-0.02;2.280344365630299
S28C;-0.02;-2.2480207543703727
S28E;-0.06;-0.5916901971213521
S28D;-0.01;-1.5251081275055185
S28G;-0.05;-1.8134098036680368
S28F;-0.19;-2.1850021154241404
S28I;-0.12;-2.3806899591581896
S28H;0.0;-2.7665143627673388
S28K;-0.03;-1.8389574473258108
S28M;-0.03;-2.3931209333240986
S28L;-0.06;-2.1080873630708084
S28N;-0.02;-2.377570825163275
S28Q;-0.02;-0.4671643290203065
S28P;-0.42;-4.660370939120185
S28R;-0.05;-2.3339965796330944
S28T;0.0;-0.4167844189796597
S28W;-0.09;-3.421516238478944
S28V;-0.05;-0.4660379074048251
S28Y;-0.07;-2.8350910394656235
K29A;0.02;-4.997898249159333
K29C;0.01;-6.590095409657806
K29G;-0.01;-6.212733301508705
K29F;-0.01;-6.769161951087882
K29I;-0.02;-4.637483078986406
K29H;0.0;-6.57671049266355
K29M;-0.02;-2.6050479852128774
K29L;-0.01;-3.099916237173602
K29N;0.02;-4.964082734193654
K29Q;0.01;-2.9122284126933664
K29S;0.0;-5.969054592307657
K29R;-0.01;-3.458941069431603
K29T;-0.02;-5.5711123434011816
K29W;-0.03;-6.393028250982753
K29V;-0.02;-5.240251303534024
K29Y;0.02;-6.0983052516239695
I30A;-0.58;-7.435124932206236
I30C;-0.1;-7.383318875101395
I30F;-0.1;-4.5671659094514325
I30M;-0.01;-4.7183062181575215
I30L;0.03;-3.46495041216258
I30P;-0.13;-8.348621524521151
I30S;-0.37;-6.342161808279343
I30R;-0.5;-7.271805578377098
I30T;-0.27;-4.301314110169187
I30V;0.01;-2.9734834226546814
I30Y;-0.17;-6.5361724054673696
Q31A;-0.03;-5.9009214057318795
Q31C;-0.02;-6.290188235696405
Q31E;0.03;-3.8188411017181347
Q31D;0.05;-6.2635647747665635
Q31G;0.02;-8.044384881388396
Q31F;-0.05;-4.981120848005959
Q31I;-0.12;-8.219755218771754
Q31H;0.03;-2.796801640186459
Q31K;-0.01;-4.312731345067732
Q31M;0.0;-6.491176148410887
Q31L;0.02;-4.503223037230782
Q31N;0.04;-6.486987800570206
Q31P;-0.94;-6.609077558969148
Q31S;-0.03;-5.0857727457769215
Q31R;0.0;-3.584613092301879
Q31T;-0.02;-5.8924712291918695
Q31W;-0.02;-4.369556621648371
Q31V;0.0;-6.7596443109214315
Q31Y;-0.02;-3.4074861566768964
D32A;-0.07;-5.0706655901813065
D32C;-0.13;-6.671495211310685
D32E;0.01;-2.962048036919441
D32G;-0.12;-4.589823159825754
D32F;-0.21;-7.2916795588098475
D32I;-0.23;-6.2222105311157065
D32H;-0.12;-5.30249577210634
D32K;-0.2;-5.872950044926256
D32M;-0.11;-7.950897242059
D32L;-0.21;-6.370951420161872
D32N;-0.1;-4.759403185613337
D32Q;-0.09;-6.031195003306492
D32P;-0.72;-6.794684309665174
D32S;-0.09;-6.18580127391033
D32R;-0.27;-6.707812641834607
D32T;-0.12;-7.3893325724639
D32V;-0.17;-4.8413147339597336
D32Y;-0.17;-4.904038192704321
K33A;-0.03;-5.62891484197462
K33C;-0.04;-6.834635349106975
K33E;-0.1;-4.005349113489501
K33D;-0.09;-8.053576546779366
K33G;-0.06;-6.427925464231521
K33F;-0.11;-7.619998584850691
K33I;-0.03;-3.8149036121321833
K33H;-0.04;-6.052764722961001
K33M;-0.07;-4.617759288580602
K33L;-0.07;-4.461843766926903
K33N;-0.06;-5.342637821449898
K33Q;-0.06;-3.7713792365975682
K33P;-0.97;-7.767247076961214
K33S;-0.04;-4.594296709285118
K33R;-0.1;-2.066316538490355
K33T;-0.03;-4.574744518788067
K33W;-0.11;-7.59955303289462
K33V;-0.02;-4.684613580931909
K33Y;-0.08;-6.995403268258087
E34A;0.0;-5.0970241958566485
E34C;-0.09;-9.082287388038823
E34D;0.0;-3.8020708254771303
E34G;0.01;-6.2489308541989885
E34F;-0.89;-8.666190687217751
E34I;-0.31;-7.308651782455853
E34H;-0.07;-7.961464699241332
E34K;-0.18;-5.149769756186288
E34M;-0.09;-7.9943344936473295
E34L;-0.5;-6.671910856850445
E34N;-0.03;-6.699421652825548
E34Q;-0.03;-4.9127799220214
E34P;-0.8;-8.820133499393705
E34S;0.0;-7.112880018597933
E34R;-0.59;-8.031208652886562
E34T;-0.14;-5.468559698550962
E34V;-0.08;-4.621447320329025
E34Y;-0.67;-8.622826610575428
G35A;-0.02;-4.953907948278356
G35C;-0.08;-4.8799107693630495
G35E;-0.19;-4.6576759873423725
G35D;-0.34;-3.812200601911172
G35F;-0.19;-6.212514303828358
G35I;-0.18;-7.72473488614196
G35H;-0.13;-5.609820200887044
G35K;-0.16;-4.869488245982211
G35M;-0.13;-7.39854551065946
G35L;-0.2;-5.186552287603263
G35N;-0.06;-4.2176781835150905
G35Q;-0.1;-5.800704984481853
G35P;-0.48;-6.564085276040713
G35S;-0.07;-4.053720909461846
G35R;-0.16;-3.1413066371460445
G35T;-0.22;-5.92366022898932
G35W;-0.36;-5.23648206643702
G35V;-0.15;-5.761010821792297
G35Y;-0.24;-5.974919470550956
I36A;-0.73;-4.933863454964012
I36C;-0.16;-6.0086540810298175
I36G;-0.81;-7.399389100493862
I36H;-0.49;-6.008267983459518
I36M;0.0;-4.397940748604015
I36L;0.01;-4.656149198621279
I36Q;-0.21;-7.015120211988688
I36P;-0.62;-5.952261473517865
I36S;-0.63;-6.126829506829381
I36R;-0.92;-7.104741078335793
I36T;-0.19;-2.730140494182706
I36W;-0.67;-8.098832742543891
I36V;0.01;-3.2122901511611417
I36Y;-1.03;-5.235475000110455
P37A;0.03;-2.790689184359508
P37C;0.0;-5.3293614597350825
P37E;0.01;-5.802339113812195
P37D;0.01;-5.405911852052668
P37G;0.02;-6.7045821294013885
P37F;-0.11;-5.548233562178211
P37I;-0.01;-6.039534254843602
P37H;0.0;-5.066275536810282
P37K;0.05;-5.952509893599199
P37M;0.01;-6.69025180771132
P37L;0.0;-3.431260258919792
P37N;0.02;-5.723532658565091
P37Q;0.03;-4.545323471567826
P37S;0.03;-2.981172138388501
P37R;-0.01;-4.372468282148475
P37T;0.02;-4.83545183451497
P37W;-0.15;-7.106725090910912
P37V;-0.01;-5.883320752094733
P37Y;-0.11;-6.086577854148345
P38A;0.02;-2.824959926365409
P38C;0.02;-5.248661139165051
P38E;0.04;-4.441302382736467
P38D;0.03;-6.252802043687552
P38G;0.02;-5.705211954540572
P38F;0.01;-5.296006059968931
P38I;0.03;-3.2964839838678017
P38H;0.04;-4.6854073172435164
P38K;0.03;-3.3561614911304787
P38M;0.03;-4.499052417690108
P38L;0.05;-3.0214992180699483
P38N;0.01;-5.533110995427705
P38Q;0.03;-4.5958075928501785
P38S;0.03;-2.5606723866658285
P38R;0.03;-3.6272310166386887
P38T;0.03;-2.9726808581253863
P38W;0.01;-5.329370678635313
P38V;0.03;-3.5612141314195465
P38Y;0.01;-5.5094500087434435
D39A;0.0;-4.427399158681509
D39C;-0.03;-5.214694540016354
D39E;0.03;-3.0922333001508377
D39G;-0.01;-4.660618549329229
D39F;-0.09;-7.136143275070936
D39I;-0.05;-5.566122672520578
D39H;-0.03;-3.977433214720804
D39K;-0.09;-5.957481016521343
D39M;-0.04;-6.8093234118568935
D39L;-0.02;-5.760138644667678
D39N;-0.02;-3.626022830605507
D39Q;0.0;-5.717755163088441
D39P;0.0;-6.783394535867956
D39S;0.0;-4.148156931740232
D39R;-0.17;-6.066645973769482
D39W;-0.14;-7.653574120020495
D39V;-0.03;-4.729089764179662
D39Y;-0.09;-3.8934707748412616
Q40A;-0.04;-6.25821880728472
Q40C;-0.18;-7.558407425996847
Q40E;-0.13;-3.791470750351437
Q40D;-0.3;-5.61649042472709
Q40G;-0.07;-6.381157210445963
Q40F;-0.21;-7.165586810209787
Q40I;-0.14;-6.3183344206772745
Q40H;-0.03;-3.5484212810406466
Q40K;-0.18;-5.294581488822587
Q40M;-0.16;-5.116190798522438
Q40L;-0.18;-4.626377372420394
Q40N;-0.04;-5.908003846765496
Q40P;-0.7;-7.755707594100387
Q40S;-0.05;-5.527563481940888
Q40R;-0.23;-4.453509672777726
Q40T;-0.01;-7.066825049347244
Q40V;-0.08;-5.546871179831214
Q40Y;-0.24;-6.154031654383289
Q41A;0.02;-7.286742951546331
Q41C;-0.01;-7.5344511274597625
Q41E;-0.73;-8.144307597391162
Q41D;-0.59;-9.131438738841098
Q41G;-0.15;-9.576049761439206
Q41F;-0.46;-7.101325924915727
Q41I;-0.09;-6.639282361313236
Q41H;-0.58;-4.65597067406634
Q41M;-0.04;-5.811995344993192
Q41L;-0.08;-5.166763645480613
Q41N;-0.22;-7.848969178216066
Q41P;-1.12;-6.5374574324232535
Q41S;0.0;-7.629823505820241
Q41R;-0.85;-6.5366671664087335
Q41T;-0.21;-8.156794751470441
Q41V;-0.19;-7.93167075276142
Q41Y;-0.67;-6.160722668573727
R42A;-0.43;-6.045867528329836
R42C;-0.37;-3.8804587059421465
R42E;-0.91;-6.941907645901664
R42D;-0.68;-8.035698934341779
R42G;-0.73;-5.952934549190104
R42F;-0.82;-6.977763967355712
R42I;-0.76;-5.0864312746562055
R42H;-0.58;-4.803635734831914
R42L;-0.96;-4.9333608138840646
R42N;-0.54;-7.2191367791965595
R42Q;-0.67;-6.231572726042942
R42P;-1.22;-8.284486823140469
R42S;-0.74;-4.941394258639775
R42T;-0.85;-5.9997437575948425
R42W;-1.08;-6.480760941427434
R42V;-0.49;-5.5410968421492734
R42Y;-0.53;-6.5933549833716825
L43A;-0.88;-5.872452632269415
L43C;-0.18;-6.656693671677202
L43F;-0.13;-4.458595973264892
L43I;-0.01;-2.3782572428099233
L43M;0.01;-4.643496654367482
L43R;-0.94;-6.769737821734452
L43W;-0.85;-7.021936530662059
L43V;-0.03;-5.078791695261316
L43Y;-0.3;-5.278953986671695
I44A;-0.84;-8.003089778736467
I44C;-0.24;-7.957825426827185
I44E;-1.07;-9.282362319587264
I44D;-0.7;-8.483637829252983
I44G;-0.89;-8.865643665019887
I44F;-0.92;-5.210695701010992
I44H;-1.08;-7.784638328652362
I44K;-0.97;-7.867439352965446
I44M;-0.31;-5.204239856742788
I44L;-0.02;-4.564476874249522
I44N;-0.88;-7.0866571842343555
I44Q;-1.0;-9.520565036858898
I44S;-0.91;-6.8516803492821055
I44R;-0.88;-9.547553442956996
I44T;-0.92;-5.976475318253507
I44W;-0.79;-10.415213080414103
I44V;-0.06;-3.212606696819422
I44Y;-1.24;-8.466156707436312
F45A;0.01;-7.986981814028696
F45C;0.0;-5.609228074317797
F45E;-0.94;-9.329090649320277
F45D;-0.93;-8.014151063049212
F45G;-0.08;-8.044767104554921
F45I;-0.05;-5.400304327951743
F45H;-0.01;-5.359197377518285
F45K;-0.67;-9.325729138217868
F45M;-0.07;-7.995142676110844
F45L;-0.14;-4.795236797304824
F45N;-0.04;-7.216428090352565
F45Q;-0.1;-8.345611286713392
F45S;0.0;-5.15917767083738
F45R;-0.15;-9.402711044065654
F45T;-0.05;-7.145741453161462
F45W;-0.02;-5.561787340673618
F45V;-0.05;-5.848780397500378
F45Y;0.0;-3.243852058192715
A46C;-0.04;-5.228212549998716
A46E;-0.7;-4.785493290517478
A46D;-0.51;-4.205962638370694
A46G;-0.04;-2.942926735355286
A46F;-0.46;-5.903097091824748
A46I;-0.23;-6.07612918887753
A46H;-0.13;-6.533899296249728
A46K;-1.07;-5.8269555610604575
A46M;-0.33;-6.280684828067024
A46L;-0.61;-5.664433581288903
A46N;-0.15;-4.656392364297061
A46Q;-0.45;-5.804727836512028
A46P;-0.71;-6.2574939976912
A46S;-0.01;-2.8599036484956737
A46R;-0.46;-5.7768818167969584
A46T;-0.05;-4.374102289788425
A46W;-0.15;-9.073650611826453
A46V;-0.24;-3.2139528952538967
A46Y;-0.41;-6.452332740387647
G47A;-0.21;-4.397605623467825
G47E;-0.58;-5.3764904495328665
G47Q;-0.58;-6.369067845516838
G47S;-0.22;-4.811707902292255
K48A;-0.94;-8.004251122765709
K48C;-0.97;-7.743004828051197
K48E;-1.08;-4.5396190229803315
K48D;-0.9;-6.773390089540044
K48G;-0.85;-6.348350323620252
K48F;-1.52;-8.94404553003551
K48I;-0.95;-5.482811767375098
K48H;-1.07;-5.54331585462205
K48M;-0.92;-5.1467124223709115
K48L;-1.01;-7.797962801065296
K48N;-0.79;-4.669570914003998
K48Q;-0.94;-4.359735987149179
K48P;-0.92;-8.531938029918821
K48S;-0.89;-6.505830471171067
K48R;-0.93;-2.8113129850826226
K48T;-1.01;-5.858624403830618
K48W;-1.44;-8.432128811895382
K48V;-0.92;-5.655148826655933
K48Y;-0.92;-6.6371929785236725
Q49A;-0.08;-5.9089303384535015
Q49C;-0.29;-7.838330720667727
Q49G;-0.04;-5.994871682021768
Q49H;-0.18;-4.702640363131651
Q49K;-0.36;-5.8047187065240005
Q49M;-0.73;-7.155660320830067
Q49L;-0.91;-4.315299896567011
Q49N;-0.1;-5.326707725878805
Q49P;-0.88;-5.494974978020763
Q49S;-0.07;-6.333475014194846
Q49T;-0.58;-6.095471042302961
L50A;-0.68;-6.121624284918653
L50C;-0.58;-6.186462482786737
L50I;-0.05;-4.654297237400897
L50M;0.0;-4.186413043644278
L50T;-0.38;-5.453645345813129
L50V;-0.04;-5.046158855315298
E51A;-0.06;-5.427301841518784
E51C;-0.06;-6.874527412990574
E51D;0.06;-3.7318693092674953
E51G;-0.02;-6.074488267768174
E51F;-0.07;-7.6715362585382545
E51I;-0.03;-5.910273333080112
E51H;-0.04;-5.899574030190706
E51K;-0.38;-4.184510487597437
E51M;-0.03;-6.790759786032139
E51L;-0.05;-5.628334440058096
E51N;0.01;-5.664005300262942
E51Q;0.03;-4.293821769650094
E51P;-0.14;-7.596433831611647
E51S;-0.06;-6.3021879789885125
E51R;-0.49;-6.152202678844332
E51T;-0.04;-6.0374068579403675
E51W;-0.22;-7.429152276599781
E51V;-0.01;-5.277770711574704
E51Y;-0.16;-6.8742565244901925
D52A;0.04;-4.3013491528108725
D52C;0.01;-5.101300170877948
D52E;0.03;-3.3694932431681077
D52G;0.04;-2.491449207533151
D52F;-0.06;-7.109304081066513
D52I;-0.01;-5.505916049936785
D52H;0.03;-5.048593959771097
D52K;0.01;-4.939076152328198
D52M;0.02;-5.875008488306777
D52L;0.03;-6.18891215196345
D52N;0.02;-2.8047237708233297
D52Q;0.03;-5.4781822480727
D52P;0.03;-5.403694588923828
D52S;0.02;-4.617766505863984
D52R;0.01;-5.069638059474529
D52T;0.04;-5.439415503293276
D52W;-0.09;-6.114363819360732
D52V;0.02;-4.704406661447138
D52Y;-0.03;-4.597578846849501
G53A;0.05;-4.7904687967093205
G53C;0.04;-4.8077446427196255
G53E;0.06;-4.204096471425147
G53D;0.05;-3.5097824081312865
G53F;0.03;-6.258614121587017
G53I;0.03;-6.027251778985374
G53H;0.04;-5.32886311627226
G53K;0.06;-5.446650915197097
G53M;0.04;-6.513490187004209
G53L;0.03;-6.90770916827023
G53N;0.06;-4.385614363243803
G53Q;0.06;-6.1752797360531995
G53P;0.04;-6.653674116358161
G53S;0.04;-4.060065567493439
G53R;0.05;-5.4172490695054885
G53T;0.04;-5.699510450729576
G53W;0.01;-5.215296647860669
G53V;0.04;-5.473686574929161
G53Y;0.01;-6.329008104279637
R54A;0.01;-6.7565111245494345
R54C;-0.02;-3.5311753213172783
R54E;-0.08;-6.997257741633803
R54D;-0.09;-7.015282667969585
R54G;0.0;-5.170200256514363
R54F;-0.01;-4.495203972168383
R54I;0.02;-5.6232262522680685
R54H;-0.02;-2.23070310469484
R54K;-0.02;-3.6119847112568095
R54M;0.0;-6.1762325555318975
R54L;0.0;-3.8630572528345515
R54N;-0.01;-5.027119739621412
R54Q;-0.01;-4.8139369384152815
R54P;0.01;-4.268148137372918
R54S;-0.01;-5.2858794193016365
R54T;0.0;-5.732834951006224
R54V;0.02;-6.241145013314962
R54Y;0.0;-3.8180583772482346
T55A;0.03;-3.8840488832211117
T55C;0.01;-6.669625706039369
T55E;0.0;-6.780152877909131
T55D;-0.03;-7.5577079403447
T55G;-0.03;-7.433905020356178
T55F;-0.01;-6.904319783905522
T55I;0.0;-3.6804037558613354
T55H;0.03;-7.481624307343737
T55K;0.01;-4.105260534066474
T55M;-0.01;-4.8916663476848035
T55L;-0.01;-4.72442075656727
T55N;0.01;-5.544362242333591
T55Q;0.0;-5.682234541571232
T55P;0.0;-4.8199163931421936
T55S;0.02;-3.81297826487571
T55R;0.03;-4.902355207363144
T55W;-0.11;-8.719541526865214
T55V;0.0;-4.994884963147341
T55Y;-0.01;-5.526981791947037
L56A;-0.4;-6.536789156496525
L56C;-0.03;-6.407220215536653
L56F;-0.03;-4.571560280630365
L56I;0.0;-3.0799079569987957
L56M;-0.02;-4.3099001911468795
L56P;-0.57;-6.042682039842474
L56T;-0.31;-6.409964183854754
L56W;-0.67;-7.6434762582648546
L56V;0.01;-2.8898311222092166
S57A;0.01;0.02474564060685225
S57C;0.0;-4.393857760325773
S57E;0.02;-3.6026818218815606
S57D;-0.01;-3.829807311034529
S57G;0.01;-2.4113790676638014
S57F;0.0;-4.2620992400625255
S57I;0.01;-4.180768953141524
S57H;0.02;-5.676259572355776
S57K;0.01;-3.845406883134274
S57M;0.01;-4.055081255428377
S57L;0.02;-3.2006326034606896
S57N;0.0;-4.041565272927983
S57Q;0.03;-3.487465320358752
S57P;-0.08;-3.5881299888715152
S57R;0.02;-4.154722327337368
S57T;0.02;-2.8410872649110384
S57W;-0.07;-4.802005699224537
S57V;-0.01;-3.4280020514852367
S57Y;-0.01;-4.852252691023749
D58A;0.0;-6.46775262754818
D58C;0.03;-7.077685939773801
D58E;-0.07;-3.0730697827966647
D58G;-0.08;-5.85717475238198
D58F;-0.59;-5.800626997821382
D58I;-0.31;-8.401078693728778
D58H;-0.46;-4.658678811028949
D58K;-0.1;-5.967075495966128
D58M;-0.5;-8.368978098522348
D58L;-0.35;-6.2561689561553075
D58N;-0.05;-3.96293883745966
D58Q;-0.13;-6.045845594475394
D58S;-0.11;-3.988391759557999
D58R;-0.23;-6.273085403241566
D58T;-0.05;-5.86387711208954
D58W;-0.14;-7.642914732088684
D58V;-0.2;-6.673580393879093
D58Y;-0.23;-3.44822244347597
Y59A;-0.38;-8.211786766536534
Y59C;-0.03;-5.190413979679307
Y59E;-0.63;-9.390696803573519
Y59F;0.02;-6.305827683769167
Y59I;-0.58;-8.727100264164621
Y59H;0.02;-4.414661922259255
Y59M;-0.1;-9.008449749089776
Y59L;-0.24;-7.2823366748634735
Y59N;-0.06;-6.280269517097622
Y59Q;-0.22;-7.201230456586927
Y59P;-0.87;-10.491827117512004
Y59S;-0.12;-7.646424386533907
Y59T;-1.24;-7.496438035625032
Y59W;-0.03;-8.805304123437962
Y59V;-0.29;-7.5765440965187745
N60A;-0.01;-5.897777198115363
N60C;-0.03;-5.417238098336385
N60E;-0.43;-6.752441939432174
N60D;-0.02;-3.324311627075076
N60G;-0.03;-3.93807886284776
N60F;-0.17;-6.807870960095898
N60I;-0.19;-6.074537342181428
N60H;0.02;-4.564183894894086
N60K;-0.04;-3.5154505278915167
N60M;-0.1;-7.285345493117348
N60L;-0.15;-7.309188408777118
N60Q;-0.08;-6.465141735301587
N60P;-0.28;-7.009021922131069
N60S;-0.01;-3.88552325218916
N60R;-0.03;-5.249477754521648
N60T;-0.05;-6.1265380126133095
N60V;-0.05;-8.087178419173142
N60Y;-0.24;-5.127614057622849
I61A;-0.24;-6.782477854285389
I61C;-0.02;-7.750916018130738
I61E;-0.32;-9.14883956045378
I61D;-0.7;-8.993459910561796
I61G;-0.41;-8.442684286041185
I61F;-0.15;-6.493937477353028
I61H;-0.52;-8.198482553343638
I61K;-0.52;-7.611784235807137
I61M;-0.01;-5.721445396775381
I61L;-0.01;-5.717699480126612
I61Q;-0.64;-8.928889262024311
I61P;-0.78;-8.849238242721185
I61S;-0.6;-6.6751568290637815
I61R;-0.5;-8.023617926170116
I61T;-0.57;-5.816433048574253
I61W;-0.58;-9.190968626993707
I61V;0.01;-2.6320632082351945
Q62A;0.01;-5.3670647949911645
Q62C;0.0;-4.7141985810376354
Q62E;0.02;-2.67880224288092
Q62D;0.0;-5.6963309622369716
Q62G;0.01;-3.8789402492111544
Q62F;-0.01;-6.8309536988381305
Q62I;0.05;-6.057138779084197
Q62H;0.03;-2.41142883291468
Q62K;0.01;-2.4978357976360708
Q62M;0.01;-5.731512197467963
Q62L;0.02;-4.5259297223819885
Q62N;0.03;-4.7920795981772235
Q62P;-0.02;-4.2001984543167055
Q62S;0.02;-4.318619013763963
Q62R;0.0;-3.1410616090288386
Q62T;0.03;-4.4551963706326205
Q62W;-0.06;-3.6075988171505737
Q62V;0.04;-4.6871538885170585
Q62Y;0.01;-5.585987753700465
K63A;-0.05;-5.529466900392436
K63C;-0.04;-7.050305098993705
K63E;-0.06;-4.59509386389982
K63D;-0.06;-5.593609019764699
K63G;-0.05;-6.051886437751818
K63F;-0.07;-7.428692739340477
K63I;-0.05;-5.655822069034913
K63H;-0.03;-4.316891561611556
K63M;-0.02;-4.807944492495154
K63L;-0.03;-7.794027984258719
K63N;-0.02;-2.608532014652156
K63Q;-0.04;-4.6116020777844815
K63P;-0.04;-5.657266075810185
K63S;-0.05;-4.6156520686345175
K63R;-0.06;-2.7185638345545162
K63T;-0.03;-4.937105828314088
K63W;-0.08;-6.535409306758082
K63V;-0.05;-6.502448881859891
K63Y;-0.06;-6.753107340540737
E64A;0.02;-6.666336422786117
E64C;0.01;-7.730417832208332
E64D;-0.11;-3.2913980677258223
E64G;0.0;-3.980434162076562
E64F;-0.03;-7.359408122603781
E64I;-0.13;-9.643549101427196
E64H;0.03;-6.038448727893409
E64K;-0.46;-3.616750044748187
E64M;0.04;-7.351591342827304
E64L;0.0;-6.371692999033258
E64N;0.04;-5.019601746229455
E64Q;0.06;-4.632283864193597
E64P;-0.22;-6.796601004432888
E64S;-0.01;-5.749642629438312
E64R;-0.29;-6.810847750166432
E64T;0.0;-7.8835886262822905
E64W;-0.06;-7.2572484037373215
E64V;-0.06;-6.659241345943882
E64Y;-0.05;-6.435615315567702
S65A;0.03;-2.7368345396243967
S65C;0.0;-4.2480763067142115
S65E;-0.24;-6.592753289383836
S65D;-0.09;-5.091667404980399
S65G;0.04;-6.275130158057437
S65F;-0.02;-4.6400201357901105
S65I;-0.08;-7.023319002735661
S65H;0.03;-5.877479549497366
S65K;-0.19;-6.587819077074528
S65M;0.0;-6.699047724250704
S65L;-0.17;-5.916385376069228
S65N;0.04;-3.700605816207826
S65Q;0.02;-6.625810266472398
S65P;-0.62;-5.4097012410638845
S65R;-0.05;-7.227994511718862
S65T;0.02;-4.47991799376905
S65W;-0.19;-8.43216522433795
S65V;-0.04;-6.291429477510973
S65Y;-0.04;-5.307847104035319
T66A;-0.27;-4.8064691923209475
T66C;-0.03;-6.9822598819373525
T66E;-0.32;-5.865988322708289
T66D;-0.05;-8.168401513627032
T66G;-0.1;-7.173540333344135
T66F;-0.51;-6.2217233359406245
T66I;-0.34;-3.2896702566067684
T66H;-0.12;-7.339601332147139
T66M;-0.15;-4.720308899122756
T66L;-0.12;-5.4743157994817
T66N;0.01;-5.616246694873552
T66Q;-0.17;-5.7466938804718675
T66P;-0.38;-6.431675473402719
T66S;0.03;-3.842098978057038
T66R;-0.36;-7.314628634310792
T66W;-0.5;-8.661792147846429
T66V;-0.18;-4.147293787740637
T66Y;-0.4;-6.84000389854191
L67A;-0.35;-7.2054305156343625
L67C;0.01;-6.584303955511133
L67E;-0.42;-8.897079467889851
L67D;-0.61;-8.912484808010051
L67G;-0.46;-7.1623455879162075
L67F;-0.02;-3.5764043575618416
L67I;0.02;-2.4213460921309893
L67H;-0.63;-8.254102235776372
L67K;-0.73;-8.810444653150627
L67M;0.02;-4.1751276137074465
L67N;-0.54;-8.740982523537241
L67Q;-0.75;-7.0047355314018205
L67P;-0.4;-4.949817253567744
L67S;-0.7;-7.17269288082025
L67R;-0.66;-6.152947376482189
L67T;-0.16;-6.6338014899520195
L67V;0.03;-3.3750225755939027
L67Y;-0.52;-7.4592807316512335
H68A;-0.21;-7.973815355915576
H68C;-0.24;-5.852525549475104
H68E;-0.71;-7.261456829961388
H68D;-0.95;-4.803002700005892
H68G;-0.65;-6.77725666097831
H68F;-0.26;-5.315364861860871
H68I;-0.61;-7.6941496341023585
H68M;-0.52;-7.94755454279948
H68L;-1.2;-4.781144905718975
H68N;-0.17;-5.087841316591948
H68Q;-0.24;-4.413538131979294
H68P;-0.9;-7.710937401512637
H68S;-0.24;-5.885904282331468
H68T;-0.5;-5.6082925237715235
H68W;-0.7;-7.2342091794125745
H68V;-0.3;-5.779616046696901
H68Y;-0.47;-3.2299096300266683
L69A;-0.49;-7.251911052153447
L69C;-0.15;-7.094046409038127
L69E;-1.01;-8.050885321572423
L69D;-0.95;-8.793425870338979
L69G;-0.87;-8.025751152774319
L69F;-0.07;-4.381263482850045
L69I;-0.07;-4.595336754340679
L69H;-0.47;-5.516878708265722
L69K;-1.15;-8.525118477526119
L69M;-0.01;-3.6790525251999497
L69N;-0.61;-9.671232878230512
L69Q;-0.9;-5.967912149208133
L69S;-0.76;-6.420190081000327
L69R;-0.91;-7.267749286373147
L69T;-0.74;-8.147200475796126
L69W;-0.51;-5.768549640371929
L69V;-0.09;-4.412979006767274
L69Y;-0.47;-8.811493684537709
V70A;-0.63;-3.128023826458957
V70C;-0.09;-5.589035727083683
V70E;-0.97;-5.024492168871801
V70D;-0.92;-4.921964513603598
V70G;-0.93;-5.195968403480947
V70I;-0.08;-2.824878207873553
V70K;-1.02;-6.066926151156622
V70M;-0.76;-4.3954078673850745
V70L;-0.25;-3.778434280306101
V70N;-0.97;-6.055094707393438
V70Q;-0.96;-7.143175375065766
V70P;-1.03;-8.363806514404132
V70S;-0.99;-5.737593576894143
V70R;-0.9;-5.632411841535942
V70T;-0.48;-4.96209624200128
L71C;-1.01;-5.5886096662143245
L71F;-0.42;-3.6097493047127496
L71I;-0.8;-4.1917870795005
L71H;-0.81;-5.966032520285808
L71K;-1.02;-6.160522136720829
L71M;-0.06;-3.4105168652022257
L71Q;-0.88;-4.5087615720694885
L71P;-0.97;-4.82025350665208
L71R;-0.86;-5.063748360960744
L71Y;-0.97;-5.432876359322108
R72A;-0.46;-5.227574547927361
R72C;-0.55;-3.1454927774029784
R72E;-0.95;-6.590163034503348
R72D;-0.82;-6.705086156493052
R72G;-0.47;-3.9409349040652164
R72F;-0.81;-7.507709968398558
R72I;-0.98;-5.7839385652332584
R72H;-0.49;-3.6290382050792687
R72K;-0.45;-4.003473918593953
R72M;-0.65;-6.9856394568341775
R72L;-0.92;-4.791103668278083
R72N;-0.55;-4.81935718160821
R72Q;-0.45;-5.489845365926159
R72P;-0.97;-5.31246344401734
R72S;-0.32;-3.2921231499785786
R72T;-0.41;-4.49856682762038
R72W;-1.01;-5.974021020752844
R72V;-0.91;-6.847517123620492
R72Y;-1.02;-6.78159883635817
