# Data from Starita, L. M.; Pruneda, J. N.; Lo, R. S.; Fowler, D. M.; Kim, H. J.; Hiatt, J. B.; Shendure, J.; Brzovic, P. S.; Fields, S.; Klevit, R. E. Activity-enhancing Mutations in an E3 Ubiquitin Ligase Identified by High-Throughput Mutagenesis. Proc. Natl. Acad. Sci. U.S.A. 2013, 110, E1263-E1272.
# y represents the experimental measure "nscor_log2_ratio"
# dE is the difference in statistical energy between the variant and the wild type (EVmutation)
variant;y;dE
A1099D;-0.241585618;-6.454371207015357
A1099G;0.377053184;-7.23069123501773
A1099P;-0.20739388600000006;-2.6745539471448865
A1099S;0.23918514;-6.437439264933347
A1099T;0.753397616;-5.027494225272676
A1099V;0.235893716;-1.9518678834137968
P1100A;-1.248768053;-7.571912528015673
P1100E;-2.222502398;-9.186329773627223
P1100L;-0.77878273;-8.205873059341684
P1100Q;-1.4601783069999998;-8.887332114158198
P1100S;-1.177216687;-8.076293010846713
P1100R;-0.8652988290000001;-8.051467787474394
P1100T;-0.563918544;-8.020826058229432
D1101A;-0.611110175;-3.5275292232399806
D1101E;0.107515015;-1.0909110881621018
D1101G;-0.376923879;-4.883128327797749
D1101H;-0.630272364;-4.636396089568733
D1101K;2.150706201;-4.514414263772778
D1101N;-0.50715737;-4.824708588770591
D1101V;-0.323487126;-6.3446756697958335
D1101Y;-0.569683223;-7.381475140689872
E1102A;-0.111856628;-4.6131944337976165
E1102D;-0.005919216999999999;-2.035014550376218
E1102G;-0.214157038;-5.447876072779764
E1102K;-0.465640726;-3.6594112793973186
E1102Q;-0.084880081;-4.029235871799757
E1102V;-0.157944267;-5.727515764592682
F1103C;-2.462387612;-7.515559250139631
F1103I;-2.014521817;-5.911272969795392
F1103L;-0.735836798;-3.342300533084199
F1103S;-2.778918511;-6.77203943135828
F1103R;0.8160938759999999;-8.790239767520687
F1103V;-2.45529439;-7.3033273159962855
F1103Y;-0.118313345;-1.7617110725841485
R1104C;-1.47315308;-4.906915454368574
R1104E;-2.870200655;-4.146034086123109
R1104G;-2.58696095;-7.142663429956883
R1104I;-0.989601939;-3.823655698390212
R1104K;0.102165949;-0.5484876048285514
R1104N;-0.627555809;-5.367650315747596
R1104S;-0.961932033;-6.073006935606828
R1104T;-0.883082505;-4.804738808453294
R1104W;-1.875039211;-7.530912820249796
D1105Y;-2.892112725;-8.763799060339807
D1105E;-2.364819327;-9.047719835623868
D1105N;-2.642422119;-8.231640240155684
P1106A;-2.39477289;-3.1541643082164232
P1106H;-2.600124774;-6.67500629182905
P1106L;-0.764617669;-5.702240788377821
P1106S;-2.399380161;-4.165860388864529
P1106R;-2.474643097;-5.3153232771437615
P1106T;-2.151096818;-4.613335996400566
P1106V;-0.368079223;-6.016835452988744
P1106Y;-1.585700966;-6.903828959562817
L1107A;-2.3512357130000003;-7.087397763883928
L1107E;-1.122966725;-8.750834842445329
L1107I;3.301059558;-2.9016694043530156
L1107M;-2.355409051;-5.804985800292343
L1107Q;-2.556239796;-8.457555275643244
L1107P;-2.904139659;-12.394370899068234
L1107S;-1.825806535;-8.111618584487589
L1107R;-2.84939558;-7.687330344691873
L1107W;-2.611067686;-7.811843731207772
L1107V;0.952980967;-3.362660850631073
M1108G;-2.467614896;-7.714868288836442
M1108F;-2.569368395;-6.845050956704654
M1108I;-1.091830989;-6.043753000893048
M1108K;-2.382124862;-7.893885784251324
M1108L;0.806367852;-4.803272641613148
M1108R;-2.432246755;-8.579782302607782
M1108T;-0.407575668;-5.8251253959024325
M1108V;-0.506429296;-6.079537431825884
D1109A;-0.8348079270000001;-2.7863406133838
D1109E;-1.569914876;-5.533989176386966
D1109G;-1.669975669;-2.4211153844371442
D1109I;0.190279127;-6.381352033466102
D1109H;-1.5420730319999998;-5.757806912995875
D1109N;-1.43126196;-2.8838692479766905
D1109S;-2.135039557;-3.077356427907944
D1109V;1.450171394;-5.8895322957541785
D1109Y;1.508216831;-3.247392767108977
T1110A;-1.315611803;-5.655194410821422
T1110D;0.799865415;-4.114996368531139
T1110G;-2.353086508;-5.9836689489893615
T1110F;0.19896137;-8.160809583030641
T1110I;-0.539875209;-5.396342182182707
T1110M;-2.104107698;-6.9110002231318495
T1110N;-0.544287829;-5.155725718170487
T1110P;-2.9067265310000003;-9.980844653298846
T1110S;-0.6509588510000001;-3.841633357456885
T1110V;-1.985463201;-4.967082476709038
T1110Y;-1.208696599;-7.517335651195027
L1111G;-2.386001131;-8.466456022288185
L1111I;-0.183700127;-1.6107105965493247
L1111H;0.06289982;-7.780583363492043
L1111M;-0.221854179;-4.7350854692049325
L1111Q;-1.69754243;-6.9636314845993175
L1111P;-1.120481461;-6.738991756574251
L1111R;-2.451324734;-6.7027036767685795
L1111V;0.401638703;-1.5965070287929848
M1112I;-0.397391583;-6.232525316845567
M1112K;-2.650536044;-9.948619504073577
M1112L;-0.9005431709999999;-4.447192424464448
M1112T;-2.924134919;-8.712264942332697
M1112V;-1.638897728;-8.33058785940375
T1113A;0.102402279;-1.165197810783866
T1113F;0.06289982;-1.816763599868864
T1113I;-0.014704332;-1.3180429239291698
T1113K;-0.993683708;-0.18126110348384827
T1113M;-2.453115327;-1.1825413372862386
T1113L;-0.297233274;-0.7482209973968565
T1113N;2.496223734;-1.4975476446270477
T1113P;-1.122966725;-4.010506391292438
T1113S;-0.025506681;-1.70637387142051
T1113V;-0.93710018;-1.0903539613354951
T1113Y;-1.490698509;-1.1977484163362533
D1114A;-1.211287723;-5.361026149941608
D1114C;-1.03997736;-6.6912294949870565
D1114E;0.317785188;-2.901203788584098
D1114G;-2.8051444880000003;-6.806849971180783
D1114I;-2.578646209;-6.8517594665754595
D1114H;-0.63427793;-4.382286643260159
D1114N;-0.33876817600000003;-4.266288737766445
D1114Q;-2.386001131;-4.826378086640035
D1114S;-2.093219381;-5.304189949994908
D1114T;-2.112078409;-6.220343077795405
D1114V;-1.77274216;-5.83562117884867
D1114Y;-1.4576308080000002;-6.8196450162213305
P1115A;-2.60068072;-8.073466889909469
P1115T;-2.900574304;-9.006036121747456
P1115V;-2.315611803;-9.46773906610906
V1116A;-1.71078888;-7.499893586500548
V1116M;-1.427299757;-5.077333195484243
V1116L;-2.107503607;-5.199607008486055
V1116G;-2.652949337;-10.224573796978802
R1117I;-0.500389404;-1.2672954688314348
R1117K;1.52038803;-0.3895351917599328
R1117S;-0.094035616;-3.1585473439190537
R1117G;-1.273751176;-5.599873280385508
R1117T;-0.8195745809999999;-2.767421522468794
L1118A;-0.200134585;-5.6668405167292795
L1118H;-2.485536804;-13.072637368908547
L1118M;-1.02915851;-7.437767169671132
L1118P;-2.682669273;-9.596340851741843
L1118V;1.5474812530000002;-5.4291246652719565
P1119A;-1.806909218;-8.573331951512955
P1119H;-2.198020465;-8.451299992681015
P1119Q;-0.467614896;-6.874029107973911
P1119S;-1.990794327;-6.8875227561511565
P1119R;-1.682286281;-8.207572889979929
P1119T;-1.7894369069999998;-6.343887067399919
S1120A;1.7141628269999998;-7.2937300635967395
S1120C;-1.27144422;-6.5355654689192315
S1120G;-1.044309781;-5.168671944644301
S1120F;0.893989813;-7.276698021480116
S1120P;-2.257691827;-7.441344190854579
S1120T;-0.189449627;-4.331348358435207
S1120Y;1.5352447580000002;-8.171730676898733
G1121A;-1.851257985;-5.8250385139836
G1121C;-1.886840193;-7.288971549798589
G1121E;-0.315611803;-5.209249060950242
G1121D;-1.599139381;-3.8404979253245983
G1121N;-2.274969818;-2.3276987039716914
G1121S;-0.7340859279999999;-4.4946272966917595
G1121R;-0.293815879;-3.9277502590557565
T1122I;2.257384677;-0.7691355759743601
T1122P;2.580894136;-4.555337906465866
T1122S;0.229193571;-2.0806836425326765
T1122A;-0.393202927;-0.5311751989647746
T1122N;0.027421925;1.0052250551525503
V1123I;0.13355148;1.023261252674274
V1123A;-0.944924396;-3.710201020585373
V1123L;-1.111941355;-4.944552563611068
V1123D;-2.472202166;-6.3562006410211325
V1123F;-0.749842867;-5.858779916103232
M1124A;0.684388197;-7.291351592051798
M1124G;-0.8561801840000001;-9.196099750834945
M1124F;-2.208696599;-8.183993705431929
M1124I;3.5173920830000003;-5.1966010060859835
M1124K;-2.742840537;-12.343005475120664
M1124L;5.521548927;-4.8734594921115795
M1124R;-2.683552295;-10.518629844755196
M1124T;1.828146537;-6.619866759690923
M1124V;3.199846384;-5.26803663012106
D1125H;-2.290520822;-7.320954103022814
D1125E;0.013285337;-2.6040521744289435
D1125G;-1.918327561;-6.509257684461772
D1125N;-1.128548557;-4.842414307364379
R1126C;-2.452150636;-8.318199930305129
R1126H;-0.876232343;-7.4518104942007986
R1126S;-1.480860317;-7.383988706860691
R1126L;-1.676878046;-6.087381764315069
S1127A;-0.29637972;-0.6238974833395332
S1127C;-0.382725999;-5.6975621765013775
S1127F;-1.487672549;-5.971730300160742
S1127P;-0.480482215;-2.4510345084127043
S1127T;-0.7267918259999999;-2.5191035916795954
S1127Y;-1.163608709;-5.603939413093031
I1128F;0.539011483;-5.451785860932431
I1128L;-1.087805885;-6.0520406333962455
I1128N;-0.736062798;-3.4015651521040127
I1128S;0.511003117;-3.5782323911771527
I1128T;1.307887405;-3.3833114028675486
I1128V;0.16360013199999998;-1.0627490383340046
I1129M;-1.355689242;-6.188943269895389
I1129L;-1.33722022;-5.725581944454461
I1129N;-2.409038667;-8.427430530195124
I1129S;-2.393614315;-8.058759588282554
I1129T;-1.438706934;-7.77783812629059
I1129V;-1.541760266;-3.612896132079186
L1130Q;-0.239785176;-4.1871628735389095
L1130P;-2.301217447;-5.310636217822321
L1130R;-0.24653342;-2.343802746385336
L1130M;1.064160367;-0.988261075981427
L1130V;-0.408721207;-0.16992443081107922
R1131Q;-1.0555955890000002;-3.484844034945126
R1131P;-2.465974538;-6.672274172422477
R1131C;-2.2031370740000003;-7.611576099821832
R1131W;-2.537556113;-7.592006813065383
H1132E;-0.65264679;-7.080328500014731
H1132D;-2.905900364;-8.149255707045086
H1132K;-0.993683708;-8.070191685226746
H1132N;-2.731946107;-7.5710485874442375
H1132Q;-2.306133518;-5.008377767517231
H1132P;-2.839372875;-9.130987705109872
H1132R;-2.519442867;-5.94338983821217
H1132Y;-2.7596288;-5.394544976501494
L1133Q;-2.495219358;-7.368516153132077
L1133P;-2.625709709;-8.545903945283499
L1133R;-2.42917736;-7.1566028747474775
L1133M;0.398356984;-5.518292357621249
L1133V;-1.695394914;-5.316152139392216
L1134A;0.731693912;-6.387795460410416
L1134I;0.157781143;-7.533355223073157
L1134H;-0.00769228;-7.523307543480768
L1134P;-1.414637865;-10.309500304865649
L1134R;-0.153688458;-6.537278546049492
L1134T;-1.093219381;-6.845287510193884
L1134V;0.024731345;-8.358862416353077
N1135C;-1.7306493019999998;-5.920376634574495
N1135E;-0.453115327;-6.804984358837827
N1135D;-1.135467611;-5.917846144875512
N1135F;0.951174738;-6.3716690472792825
N1135I;-0.331467462;-6.092394400970079
N1135H;-0.759183501;-4.672547961585224
N1135K;-2.1308524980000003;-6.308161797700451
N1135L;-1.20458049;-6.6327361701987675
N1135S;-0.740409962;-2.3671162026003003
N1135T;-1.145069522;-3.0436698836274445
N1135V;-1.425236294;-6.173496193019672
N1135Y;1.114790767;-7.673701186606195
S1136A;-1.128717165;-4.346825653132329
S1136C;-2.194020022;-6.0552438540617
S1136G;-1.315611803;-4.358993276371621
S1136F;-1.004692455;-6.316790976212361
S1136L;-2.215084927;-5.845187786617316
S1136N;-1.830184976;-3.7267937875585626
S1136T;-1.50403604;-1.7654245776357131
S1136Y;-0.7102660470000001;-5.892493204562925
P1137A;0.071297394;-0.6181601157077239
P1137C;-0.5635393160000001;-3.4942695939826076
P1137G;-0.520431595;-0.964333148280275
P1137F;-1.248497607;-1.7974700313789072
P1137H;-0.356246;-3.474510151034337
P1137L;-0.25716004800000003;-2.227621262849425
P1137Q;-0.378805629;1.5254958327714119
P1137S;-0.351991037;-0.6271370621543609
P1137R;-0.36225944;-0.8063491785578663
P1137T;-0.921274797;-1.1276203020970572
T1138A;-2.383882204;-5.361370649327
T1138C;-0.730649302;-5.537206403118034
T1138I;-1.822487613;-3.4930243486523977
T1138H;-1.851664703;-3.5185330559834256
T1138L;-2.122966725;-6.082197321728473
T1138N;-0.740225562;-4.569634097999369
T1138S;-0.7766741690000001;-2.9216290361000574
T1138R;-2.393614315;-2.289762503256497
T1138V;-2.756184394;-5.242562193212507
T1138Y;-0.315611803;-4.79336216943193
D1139E;-2.440688936;-7.713328842073679
D1139N;3.057723143;-4.537058673508
P1140Q;-2.0218806;-6.9190980644198135
P1140T;-3.589429884;-6.553739458322525
P1140F;-2.500036374;-7.646611695177853
F1141Y;1.621398132;-5.777092266827822
F1141I;-2.263956208;-6.92891312437132
F1141R;-0.984405894;-7.229089492931963
F1141L;-2.770719513;-6.621518603526057
F1141V;-2.793190768;-7.5227374262176445
N1142D;-2.100622532;-5.4364238947746335
N1142F;-2.5380042240000003;-8.673417906276883
N1142I;-2.325249693;-7.378481295803795
N1142K;-2.802654314;-6.7226475659408615
N1142S;-0.85507506;-2.5492634396068747
N1142T;2.857491588;-4.138641349563842
N1142V;-1.900574304;-7.492661141732242
N1142Y;-2.822181309;-8.321047613106202
R1143C;-2.488397295;-8.099118506070226
R1143D;-2.116302995;-6.5974640105851
R1143G;-2.585045146;-3.995980870211497
R1143F;-0.578646209;-7.085155556211247
R1143H;-2.412001816;-6.235370155976852
R1143L;-2.201908464;-7.924750564154237
R1143N;-2.675507748;-6.337409811210819
R1143Q;-2.200134585;-5.2676962710684165
R1143S;-2.649235231;-6.243204160069581
R1143Y;-2.355140167;-8.106289618823212
Q1144A;2.995589885;-2.3291835023846943
Q1144E;-1.173501566;-3.1330266271252185
Q1144D;-1.140525096;-4.567355320614297
Q1144G;-2.07594139;-3.2439268279704265
Q1144H;-1.7882743840000002;-4.398855797247961
Q1144K;-0.216639716;-2.9209271516883746
Q1144M;0.186888538;-2.5313110172282904
Q1144L;0.080204361;-4.4951340135303335
Q1144N;0.269350698;-4.1991905039176345
Q1144S;-0.663535106;-0.79611565254163
Q1144R;-0.7644410159999999;-4.274410630809143
M1145G;-0.868152826;-3.3710203981027007
M1145F;-1.756184394;-1.7310587319516344
M1145I;-0.021247725;-0.6707308306358755
M1145K;0.016040178000000002;0.6053137180861086
M1145L;0.717729492;0.16836659604450688
M1145N;-1.0218806;-0.40589444520810497
M1145Q;-0.508256881;-1.8267722391174173
M1145R;-0.061009303;-0.15137364598922431
M1145T;0.242581174;0.7628911907959264
M1145V;-0.264079195;1.126300350530073
L1146M;-1.182745858;-6.006883755966554
L1146V;-1.728703075;-6.357633432548028
T1147A;-0.703549255;-3.5869700726289016
T1147D;-0.586259393;-1.839563777088188
T1147G;-2.145686801;-5.857480794507865
T1147I;-0.650072416;-5.033875104156323
T1147L;-0.106158437;-5.740484437788838
T1147N;-0.34975332200000003;-3.333036468597129
T1147P;-1.938466485;-4.75790987018263
T1147S;-0.29156013;-1.7535850288695656
T1147R;-0.894474104;-3.8196059749461715
T1147V;-0.422527007;-4.911082423757762
T1147Y;-0.548588975;-4.8455777855124325
E1148A;-0.865488532;-4.558158789528535
E1148D;-0.516395425;-5.465884385630488
E1148G;-0.509131683;-7.7452123989351085
E1148I;-0.730649302;-3.9984164289198816
E1148K;-0.549051426;-5.363173900404945
E1148M;-0.550077056;-4.822422628989443
E1148L;-1.947880018;-4.689127987017856
E1148N;-0.047122967;-7.5462109458167115
E1148Q;-0.716108759;-4.879609653144144
E1148S;-1.122966725;-4.209480570636515
E1148R;-0.296752776;-5.7847639485262325
E1148T;-0.510868094;-6.343140224926174
E1148V;-0.829707236;-4.1232761949067935
S1149A;-0.113977942;-0.27188683370332
S1149C;-0.056193248;-1.6426926703425124
S1149E;0.15387348;2.057178081944585
S1149D;-0.137274562;2.7032141134841368
S1149G;0.294002474;-1.1701727359322829
S1149I;-0.862799525;-2.593424486694857
S1149H;-1.993683708;-2.3639212041161954
S1149K;-0.13005615;-0.19254694832488892
S1149N;-0.193595514;0.02152526646386832
S1149R;0.107255271;-2.439134090207517
S1149T;-0.507094967;-1.1005984116927718
S1149W;-2.6941234260000004;-3.8743002844857983
S1149V;-1.7306493019999998;-1.796556387329474
S1149Y;-0.8561801840000001;-1.6975198849104345
M1150F;-1.508256881;-6.687330161454157
M1150I;-1.064716961;-4.951654805801809
M1150K;-0.622656786;-4.1387261344643775
M1150L;-0.472887256;-4.822260957211256
M1150S;-2.315611803;-4.4481653716648
M1150R;-0.671683148;-4.513848641858203
M1150T;-1.307386833;-5.618426422122866
M1150W;-0.43108902;-8.688360419706441
M1150V;-1.187068433;-6.0783572513610125
L1151A;-0.615172085;-4.675681830616668
L1151F;-0.315611803;-6.561940231942573
L1151I;-1.012219659;-3.723351030377671
L1151M;-1.305884255;-5.648454239562852
L1151Q;-2.760325697;-7.047236724290997
L1151R;-2.858826382;-7.570521121611818
L1151V;-0.6102732160000001;-3.114121985854581
E1152A;-0.188671568;-3.9035446597263217
E1152D;-0.07467270599999999;-6.381688790163026
E1152G;-0.611622435;-5.2559730685316035
E1152K;0.262318595;-2.004610677220626
E1152M;-0.547785245;-4.522138114902191
E1152L;-1.335789685;-3.83398034889251
E1152N;-1.467614896;-4.866384366643615
E1152Q;-0.225723849;-2.6727886900771414
E1152S;0.737499534;-5.135665337904356
E1152W;-1.60511842;-7.828120448393746
E1152V;0.287296322;-1.2232509297318757
E1152Y;0.16981502399999998;-4.471895500784741
P1153A;-0.030209584;-3.252498424204532
P1153E;-0.656648721;-2.147541314945556
P1153H;-1.219396488;-5.8913061343482696
P1153K;-2.569368395;-5.1212724011420505
P1153L;-2.2646114880000003;-5.283905504678842
P1153Q;-0.5998053729999999;-6.442654665501323
P1153S;1.22060813;-2.4944841639953665
P1153R;-0.8014832890000001;-4.985583713219967
P1153T;-0.362907701;-4.548079689615406
P1153V;-2.315611803;-5.2312249887618245
V1154A;-0.522208135;0.38153845586930396
V1154E;-0.024549582;0.30346972300321795
V1154G;-2.723978461;-2.74266189939226
V1154I;0.965158967;-2.538706994469976
V1154K;-0.730649302;-2.8850618209398817
V1154M;-0.284250628;-0.7457080221793149
V1154L;0.411757417;0.07975195723702201
V1154Q;-1.315611803;0.2266645515628625
V1154R;-1.231547538;-2.292026954324683
V1154W;-0.382725999;-5.298690962874389
P1155A;0.35744380600000003;-3.857461261330173
P1155L;0.308653384;-3.1948021954158317
P1155Q;-0.443673669;-4.001329146849457
P1155S;0.142957962;-3.526538025820628
P1155R;-0.433780535;-3.945390473352745
P1155T;0.8724679120000001;-1.8671069278498182
E1156A;-0.324760738;-3.8119796725222836
E1156D;-0.06585936;-2.6926497995154928
E1156G;0.257597189;-5.217816858901641
E1156K;0.30992073800000003;-5.507166820345447
E1156Q;-0.07971043400000001;-5.085143755772151
E1156S;-0.93710018;-4.532504166010766
E1156T;-1.615172085;-6.10450414713705
E1156V;0.250346884;-4.355425109330098
L1157I;-0.321772787;-2.2041072500869627
L1157Q;-1.142917243;-7.058009512904391
L1157R;-0.670398947;-6.325135860592128
L1157V;-1.02225286;-2.912608288228512
K1158E;-0.196905875;-4.754055073775817
K1158M;0.385252476;-6.493181100580841
K1158N;-0.191843719;-6.16286893450888
K1158Q;0.725910726;-3.652294124243781
K1158R;-0.011620723;-0.8087944155558944
K1158T;-0.147654324;-4.088611043756829
E1159A;0.535308811;0.010626048198901115
E1159D;-0.036942771;-3.0676782694645226
E1159G;0.914443142;-3.0009927761275317
E1159K;-0.21137965;-1.8160584075376391
E1159Q;-0.245734705;-0.4565426122280769
E1159V;-0.07851382;-3.86866671894677
Q1160E;-0.64523429;-1.4813866094918922
Q1160H;-0.484901548;-5.106150032952428
Q1160K;0.08031687400000001;0.034328179433941834
Q1160L;-0.375769547;-4.285966932307929
Q1160P;-1.663983882;-6.316836587298894
Q1160R;0.049726137;2.3357829372398555
I1161A;-0.818112143;-6.144970398119768
I1161F;-1.692524112;-8.102256821832269
I1161L;-0.578290094;-5.214405349252047
I1161N;-2.77167657;-9.897007505685906
I1161S;-2.434235172;-7.427713878932991
I1161T;-1.4090777769999998;-7.253012804038007
I1161V;0.318403091;-4.359138522049761
Q1162A;-1.60511842;-0.6872073687627562
Q1162E;0.537825184;-0.3487989655695856
Q1162D;0.057846593;-0.9735456518828868
Q1162H;-0.067620613;-1.9428153268527242
Q1162K;-0.151336523;-1.739462946075946
Q1162L;-0.101527237;-2.00773795763962
Q1162N;-0.4884484000000001;-1.407106839586049
Q1162P;-2.782087186;-4.883653630327898
Q1162S;-1.415147476;-1.879243981325999
Q1162R;0.180205648;-0.5594887007027864
Q1162T;0.207950153;-1.435164642520249
Q1162Y;-0.163608709;-4.368158542201853
A1163C;-1.625951923;-4.432877718762028
A1163E;-0.60511842;-1.3268789489520714
A1163D;0.380017289;-1.199228372075595
A1163G;0.006866738000000001;-4.257122241127945
A1163I;-2.175434145;-3.7668944490142167
A1163H;0.421353791;-3.046869256999344
A1163L;-0.663535106;-2.392347658867948
A1163N;-0.766718557;-2.8023821659153327
A1163P;-2.4817347990000003;-6.167189970612526
A1163S;0.946482135;-3.5321995582198724
A1163R;-1.218314601;-2.004584615235217
A1163T;-0.111615606;-1.9334536039968957
A1163V;0.015469935;-2.9880881047574803
A1163Y;-0.113977942;-5.057106877909972
W1164C;-2.238751639;-7.798038824577817
W1164G;-2.417199675;-10.03653526889684
W1164F;0.8190377240000001;-3.4878600892843683
W1164K;-1.863099598;-7.696485936292447
W1164L;-1.294245514;-4.918645322439262
W1164Q;-0.919683126;-8.420826208719516
W1164S;-2.320258168;-7.718884884961881
W1164R;-2.18077043;-7.154770109395031
W1164T;-1.538004224;-7.824208151898347
W1164Y;-1.03997736;-3.0812954941357016
M1165A;0.480854803;-2.1372399253305048
M1165G;0.429131142;-4.586846148478799
M1165F;1.555654883;-3.4117483474256005
M1165I;0.429957178;1.096867304353509
M1165K;-0.062251501;0.1950122559501324
M1165L;0.406242844;-0.2765232546371408
M1165N;-0.527115908;-5.194997187005357
M1165Q;0.051170528;-2.9560276317060925
M1165S;-1.245222475;-3.5547632230445743
M1165R;0.70097182;-0.26433266047388315
M1165T;0.483792653;-2.4704510079463944
M1165V;0.476668725;-0.3556939505506307
R1166A;0.487849203;-1.026930499880109
R1166E;-0.339859349;-1.6314918887219392
R1166G;-0.046220194000000006;-3.97485787369078
R1166I;-0.242281442;-4.345776927861151
R1166K;-2.281936165;-1.113210980722215
R1166M;-0.921947954;-4.729578861675692
R1166N;-0.8074648990000001;-3.445232059515547
R1166Q;-0.035503884;-1.3397609416279008
R1166S;0.127871444;-2.02830086852191
R1166T;0.394536252;-3.3688081112341024
R1166W;-0.921332864;-6.8010906826821165
