# Data from Araya, C. L.; Fowler, D. M.; Chen, W.; Muniez, I.; Kelly, J. W.; Fields, S. A Fundamental Protein Property, Thermodynamic Stability, Revealed Solely from Large-Scale Measurements of Protein Function. Proc. Natl. Acad. Sci. U.S.A. 2012, 109, 16858-16863.
# y represents the experimental measure "linear"
# dE is the difference in statistical energy between the variant and the wild type (EVmutation)
variant;y;dE
L173F;0.5812688893729999;-5.116582653485239
L173H;0.26881213484600003;-8.57024057279341
L173M;1.0844446197700002;-4.047178406970488
L173Q;0.227748626268;-8.4424113095738
L173P;0.271741785352;-6.236343433847652
L173R;0.16580402714;-9.586324163752579
L173T;0.207538414611;-7.209628693759441
L173W;0.242428954569;-7.938327156705783
L173V;0.567276851517;-6.488700570072979
P174A;0.398852738954;-5.582910232944415
P174G;0.827341338204;-6.1535157058388
P174L;0.327942051675;-5.559888830408454
P174Q;0.422146168809;-7.270945514464984
P174S;0.323615345497;-5.041269749403
P174R;0.241634364901;-6.266885414719582
P174T;0.366025410687;-7.939704146236181
P174V;0.210093649268;-7.0098869232751895
A175C;0.567995704653;-3.8726037284359336
A175E;0.515129895374;-0.2177629247307777
A175D;0.7604143264100001;-0.7188527900725603
A175G;0.814554799972;-4.1219032388180485
A175F;0.964681088979;-2.3747467404464255
A175I;0.910499307433;-3.4569078518543392
A175H;0.8271766021610001;-2.200425774790346
A175L;1.51672534357;-0.8831613287038635
A175N;0.894393810781;-2.8404533232096583
A175Q;0.988666084311;-1.5211258609779181
A175P;1.04499754779;0.3944598790258169
A175S;0.989783576162;-1.1197740426287055
A175R;1.06149066246;-2.7382942587137222
A175T;1.14230855698;-0.8763737818226218
A175V;0.965049013684;-1.7525272481143477
A175Y;1.04288066349;-1.8727445993572476
G176A;0.305118116797;-4.438523321063258
G176C;0.486401264283;-7.331102545373143
G176D;0.251223000385;-4.0594958961592065
G176F;0.7521340894670001;-5.024772037751973
G176H;0.527199829423;-4.8799461484886715
G176N;0.448460272596;-3.23111759359017
G176P;0.309664436755;-4.799308555200696
G176S;0.348624145927;-4.283070811536163
G176R;0.556189368237;-6.048480299767108
G176T;0.0248315978937;-7.306259652134031
G176V;0.07772440918580001;-7.408961098175496
W177C;0.07629664523310001;-5.467259236378594
W177G;0.092662767196;-9.208677847622312
W177F;0.487386029052;-5.566240225918591
W177L;0.111221238766;-6.50464098341763
W177S;0.104129986619;-8.321756990160793
W177R;0.192193378589;-7.166400074958801
W177Y;0.495675399591;-3.917355659417808
E178A;1.31798145246;-3.785702704219148
E178D;1.23393424661;-3.0357554147485644
E178G;2.09931931343;-4.5423044671770185
E178H;0.25419813391;-5.371953792637213
E178K;0.371603412463;-4.916868494590744
E178N;0.615290012747;-5.651899902150035
E178Q;1.0521934867799998;-2.11405915254727
E178S;1.06371433349;-2.9536953151691705
E178T;0.899467910586;-3.6963780595397115
E178V;0.18760078523;-5.7072228111792365
M179A;0.904025471876;-3.8880785785149774
M179E;2.20709448836;-2.3647878805641085
M179G;0.98194512075;-7.0220900549320495
M179F;0.358852909454;-6.7056145479436955
M179I;0.664678426921;-2.5229885784792714
M179K;1.10256014596;-4.496277525322512
M179L;0.7223828628710001;-3.5026535249780864
M179Q;1.37268041065;-3.227081381948665
M179S;1.2430326123200002;-3.789983335649594
M179R;0.8383880386939999;-3.584656025050208
M179T;0.85117358448;-4.937316296854989
M179W;0.568995407249;-5.711334149353206
M179V;0.891775798513;-2.5012804919388145
A180D;0.331963069068;-5.09466448466992
A180G;0.475167641711;-2.8984950519516133
A180I;0.113718613527;-2.7971713626175188
A180P;0.0581521640283;-10.050671619959758
A180S;0.833029461831;-3.456051084154751
A180R;2.04090808075;-0.4728833319968544
A180T;0.449490741876;-2.7756990142588616
A180V;0.103345078042;-2.8139038960798644
K181A;0.680225047058;-3.686248005367816
K181E;0.8217175736319999;-3.210701606236398
K181D;0.5296222913549999;-5.47376998141408
K181I;0.636698809656;0.495042341761291
K181H;0.97029887276;-1.251006618142128
K181M;0.732561297429;-1.036606011912227
K181L;0.911169915145;0.8150738780386746
K181N;0.6881563806290001;-2.0396196348592643
K181Q;0.8230658022570001;-1.1622562995180488
K181P;0.0612673414477;-5.2744919741526255
K181S;0.917196171624;-1.9199245818890631
K181R;0.899820340335;0.5432537295855582
K181T;0.790703300336;0.3832941942964681
K181V;0.331431806994;0.5548954531550407
K181Y;0.551845251455;0.610213341191411
T182A;0.658983784346;-2.7066441960632797
T182I;0.428832972751;-6.161062547471374
T182H;0.0849557661452;-4.811674022115766
T182M;0.705413422753;-4.522208250360563
T182L;0.470943215271;-5.51271698391065
T182N;0.388788005765;-3.0364693510346115
T182P;0.0873876741454;-6.9140122989192605
T182S;0.492115260963;-2.6666386621072893
T182V;0.528226934942;-4.951757851755247
T182Y;0.867289275853;-6.968089882750063
S183A;1.48600456141;0.16789346933364868
S183C;0.278901439612;-5.339149912819266
S183E;0.7253496241399999;0.6522598811425269
S183D;0.454053545575;-1.3752271672710776
S183G;1.10419775362;-3.7108533470891416
S183F;0.814794351174;-3.6831884421408176
S183I;1.1921796104;-3.5314894691109657
S183H;1.41606498684;-2.8466216269880533
S183K;1.88850224729;-1.5500354066025466
S183M;0.716990980721;-4.285899841022911
S183L;0.692028367607;-2.5880323501769453
S183N;1.09048571856;-1.811342503875494
S183Q;1.74301995182;-1.2531009479425848
S183P;0.727134571619;0.6318473159335554
S183R;1.49171077959;-2.0306409291224554
S183T;1.09895633862;-1.9023521021008487
S183W;1.1994684905500002;-6.241196449846028
S183V;1.01061448841;-2.0483537795953453
S183Y;0.917574195547;-4.230662360771022
S184A;1.07788872254;-1.81713713798672
S184C;0.468705007967;-3.649504578206688
S184D;0.920779030031;0.9913105820305644
S184G;1.22484688058;-1.0894118424621408
S184F;1.10306622635;-3.1319660115987062
S184I;0.8417349389040001;-3.1020610600244254
S184H;0.462754974965;-2.8937453280668706
S184L;0.8023355384190001;-3.0241602072492237
S184P;0.194398278902;-2.956836893223226
S184R;1.3068618846100002;-1.466971816495061
S184T;0.964898962706;0.040096543030813336
S184W;1.0837820715200002;-5.658324196119793
S184V;0.941664386727;-4.089881447143854
S184Y;1.51522704528;-3.261987440753728
G185A;0.295663184799;-5.166249752044678
G185C;0.378104551354;-6.32922646868974
G185D;0.421022369828;-4.379659035243094
G185M;0.450016241674;-8.285131795331836
G185L;0.300054363;-6.511912808695342
G185N;0.513955424392;-4.781645245850086
G185S;0.355720578247;-5.412490553222597
G185R;0.473883115048;-6.055342521518469
G185W;0.179195429644;-9.122247165534644
G185V;0.0409702979219;-7.920487747294827
Q186A;1.3435538245899998;-3.274448587442748
Q186E;0.67364294831;-2.141746685374528
Q186D;0.749241882579;-3.2796689248643816
Q186G;0.672532943276;-6.118844672106206
Q186H;0.970355773859;-5.186264549847691
Q186M;0.51258075942;-5.6876764483749875
Q186L;0.538741653457;-4.0690024248324335
Q186N;0.298445200378;-4.462093660840765
Q186P;0.122876929715;-6.635131002403796
Q186S;0.7989117144;-4.010156473144889
Q186R;1.27277362716;-1.719778232742101
Q186T;0.234903551745;-4.141265915706754
Q186W;1.3531305517200003;-4.481529491022228
Q186V;0.285005894137;-3.7315264167264095
Q186Y;2.20345839921;-5.9800341207301235
R187A;0.935915055828;-2.6395746315829456
R187C;0.552779669123;-4.0343284744303665
R187D;0.668930366942;-2.722020985092968
R187G;0.33246005642;-6.319498311728238
R187F;0.915717719748;-3.3458881522528827
R187I;1.6832434385799997;-1.3716223863884809
R187H;0.986778535078;-4.137538560316898
R187L;1.02052956631;-1.5196254224283618
R187N;1.4985339723;-3.455844364594668
R187Q;0.6333043132739999;-4.023458280367777
R187P;1.37224563598;-0.5568305384367704
R187S;0.8908866486589999;-1.9370911242440343
R187T;1.32468388016;-1.537218157900497
R187W;0.824844876346;-5.421042250469327
R187V;0.992885271352;-0.19431788614019752
R187Y;0.867007092161;-4.001497052842752
Y188H;0.090963721673;-6.7502364637330174
Y188D;0.0574485381443;-9.549684050609358
Y188F;0.153582606705;-2.981333697214722
F189A;0.227098951797;-11.550366002724333
F189I;0.058359536713;-7.387717368954327
F189H;0.18012749833900002;-8.0112776629976
F189T;0.079562905451;-11.550366002724333
F189V;0.0623447095008;-8.952156924468
F189Y;1.1339359528;-1.2211503770959098
L190I;1.16555739379;-0.4518999438732863
L190K;2.70289930429;-4.8211004082113496
L190M;0.7407733083499999;-3.057914847973734
L190Q;0.33010333101;-5.2270399739500135
L190P;0.109454749401;-10.730409761890767
L190R;0.640307928412;-4.812135132495313
L190T;0.244875204184;-4.561360839288682
L190V;0.72319921443;-2.168072123080492
N191C;0.218036908438;-3.934492054628208
N191D;0.354226797129;-2.8441420008894056
N191H;0.191104856479;-3.3518717039842163
N191K;0.176948307684;-3.282781830057502
N191S;0.566387259151;-1.2078641048865393
N191R;0.11335873914;-5.251101357862353
N191T;0.0808715988641;-4.4381797349778935
N191Y;0.118332682702;-6.065142853185535
H192I;0.19232533092300005;-7.110748225124552
H192P;0.0341906829138;-6.741199191659689
H192C;0.17224415102899998;-7.718472224427388
H192R;0.06060701747269999;-4.8995195153402165
I193A;0.6928817051989999;0.3572728559374809
I193C;0.841481037369;-3.0943731645820662
I193G;0.899012510302;-1.3003350663930178
I193F;0.6938202758480001;-0.05229165963828564
I193H;1.0793201094299998;-1.3021525284275413
I193K;1.49486845253;0.1943708504550159
I193M;0.975948533926;-1.258923894492909
I193L;0.961379720077;0.591835462488234
I193N;1.33377755017;2.1274006357416506
I193P;0.282884240311;-2.7820325568318367
I193S;0.761419679995;0.4517081896774471
I193R;0.997695250022;-0.051837567705661065
I193T;0.98358914832;-0.09100162610411644
I193V;0.735393737693;0.2457720930688083
I193Y;1.02929225105;-1.492967943660915
D194A;1.80230301431;-0.8449435546062887
D194C;1.85362102221;-4.73137580929324
D194E;1.31620144507;-1.608081610640511
D194G;1.2372914330299998;-3.6258214699337263
D194F;1.13857599623;-4.901043077465147
D194I;1.1659431208600002;-4.528632919769733
D194H;1.46018734568;-4.556868479121476
D194K;2.4306569014700004;-2.032502047950402
D194L;1.19883609512;-1.5262329136021435
D194N;1.71722301277;-0.7728669322095811
D194Q;1.94244782107;-1.7552742725238204
D194P;0.16607765049599998;-4.994202454981861
D194S;1.6176974971;-1.0649523898027835
D194R;3.15929161776;-3.1054785256274045
D194T;1.09535668043;0.013945334125310184
D194W;1.4738704643;-6.216450545878615
D194V;1.03189198256;-4.198247050866485
D194Y;1.04207519718;-5.023999872384593
Q195E;0.210800198413;-1.9959730254486203
Q195G;0.162256176158;-0.35037719551473856
Q195H;0.574979613073;-0.1621759517583996
Q195K;2.11877854885;2.072038688696921
Q195M;0.393983322851;-3.342759310035035
Q195L;0.173372414061;-3.0877597050275654
Q195P;0.0931985323753;-4.546185125596821
Q195R;2.28092261564;0.7539065885357559
Q195Y;0.275175639128;-5.487335501704365
T196A;0.5577885908829999;-4.74384484696202
T196C;0.777117387366;-5.265414579771459
T196D;0.117797109231;-5.632625774946064
T196F;1.02407729676;-4.9839930227026334
T196I;0.676608256583;-3.4750930412556045
T196H;0.340780685941;-5.731269656098447
T196K;0.692250842721;-3.7975998758338387
T196M;0.7679855573090001;-5.81842625932768
T196L;0.8998275842039999;-4.1735911848954865
T196N;0.662036963218;-5.705899122403934
T196P;0.188857145914;-8.401270466158168
T196S;0.7603993572519999;-0.8168047773651779
T196R;1.26157250524;-2.7763224211521447
T197S;0.481269322599;-3.881032560020685
T197R;0.0922898063913;-4.349777557537891
T197N;0.0837202057235;-4.803469397127627
T198A;0.457146955461;-4.033260113094002
T198E;0.327952431398;-7.5497053330764174
T198G;0.383447447271;-6.601040720008314
T198K;0.165330597626;-6.229233363177628
T198M;0.20346955105;-6.015303883701563
T198N;0.380181572122;-6.11075320513919
T198Q;1.43675998803;-2.4193530946504325
T198P;0.207137977921;-8.495342309121042
T198S;0.6889133484909999;-1.1095020622015
T198R;0.439849736217;-4.660653418628499
T198W;0.533358649756;-7.7785783861763775
Q200A;0.947362798426;-3.6317123495973647
Q200E;0.454173481904;0.515752587467432
Q200D;0.6555636386029999;0.22322434931993484
Q200G;0.896375771918;-3.632069399114698
Q200H;1.39786096273;0.11143313068896532
Q200K;0.563799528913;-1.2976256124675274
Q200M;0.732776083557;-3.745131002739072
Q200L;0.540865250735;-1.671327874995768
Q200N;1.26860522291;-1.3650285452604294
Q200P;0.0433275392073;-7.482867349841398
Q200S;0.795291869251;-1.4959235119167715
Q200R;1.3680451717;-4.45838162349537
Q200T;0.6938325412080001;-0.38332971557974815
Q200W;0.924825944045;-5.571992296056124
Q200Y;0.896513948814;-2.46705015283078
D201A;0.704252763519;-5.584598234388976
D201E;0.254635297766;-7.870840667746961
D201G;0.350207229723;-9.913223740644751
D201I;0.33705645088;-6.605759236495942
D201H;0.6983961883319999;-4.22028486803174
D201K;0.7608260850130001;-6.261901196092367
D201N;0.5382918521760001;-5.362967595458032
D201Q;0.385890772044;-7.2091103272978225
D201P;0.499124673578;-5.0552095280145295
D201S;0.534497321925;-9.056903440505266
D201T;0.386769319122;-8.160438386723401
D201V;0.638813939663;-7.541982437483966
D201Y;0.617182283393;-8.180392281268723
P202A;0.0557903814928;-11.718784787488403
P202H;0.0868607701835;-7.753096492961049
P202Q;0.06904813290860001;-11.202605038415642
P202S;0.0419084437226;-8.323644212912768
P202R;0.240944946035;-9.628047434031034
P202W;0.0674981507554;-11.718784787488403
